Schema Content,Query1 Content,Query2 Content,Equal,Extra Fields
"type Aircraft {
  aircraft: String!
  aircraft_id: Int!
  airport_aircraft: [Airport_aircraft]
  description: String!
  match: [Match]
  max_disk_loading: String!
  max_gross_weight: String!
  total_disk_area: String!
}
type Airport {
  aircraft_movements: Float
  airport_aircraft: [Airport_aircraft]
  airport_id: Int!
  airport_name: String
  domestic_passengers: Float
  freight_metric_tonnes: Float
  international_passengers: Float
  percent_change_2007: String
  total_passengers: Float
  transit_passengers: Float
}
type Airport_aircraft {
  aircraft: Aircraft
  aircraft_id: Int!
  airport: Airport
  airport_id: Int!
  id: Int
}
type Match {
  aircraft: Aircraft
  country: String
  date: String
  fastest_qualifying: String
  location: String
  pilot: Pilot
  round: Float!
  winning_aircraft: Int
  winning_pilot: Int
}
type Pilot {
  age: Int!
  match: [Match]
  name: String!
  pilot_id: Int!
}
input StringFilter {
  eq: String
  like: String
}
input FloatFilter {
  eq: Float
  gt: Float
  lt: Float
}
input IntFilter {
  eq: Int
  ne: Int
  gt: Int
  lt: Int
}
input MatchFilter {
  country: StringFilter
}
type Query {
  aircraft(aircraft_id: Int!): Aircraft
  aircraftList: [Aircraft]
  aircraftPaginatedList(first: Int, after: Int): [Aircraft]
  aircraftUsingAirport_aircraft_aircraft_id_fkey(aircraft_id: Int!): Aircraft
  aircraftUsingMatch_winning_aircraft_fkey(winning_aircraft: Int!): Aircraft
  airport(airport_id: Int!): Airport
  airportList: [Airport]
  airportPaginatedList(first: Int, after: Int): [Airport]
  airportUsingAirport_aircraft_airport_id_fkey(airport_id: Int!): Airport
  airport_aircraft(airport_id: Int!, aircraft_id: Int!): Airport_aircraft
  airport_aircraftList: [Airport_aircraft]
  airport_aircraftPaginatedList(first: Int, after: Int): [Airport_aircraft]
  airport_aircraftUsingAirport_aircraft_aircraft_id_fkey(
    aircraft_id: Int!
  ): [Airport_aircraft]
  airport_aircraftUsingAirport_aircraft_airport_id_fkey(
    airport_id: Int!
  ): [Airport_aircraft]
  match(round: Float!): Match
  matchList: [Match]
  matchFilterList(filter: MatchFilter): [Match]
  matchUsingMatch_winning_aircraft_fkey(aircraft_id: Int!): [Match]
  matchUsingMatch_winning_pilot_fkey(pilot_id: Int!): [Match]
  pilot(pilot_id: Int!): Pilot
  pilotList: [Pilot]
  pilotPaginatedList(first: Int, after: Int): [Pilot]
  pilotUsingMatch_winning_pilot_fkey(winning_pilot: Int!): Pilot
}","query {
  airport_aircraftList {
    aircraft_id
    airport_id
    airport {
      airport_name
    }
  }
}","query {
  airport_aircraftList {
    airport_id
    aircraft_id
    airport {
      airport_name
    }
  }
}",Equal,N/A
"type Aircraft {
  aircraft: String!
  aircraft_id: Int!
  airport_aircraft: [Airport_aircraft]
  description: String!
  match: [Match]
  max_disk_loading: String!
  max_gross_weight: String!
  total_disk_area: String!
}
type Airport {
  aircraft_movements: Float
  airport_aircraft: [Airport_aircraft]
  airport_id: Int!
  airport_name: String
  domestic_passengers: Float
  freight_metric_tonnes: Float
  international_passengers: Float
  percent_change_2007: String
  total_passengers: Float
  transit_passengers: Float
}
type Airport_aircraft {
  aircraft: Aircraft
  aircraft_id: Int!
  airport: Airport
  airport_id: Int!
  id: Int
}
type Match {
  aircraft: Aircraft
  country: String
  date: String
  fastest_qualifying: String
  location: String
  pilot: Pilot
  round: Float!
  winning_aircraft: Int
  winning_pilot: Int
}
type Pilot {
  age: Int!
  match: [Match]
  name: String!
  pilot_id: Int!
}
input StringFilter {
  eq: String
  like: String
}
input FloatFilter {
  eq: Float
  gt: Float
  lt: Float
}
input IntFilter {
  eq: Int
  ne: Int
  gt: Int
  lt: Int
}
input MatchFilter {
  country: StringFilter
}
type Query {
  aircraft(aircraft_id: Int!): Aircraft
  aircraftList: [Aircraft]
  aircraftPaginatedList(first: Int, after: Int): [Aircraft]
  aircraftUsingAirport_aircraft_aircraft_id_fkey(aircraft_id: Int!): Aircraft
  aircraftUsingMatch_winning_aircraft_fkey(winning_aircraft: Int!): Aircraft
  airport(airport_id: Int!): Airport
  airportList: [Airport]
  airportPaginatedList(first: Int, after: Int): [Airport]
  airportUsingAirport_aircraft_airport_id_fkey(airport_id: Int!): Airport
  airport_aircraft(airport_id: Int!, aircraft_id: Int!): Airport_aircraft
  airport_aircraftList: [Airport_aircraft]
  airport_aircraftPaginatedList(first: Int, after: Int): [Airport_aircraft]
  airport_aircraftUsingAirport_aircraft_aircraft_id_fkey(
    aircraft_id: Int!
  ): [Airport_aircraft]
  airport_aircraftUsingAirport_aircraft_airport_id_fkey(
    airport_id: Int!
  ): [Airport_aircraft]
  match(round: Float!): Match
  matchList: [Match]
  matchFilterList(filter: MatchFilter): [Match]
  matchUsingMatch_winning_aircraft_fkey(aircraft_id: Int!): [Match]
  matchUsingMatch_winning_pilot_fkey(pilot_id: Int!): [Match]
  pilot(pilot_id: Int!): Pilot
  pilotList: [Pilot]
  pilotPaginatedList(first: Int, after: Int): [Pilot]
  pilotUsingMatch_winning_pilot_fkey(winning_pilot: Int!): Pilot
}","query {
  airport_aircraftList {
    aircraft_id
    airport_id
    airport {
      airport_name
    }
  }
}","query {
  airport_aircraftList {
    airport_id
    aircraft_id
    airport {
      airport_name
    }
  }
}",Equal,N/A
"type Aircraft {
  aircraft: String!
  aircraft_id: Int!
  airport_aircraft: [Airport_aircraft]
  description: String!
  match: [Match]
  max_disk_loading: String!
  max_gross_weight: String!
  total_disk_area: String!
}
type Airport {
  aircraft_movements: Float
  airport_aircraft: [Airport_aircraft]
  airport_id: Int!
  airport_name: String
  domestic_passengers: Float
  freight_metric_tonnes: Float
  international_passengers: Float
  percent_change_2007: String
  total_passengers: Float
  transit_passengers: Float
}
type Airport_aircraft {
  aircraft: Aircraft
  aircraft_id: Int!
  airport: Airport
  airport_id: Int!
  id: Int
}
type Match {
  aircraft: Aircraft
  country: String
  date: String
  fastest_qualifying: String
  location: String
  pilot: Pilot
  round: Float!
  winning_aircraft: Int
  winning_pilot: Int
}
type Pilot {
  age: Int!
  match: [Match]
  name: String!
  pilot_id: Int!
}
input StringFilter {
  eq: String
  like: String
}
input FloatFilter {
  eq: Float
  gt: Float
  lt: Float
}
input IntFilter {
  eq: Int
  ne: Int
  gt: Int
  lt: Int
}
input MatchFilter {
  country: StringFilter
}
type Query {
  aircraft(aircraft_id: Int!): Aircraft
  aircraftList: [Aircraft]
  aircraftPaginatedList(first: Int, after: Int): [Aircraft]
  aircraftUsingAirport_aircraft_aircraft_id_fkey(aircraft_id: Int!): Aircraft
  aircraftUsingMatch_winning_aircraft_fkey(winning_aircraft: Int!): Aircraft
  airport(airport_id: Int!): Airport
  airportList: [Airport]
  airportPaginatedList(first: Int, after: Int): [Airport]
  airportUsingAirport_aircraft_airport_id_fkey(airport_id: Int!): Airport
  airport_aircraft(airport_id: Int!, aircraft_id: Int!): Airport_aircraft
  airport_aircraftList: [Airport_aircraft]
  airport_aircraftPaginatedList(first: Int, after: Int): [Airport_aircraft]
  airport_aircraftUsingAirport_aircraft_aircraft_id_fkey(
    aircraft_id: Int!
  ): [Airport_aircraft]
  airport_aircraftUsingAirport_aircraft_airport_id_fkey(
    airport_id: Int!
  ): [Airport_aircraft]
  match(round: Float!): Match
  matchList: [Match]
  matchFilterList(filter: MatchFilter): [Match]
  matchUsingMatch_winning_aircraft_fkey(aircraft_id: Int!): [Match]
  matchUsingMatch_winning_pilot_fkey(pilot_id: Int!): [Match]
  pilot(pilot_id: Int!): Pilot
  pilotList: [Pilot]
  pilotPaginatedList(first: Int, after: Int): [Pilot]
  pilotUsingMatch_winning_pilot_fkey(winning_pilot: Int!): Pilot
}","query {
  airport_aircraftList {
    airport_id
    airport {
      airport_name
    }
  }
}","query {
  airportList {
    airport_id
    airport_name
  }
}",Unequal,N/A
"type Aircraft {
  aircraft: String!
  aircraft_id: Int!
  airport_aircraft: [Airport_aircraft]
  description: String!
  match: [Match]
  max_disk_loading: String!
  max_gross_weight: String!
  total_disk_area: String!
}
type Airport {
  aircraft_movements: Float
  airport_aircraft: [Airport_aircraft]
  airport_id: Int!
  airport_name: String
  domestic_passengers: Float
  freight_metric_tonnes: Float
  international_passengers: Float
  percent_change_2007: String
  total_passengers: Float
  transit_passengers: Float
}
type Airport_aircraft {
  aircraft: Aircraft
  aircraft_id: Int!
  airport: Airport
  airport_id: Int!
  id: Int
}
type Match {
  aircraft: Aircraft
  country: String
  date: String
  fastest_qualifying: String
  location: String
  pilot: Pilot
  round: Float!
  winning_aircraft: Int
  winning_pilot: Int
}
type Pilot {
  age: Int!
  match: [Match]
  name: String!
  pilot_id: Int!
}
input StringFilter {
  eq: String
  like: String
}
input FloatFilter {
  eq: Float
  gt: Float
  lt: Float
}
input IntFilter {
  eq: Int
  ne: Int
  gt: Int
  lt: Int
}
input MatchFilter {
  country: StringFilter
}
type Query {
  aircraft(aircraft_id: Int!): Aircraft
  aircraftList: [Aircraft]
  aircraftPaginatedList(first: Int, after: Int): [Aircraft]
  aircraftUsingAirport_aircraft_aircraft_id_fkey(aircraft_id: Int!): Aircraft
  aircraftUsingMatch_winning_aircraft_fkey(winning_aircraft: Int!): Aircraft
  airport(airport_id: Int!): Airport
  airportList: [Airport]
  airportPaginatedList(first: Int, after: Int): [Airport]
  airportUsingAirport_aircraft_airport_id_fkey(airport_id: Int!): Airport
  airport_aircraft(airport_id: Int!, aircraft_id: Int!): Airport_aircraft
  airport_aircraftList: [Airport_aircraft]
  airport_aircraftPaginatedList(first: Int, after: Int): [Airport_aircraft]
  airport_aircraftUsingAirport_aircraft_aircraft_id_fkey(
    aircraft_id: Int!
  ): [Airport_aircraft]
  airport_aircraftUsingAirport_aircraft_airport_id_fkey(
    airport_id: Int!
  ): [Airport_aircraft]
  match(round: Float!): Match
  matchList: [Match]
  matchFilterList(filter: MatchFilter): [Match]
  matchUsingMatch_winning_aircraft_fkey(aircraft_id: Int!): [Match]
  matchUsingMatch_winning_pilot_fkey(pilot_id: Int!): [Match]
  pilot(pilot_id: Int!): Pilot
  pilotList: [Pilot]
  pilotPaginatedList(first: Int, after: Int): [Pilot]
  pilotUsingMatch_winning_pilot_fkey(winning_pilot: Int!): Pilot
}","query {
  airport_aircraftList {
    airport_id
    airport {
      airport_name
    }
  }
}","query {
  airportList {
    airport_id
    airport_name
  }
}",Unequal,N/A
"type Course {
  course: String
  course_arrange: [Course_arrange]
  course_id: Int!
  staring_date: String
}
type Course_arrange {
  course: Course
  course_id: Int!
  grade: Int!
  teacher: Teacher
  teacher_id: Int!
}
type Teacher {
  age: String
  course_arrange: [Course_arrange]
  hometown: String
  name: String
  teacher_id: Int!
}
input StringFilter {
  eq: String
  like: String
}
input CourseFilter {
  course: StringFilter
}
type Query {
  course(course_id: Int!): Course
  courseList: [Course]
  courseFilterList(filter: CourseFilter): [Course]
  coursePaginatedList(first: Int, after: Int): [Course]
  courseUsingCourse_arrange_course_id_fkey(course_id: Int!): Course
  course_arrange(
    course_id: Int!
    teacher_id: Int!
    grade: Int!
  ): Course_arrange
  course_arrangeList: [Course_arrange]
  course_arrangePaginatedList(first: Int, after: Int): [Course_arrange]
  course_arrangeUsingCourse_arrange_course_id_fkey(
    course_id: Int!
  ): [Course_arrange]
  course_arrangeUsingCourse_arrange_teacher_id_fkey(
    teacher_id: Int!
  ): [Course_arrange]
  teacher(teacher_id: Int!): Teacher
  teacherList: [Teacher]
  teacherPaginatedList(first: Int, after: Int): [Teacher]
  teacherUsingCourse_arrange_teacher_id_fkey(teacher_id: Int!): Teacher
}","query  {
  teacherList {
    teacher_id
  }
}","query {
  teacherList {
    teacher_id
  }
}",Equal,N/A
"type Course {
  course: String
  course_arrange: [Course_arrange]
  course_id: Int!
  staring_date: String
}
type Course_arrange {
  course: Course
  course_id: Int!
  grade: Int!
  teacher: Teacher
  teacher_id: Int!
}
type Teacher {
  age: String
  course_arrange: [Course_arrange]
  hometown: String
  name: String
  teacher_id: Int!
}
input StringFilter {
  eq: String
  like: String
}
input CourseFilter {
  course: StringFilter
}
type Query {
  course(course_id: Int!): Course
  courseList: [Course]
  courseFilterList(filter: CourseFilter): [Course]
  coursePaginatedList(first: Int, after: Int): [Course]
  courseUsingCourse_arrange_course_id_fkey(course_id: Int!): Course
  course_arrange(
    course_id: Int!
    teacher_id: Int!
    grade: Int!
  ): Course_arrange
  course_arrangeList: [Course_arrange]
  course_arrangePaginatedList(first: Int, after: Int): [Course_arrange]
  course_arrangeUsingCourse_arrange_course_id_fkey(
    course_id: Int!
  ): [Course_arrange]
  course_arrangeUsingCourse_arrange_teacher_id_fkey(
    teacher_id: Int!
  ): [Course_arrange]
  teacher(teacher_id: Int!): Teacher
  teacherList: [Teacher]
  teacherPaginatedList(first: Int, after: Int): [Teacher]
  teacherUsingCourse_arrange_teacher_id_fkey(teacher_id: Int!): Teacher
}","query  {
  teacherList {
    name
    teacher_id
  }
}","query {
  teacherList {
    name
    teacher_id
  }
}",Equal,N/A
"type Course {
  course: String
  course_arrange: [Course_arrange]
  course_id: Int!
  staring_date: String
}
type Course_arrange {
  course: Course
  course_id: Int!
  grade: Int!
  teacher: Teacher
  teacher_id: Int!
}
type Teacher {
  age: String
  course_arrange: [Course_arrange]
  hometown: String
  name: String
  teacher_id: Int!
}
input StringFilter {
  eq: String
  like: String
}
input CourseFilter {
  course: StringFilter
}
type Query {
  course(course_id: Int!): Course
  courseList: [Course]
  courseFilterList(filter: CourseFilter): [Course]
  coursePaginatedList(first: Int, after: Int): [Course]
  courseUsingCourse_arrange_course_id_fkey(course_id: Int!): Course
  course_arrange(
    course_id: Int!
    teacher_id: Int!
    grade: Int!
  ): Course_arrange
  course_arrangeList: [Course_arrange]
  course_arrangePaginatedList(first: Int, after: Int): [Course_arrange]
  course_arrangeUsingCourse_arrange_course_id_fkey(
    course_id: Int!
  ): [Course_arrange]
  course_arrangeUsingCourse_arrange_teacher_id_fkey(
    teacher_id: Int!
  ): [Course_arrange]
  teacher(teacher_id: Int!): Teacher
  teacherList: [Teacher]
  teacherPaginatedList(first: Int, after: Int): [Teacher]
  teacherUsingCourse_arrange_teacher_id_fkey(teacher_id: Int!): Teacher
}","query  {
  teacherList {
    name
    teacher_id
  }
}","query {
  teacherList {
    name
    teacher_id
  }
}",Equal,N/A
"type Course {
  course: String
  course_arrange: [Course_arrange]
  course_id: Int!
  staring_date: String
}
type Course_arrange {
  course: Course
  course_id: Int!
  grade: Int!
  teacher: Teacher
  teacher_id: Int!
}
type Teacher {
  age: String
  course_arrange: [Course_arrange]
  hometown: String
  name: String
  teacher_id: Int!
}
input StringFilter {
  eq: String
  like: String
}
input CourseFilter {
  course: StringFilter
}
type Query {
  course(course_id: Int!): Course
  courseList: [Course]
  courseFilterList(filter: CourseFilter): [Course]
  coursePaginatedList(first: Int, after: Int): [Course]
  courseUsingCourse_arrange_course_id_fkey(course_id: Int!): Course
  course_arrange(
    course_id: Int!
    teacher_id: Int!
    grade: Int!
  ): Course_arrange
  course_arrangeList: [Course_arrange]
  course_arrangePaginatedList(first: Int, after: Int): [Course_arrange]
  course_arrangeUsingCourse_arrange_course_id_fkey(
    course_id: Int!
  ): [Course_arrange]
  course_arrangeUsingCourse_arrange_teacher_id_fkey(
    teacher_id: Int!
  ): [Course_arrange]
  teacher(teacher_id: Int!): Teacher
  teacherList: [Teacher]
  teacherPaginatedList(first: Int, after: Int): [Teacher]
  teacherUsingCourse_arrange_teacher_id_fkey(teacher_id: Int!): Teacher
}","query  {
  teacherList {
    name
    teacher_id
  }
}","query {
  teacherList {
    name
    teacher_id
  }
}",Equal,N/A
"type Course {
  course: String
  course_arrange: [Course_arrange]
  course_id: Int!
  staring_date: String
}
type Course_arrange {
  course: Course
  course_id: Int!
  grade: Int!
  teacher: Teacher
  teacher_id: Int!
}
type Teacher {
  age: String
  course_arrange: [Course_arrange]
  hometown: String
  name: String
  teacher_id: Int!
}
input StringFilter {
  eq: String
  like: String
}
input CourseFilter {
  course: StringFilter
}
type Query {
  course(course_id: Int!): Course
  courseList: [Course]
  courseFilterList(filter: CourseFilter): [Course]
  coursePaginatedList(first: Int, after: Int): [Course]
  courseUsingCourse_arrange_course_id_fkey(course_id: Int!): Course
  course_arrange(
    course_id: Int!
    teacher_id: Int!
    grade: Int!
  ): Course_arrange
  course_arrangeList: [Course_arrange]
  course_arrangePaginatedList(first: Int, after: Int): [Course_arrange]
  course_arrangeUsingCourse_arrange_course_id_fkey(
    course_id: Int!
  ): [Course_arrange]
  course_arrangeUsingCourse_arrange_teacher_id_fkey(
    teacher_id: Int!
  ): [Course_arrange]
  teacher(teacher_id: Int!): Teacher
  teacherList: [Teacher]
  teacherPaginatedList(first: Int, after: Int): [Teacher]
  teacherUsingCourse_arrange_teacher_id_fkey(teacher_id: Int!): Teacher
}","query  {
  teacherList {
    name
    teacher_id
  }
}","query {
  teacherList {
    name
    teacher_id
  }
}",Equal,N/A
"type Course {
  course: String
  course_arrange: [Course_arrange]
  course_id: Int!
  staring_date: String
}
type Course_arrange {
  course: Course
  course_id: Int!
  grade: Int!
  teacher: Teacher
  teacher_id: Int!
}
type Teacher {
  age: String
  course_arrange: [Course_arrange]
  hometown: String
  name: String
  teacher_id: Int!
}
input StringFilter {
  eq: String
  like: String
}
input CourseFilter {
  course: StringFilter
}
type Query {
  course(course_id: Int!): Course
  courseList: [Course]
  courseFilterList(filter: CourseFilter): [Course]
  coursePaginatedList(first: Int, after: Int): [Course]
  courseUsingCourse_arrange_course_id_fkey(course_id: Int!): Course
  course_arrange(
    course_id: Int!
    teacher_id: Int!
    grade: Int!
  ): Course_arrange
  course_arrangeList: [Course_arrange]
  course_arrangePaginatedList(first: Int, after: Int): [Course_arrange]
  course_arrangeUsingCourse_arrange_course_id_fkey(
    course_id: Int!
  ): [Course_arrange]
  course_arrangeUsingCourse_arrange_teacher_id_fkey(
    teacher_id: Int!
  ): [Course_arrange]
  teacher(teacher_id: Int!): Teacher
  teacherList: [Teacher]
  teacherPaginatedList(first: Int, after: Int): [Teacher]
  teacherUsingCourse_arrange_teacher_id_fkey(teacher_id: Int!): Teacher
}","query  {
  teacherList {
    name
    teacher_id
  }
}","query {
  teacherList {
    name
    teacher_id
  }
}",Equal,N/A
"type Course {
  course: String
  course_arrange: [Course_arrange]
  course_id: Int!
  staring_date: String
}
type Course_arrange {
  course: Course
  course_id: Int!
  grade: Int!
  teacher: Teacher
  teacher_id: Int!
}
type Teacher {
  age: String
  course_arrange: [Course_arrange]
  hometown: String
  name: String
  teacher_id: Int!
}
input StringFilter {
  eq: String
  like: String
}
input CourseFilter {
  course: StringFilter
}
type Query {
  course(course_id: Int!): Course
  courseList: [Course]
  courseFilterList(filter: CourseFilter): [Course]
  coursePaginatedList(first: Int, after: Int): [Course]
  courseUsingCourse_arrange_course_id_fkey(course_id: Int!): Course
  course_arrange(
    course_id: Int!
    teacher_id: Int!
    grade: Int!
  ): Course_arrange
  course_arrangeList: [Course_arrange]
  course_arrangePaginatedList(first: Int, after: Int): [Course_arrange]
  course_arrangeUsingCourse_arrange_course_id_fkey(
    course_id: Int!
  ): [Course_arrange]
  course_arrangeUsingCourse_arrange_teacher_id_fkey(
    teacher_id: Int!
  ): [Course_arrange]
  teacher(teacher_id: Int!): Teacher
  teacherList: [Teacher]
  teacherPaginatedList(first: Int, after: Int): [Teacher]
  teacherUsingCourse_arrange_teacher_id_fkey(teacher_id: Int!): Teacher
}","query  {
  teacherList {
    name
    teacher_id
  }
}","query {
  teacherList {
    name
    teacher_id
  }
}",Equal,N/A
"type Course {
  course: String
  course_arrange: [Course_arrange]
  course_id: Int!
  staring_date: String
}
type Course_arrange {
  course: Course
  course_id: Int!
  grade: Int!
  teacher: Teacher
  teacher_id: Int!
}
type Teacher {
  age: String
  course_arrange: [Course_arrange]
  hometown: String
  name: String
  teacher_id: Int!
}
input StringFilter {
  eq: String
  like: String
}
input CourseFilter {
  course: StringFilter
}
type Query {
  course(course_id: Int!): Course
  courseList: [Course]
  courseFilterList(filter: CourseFilter): [Course]
  coursePaginatedList(first: Int, after: Int): [Course]
  courseUsingCourse_arrange_course_id_fkey(course_id: Int!): Course
  course_arrange(
    course_id: Int!
    teacher_id: Int!
    grade: Int!
  ): Course_arrange
  course_arrangeList: [Course_arrange]
  course_arrangePaginatedList(first: Int, after: Int): [Course_arrange]
  course_arrangeUsingCourse_arrange_course_id_fkey(
    course_id: Int!
  ): [Course_arrange]
  course_arrangeUsingCourse_arrange_teacher_id_fkey(
    teacher_id: Int!
  ): [Course_arrange]
  teacher(teacher_id: Int!): Teacher
  teacherList: [Teacher]
  teacherPaginatedList(first: Int, after: Int): [Teacher]
  teacherUsingCourse_arrange_teacher_id_fkey(teacher_id: Int!): Teacher
}","query  {
  teacherList {
    name
    teacher_id
  }
}","query {
  teacherList {
    name
    teacher_id
  }
}",Equal,N/A
"type Course {
  course: String
  course_arrange: [Course_arrange]
  course_id: Int!
  staring_date: String
}
type Course_arrange {
  course: Course
  course_id: Int!
  grade: Int!
  teacher: Teacher
  teacher_id: Int!
}
type Teacher {
  age: String
  course_arrange: [Course_arrange]
  hometown: String
  name: String
  teacher_id: Int!
}
input StringFilter {
  eq: String
  like: String
}
input CourseFilter {
  course: StringFilter
}
type Query {
  course(course_id: Int!): Course
  courseList: [Course]
  courseFilterList(filter: CourseFilter): [Course]
  coursePaginatedList(first: Int, after: Int): [Course]
  courseUsingCourse_arrange_course_id_fkey(course_id: Int!): Course
  course_arrange(
    course_id: Int!
    teacher_id: Int!
    grade: Int!
  ): Course_arrange
  course_arrangeList: [Course_arrange]
  course_arrangePaginatedList(first: Int, after: Int): [Course_arrange]
  course_arrangeUsingCourse_arrange_course_id_fkey(
    course_id: Int!
  ): [Course_arrange]
  course_arrangeUsingCourse_arrange_teacher_id_fkey(
    teacher_id: Int!
  ): [Course_arrange]
  teacher(teacher_id: Int!): Teacher
  teacherList: [Teacher]
  teacherPaginatedList(first: Int, after: Int): [Teacher]
  teacherUsingCourse_arrange_teacher_id_fkey(teacher_id: Int!): Teacher
}","query  {
  teacherList {
    name
    teacher_id
  }
}","query {
  teacherList {
    name
    teacher_id
  }
}",Equal,N/A
"type Course {
  course: String
  course_arrange: [Course_arrange]
  course_id: Int!
  staring_date: String
}
type Course_arrange {
  course: Course
  course_id: Int!
  grade: Int!
  teacher: Teacher
  teacher_id: Int!
}
type Teacher {
  age: String
  course_arrange: [Course_arrange]
  hometown: String
  name: String
  teacher_id: Int!
}
input StringFilter {
  eq: String
  like: String
}
input CourseFilter {
  course: StringFilter
}
type Query {
  course(course_id: Int!): Course
  courseList: [Course]
  courseFilterList(filter: CourseFilter): [Course]
  coursePaginatedList(first: Int, after: Int): [Course]
  courseUsingCourse_arrange_course_id_fkey(course_id: Int!): Course
  course_arrange(
    course_id: Int!
    teacher_id: Int!
    grade: Int!
  ): Course_arrange
  course_arrangeList: [Course_arrange]
  course_arrangePaginatedList(first: Int, after: Int): [Course_arrange]
  course_arrangeUsingCourse_arrange_course_id_fkey(
    course_id: Int!
  ): [Course_arrange]
  course_arrangeUsingCourse_arrange_teacher_id_fkey(
    teacher_id: Int!
  ): [Course_arrange]
  teacher(teacher_id: Int!): Teacher
  teacherList: [Teacher]
  teacherPaginatedList(first: Int, after: Int): [Teacher]
  teacherUsingCourse_arrange_teacher_id_fkey(teacher_id: Int!): Teacher
}","query  {
  teacherList {
    name
    teacher_id
  }
}","query {
  teacherList {
    name
    teacher_id
  }
}",Equal,N/A
"type Course {
  course: String
  course_arrange: [Course_arrange]
  course_id: Int!
  staring_date: String
}
type Course_arrange {
  course: Course
  course_id: Int!
  grade: Int!
  teacher: Teacher
  teacher_id: Int!
}
type Teacher {
  age: String
  course_arrange: [Course_arrange]
  hometown: String
  name: String
  teacher_id: Int!
}
input StringFilter {
  eq: String
  like: String
}
input CourseFilter {
  course: StringFilter
}
type Query {
  course(course_id: Int!): Course
  courseList: [Course]
  courseFilterList(filter: CourseFilter): [Course]
  coursePaginatedList(first: Int, after: Int): [Course]
  courseUsingCourse_arrange_course_id_fkey(course_id: Int!): Course
  course_arrange(
    course_id: Int!
    teacher_id: Int!
    grade: Int!
  ): Course_arrange
  course_arrangeList: [Course_arrange]
  course_arrangePaginatedList(first: Int, after: Int): [Course_arrange]
  course_arrangeUsingCourse_arrange_course_id_fkey(
    course_id: Int!
  ): [Course_arrange]
  course_arrangeUsingCourse_arrange_teacher_id_fkey(
    teacher_id: Int!
  ): [Course_arrange]
  teacher(teacher_id: Int!): Teacher
  teacherList: [Teacher]
  teacherPaginatedList(first: Int, after: Int): [Teacher]
  teacherUsingCourse_arrange_teacher_id_fkey(teacher_id: Int!): Teacher
}","query  {
  teacherList {
    name
    teacher_id
  }
}","query {
  teacherList {
    name
    teacher_id
  }
}",Equal,N/A
"type Course {
  course: String
  course_arrange: [Course_arrange]
  course_id: Int!
  staring_date: String
}
type Course_arrange {
  course: Course
  course_id: Int!
  grade: Int!
  teacher: Teacher
  teacher_id: Int!
}
type Teacher {
  age: String
  course_arrange: [Course_arrange]
  hometown: String
  name: String
  teacher_id: Int!
}
input StringFilter {
  eq: String
  like: String
}
input CourseFilter {
  course: StringFilter
}
type Query {
  course(course_id: Int!): Course
  courseList: [Course]
  courseFilterList(filter: CourseFilter): [Course]
  coursePaginatedList(first: Int, after: Int): [Course]
  courseUsingCourse_arrange_course_id_fkey(course_id: Int!): Course
  course_arrange(
    course_id: Int!
    teacher_id: Int!
    grade: Int!
  ): Course_arrange
  course_arrangeList: [Course_arrange]
  course_arrangePaginatedList(first: Int, after: Int): [Course_arrange]
  course_arrangeUsingCourse_arrange_course_id_fkey(
    course_id: Int!
  ): [Course_arrange]
  course_arrangeUsingCourse_arrange_teacher_id_fkey(
    teacher_id: Int!
  ): [Course_arrange]
  teacher(teacher_id: Int!): Teacher
  teacherList: [Teacher]
  teacherPaginatedList(first: Int, after: Int): [Teacher]
  teacherUsingCourse_arrange_teacher_id_fkey(teacher_id: Int!): Teacher
}","query  {
  teacherList {
    name
    teacher_id
  }
}","query {
  teacherList {
    name
    teacher_id
  }
}",Equal,N/A
"type Course {
  course: String
  course_arrange: [Course_arrange]
  course_id: Int!
  staring_date: String
}
type Course_arrange {
  course: Course
  course_id: Int!
  grade: Int!
  teacher: Teacher
  teacher_id: Int!
}
type Teacher {
  age: String
  course_arrange: [Course_arrange]
  hometown: String
  name: String
  teacher_id: Int!
}
input StringFilter {
  eq: String
  like: String
}
input CourseFilter {
  course: StringFilter
}
type Query {
  course(course_id: Int!): Course
  courseList: [Course]
  courseFilterList(filter: CourseFilter): [Course]
  coursePaginatedList(first: Int, after: Int): [Course]
  courseUsingCourse_arrange_course_id_fkey(course_id: Int!): Course
  course_arrange(
    course_id: Int!
    teacher_id: Int!
    grade: Int!
  ): Course_arrange
  course_arrangeList: [Course_arrange]
  course_arrangePaginatedList(first: Int, after: Int): [Course_arrange]
  course_arrangeUsingCourse_arrange_course_id_fkey(
    course_id: Int!
  ): [Course_arrange]
  course_arrangeUsingCourse_arrange_teacher_id_fkey(
    teacher_id: Int!
  ): [Course_arrange]
  teacher(teacher_id: Int!): Teacher
  teacherList: [Teacher]
  teacherPaginatedList(first: Int, after: Int): [Teacher]
  teacherUsingCourse_arrange_teacher_id_fkey(teacher_id: Int!): Teacher
}","query  {
  teacherList {
    name
    teacher_id
  }
}","query {
  teacherList {
    name
    teacher_id
  }
}",Equal,N/A
"type Course {
  course: String
  course_arrange: [Course_arrange]
  course_id: Int!
  staring_date: String
}
type Course_arrange {
  course: Course
  course_id: Int!
  grade: Int!
  teacher: Teacher
  teacher_id: Int!
}
type Teacher {
  age: String
  course_arrange: [Course_arrange]
  hometown: String
  name: String
  teacher_id: Int!
}
input StringFilter {
  eq: String
  like: String
}
input CourseFilter {
  course: StringFilter
}
type Query {
  course(course_id: Int!): Course
  courseList: [Course]
  courseFilterList(filter: CourseFilter): [Course]
  coursePaginatedList(first: Int, after: Int): [Course]
  courseUsingCourse_arrange_course_id_fkey(course_id: Int!): Course
  course_arrange(
    course_id: Int!
    teacher_id: Int!
    grade: Int!
  ): Course_arrange
  course_arrangeList: [Course_arrange]
  course_arrangePaginatedList(first: Int, after: Int): [Course_arrange]
  course_arrangeUsingCourse_arrange_course_id_fkey(
    course_id: Int!
  ): [Course_arrange]
  course_arrangeUsingCourse_arrange_teacher_id_fkey(
    teacher_id: Int!
  ): [Course_arrange]
  teacher(teacher_id: Int!): Teacher
  teacherList: [Teacher]
  teacherPaginatedList(first: Int, after: Int): [Teacher]
  teacherUsingCourse_arrange_teacher_id_fkey(teacher_id: Int!): Teacher
}","query  {
  teacherList {
    name
  }
}","query {
  teacherList {
    name
  }
}",Equal,N/A
"type Course {
  course: String
  course_arrange: [Course_arrange]
  course_id: Int!
  staring_date: String
}
type Course_arrange {
  course: Course
  course_id: Int!
  grade: Int!
  teacher: Teacher
  teacher_id: Int!
}
type Teacher {
  age: String
  course_arrange: [Course_arrange]
  hometown: String
  name: String
  teacher_id: Int!
}
input StringFilter {
  eq: String
  like: String
}
input CourseFilter {
  course: StringFilter
}
type Query {
  course(course_id: Int!): Course
  courseList: [Course]
  courseFilterList(filter: CourseFilter): [Course]
  coursePaginatedList(first: Int, after: Int): [Course]
  courseUsingCourse_arrange_course_id_fkey(course_id: Int!): Course
  course_arrange(
    course_id: Int!
    teacher_id: Int!
    grade: Int!
  ): Course_arrange
  course_arrangeList: [Course_arrange]
  course_arrangePaginatedList(first: Int, after: Int): [Course_arrange]
  course_arrangeUsingCourse_arrange_course_id_fkey(
    course_id: Int!
  ): [Course_arrange]
  course_arrangeUsingCourse_arrange_teacher_id_fkey(
    teacher_id: Int!
  ): [Course_arrange]
  teacher(teacher_id: Int!): Teacher
  teacherList: [Teacher]
  teacherPaginatedList(first: Int, after: Int): [Teacher]
  teacherUsingCourse_arrange_teacher_id_fkey(teacher_id: Int!): Teacher
}","query  {
  teacherList {
    name
  }
}","query {
  teacherList {
    name
  }
}",Equal,N/A
"type Course {
  course: String
  course_arrange: [Course_arrange]
  course_id: Int!
  staring_date: String
}
type Course_arrange {
  course: Course
  course_id: Int!
  grade: Int!
  teacher: Teacher
  teacher_id: Int!
}
type Teacher {
  age: String
  course_arrange: [Course_arrange]
  hometown: String
  name: String
  teacher_id: Int!
}
input StringFilter {
  eq: String
  like: String
}
input CourseFilter {
  course: StringFilter
}
type Query {
  course(course_id: Int!): Course
  courseList: [Course]
  courseFilterList(filter: CourseFilter): [Course]
  coursePaginatedList(first: Int, after: Int): [Course]
  courseUsingCourse_arrange_course_id_fkey(course_id: Int!): Course
  course_arrange(
    course_id: Int!
    teacher_id: Int!
    grade: Int!
  ): Course_arrange
  course_arrangeList: [Course_arrange]
  course_arrangePaginatedList(first: Int, after: Int): [Course_arrange]
  course_arrangeUsingCourse_arrange_course_id_fkey(
    course_id: Int!
  ): [Course_arrange]
  course_arrangeUsingCourse_arrange_teacher_id_fkey(
    teacher_id: Int!
  ): [Course_arrange]
  teacher(teacher_id: Int!): Teacher
  teacherList: [Teacher]
  teacherPaginatedList(first: Int, after: Int): [Teacher]
  teacherUsingCourse_arrange_teacher_id_fkey(teacher_id: Int!): Teacher
}","query  {
  teacherList {
    name
  }
}","query {
  teacherList {
    name
  }
}",Equal,N/A
"type Course {
  course: String
  course_arrange: [Course_arrange]
  course_id: Int!
  staring_date: String
}
type Course_arrange {
  course: Course
  course_id: Int!
  grade: Int!
  teacher: Teacher
  teacher_id: Int!
}
type Teacher {
  age: String
  course_arrange: [Course_arrange]
  hometown: String
  name: String
  teacher_id: Int!
}
input StringFilter {
  eq: String
  like: String
}
input CourseFilter {
  course: StringFilter
}
type Query {
  course(course_id: Int!): Course
  courseList: [Course]
  courseFilterList(filter: CourseFilter): [Course]
  coursePaginatedList(first: Int, after: Int): [Course]
  courseUsingCourse_arrange_course_id_fkey(course_id: Int!): Course
  course_arrange(
    course_id: Int!
    teacher_id: Int!
    grade: Int!
  ): Course_arrange
  course_arrangeList: [Course_arrange]
  course_arrangePaginatedList(first: Int, after: Int): [Course_arrange]
  course_arrangeUsingCourse_arrange_course_id_fkey(
    course_id: Int!
  ): [Course_arrange]
  course_arrangeUsingCourse_arrange_teacher_id_fkey(
    teacher_id: Int!
  ): [Course_arrange]
  teacher(teacher_id: Int!): Teacher
  teacherList: [Teacher]
  teacherPaginatedList(first: Int, after: Int): [Teacher]
  teacherUsingCourse_arrange_teacher_id_fkey(teacher_id: Int!): Teacher
}","query  {
  teacherList {
    name
  }
}","query {
  teacherList {
    name
  }
}",Equal,N/A
"type Course {
  course: String
  course_arrange: [Course_arrange]
  course_id: Int!
  staring_date: String
}
type Course_arrange {
  course: Course
  course_id: Int!
  grade: Int!
  teacher: Teacher
  teacher_id: Int!
}
type Teacher {
  age: String
  course_arrange: [Course_arrange]
  hometown: String
  name: String
  teacher_id: Int!
}
input StringFilter {
  eq: String
  like: String
}
input CourseFilter {
  course: StringFilter
}
type Query {
  course(course_id: Int!): Course
  courseList: [Course]
  courseFilterList(filter: CourseFilter): [Course]
  coursePaginatedList(first: Int, after: Int): [Course]
  courseUsingCourse_arrange_course_id_fkey(course_id: Int!): Course
  course_arrange(
    course_id: Int!
    teacher_id: Int!
    grade: Int!
  ): Course_arrange
  course_arrangeList: [Course_arrange]
  course_arrangePaginatedList(first: Int, after: Int): [Course_arrange]
  course_arrangeUsingCourse_arrange_course_id_fkey(
    course_id: Int!
  ): [Course_arrange]
  course_arrangeUsingCourse_arrange_teacher_id_fkey(
    teacher_id: Int!
  ): [Course_arrange]
  teacher(teacher_id: Int!): Teacher
  teacherList: [Teacher]
  teacherPaginatedList(first: Int, after: Int): [Teacher]
  teacherUsingCourse_arrange_teacher_id_fkey(teacher_id: Int!): Teacher
}","query  {
  teacherList {
    name
  }
}","query {
  teacherList {
    name
  }
}",Equal,N/A
"type Course {
  course: String
  course_arrange: [Course_arrange]
  course_id: Int!
  staring_date: String
}
type Course_arrange {
  course: Course
  course_id: Int!
  grade: Int!
  teacher: Teacher
  teacher_id: Int!
}
type Teacher {
  age: String
  course_arrange: [Course_arrange]
  hometown: String
  name: String
  teacher_id: Int!
}
input StringFilter {
  eq: String
  like: String
}
input CourseFilter {
  course: StringFilter
}
type Query {
  course(course_id: Int!): Course
  courseList: [Course]
  courseFilterList(filter: CourseFilter): [Course]
  coursePaginatedList(first: Int, after: Int): [Course]
  courseUsingCourse_arrange_course_id_fkey(course_id: Int!): Course
  course_arrange(
    course_id: Int!
    teacher_id: Int!
    grade: Int!
  ): Course_arrange
  course_arrangeList: [Course_arrange]
  course_arrangePaginatedList(first: Int, after: Int): [Course_arrange]
  course_arrangeUsingCourse_arrange_course_id_fkey(
    course_id: Int!
  ): [Course_arrange]
  course_arrangeUsingCourse_arrange_teacher_id_fkey(
    teacher_id: Int!
  ): [Course_arrange]
  teacher(teacher_id: Int!): Teacher
  teacherList: [Teacher]
  teacherPaginatedList(first: Int, after: Int): [Teacher]
  teacherUsingCourse_arrange_teacher_id_fkey(teacher_id: Int!): Teacher
}","query  {
  teacherList {
    name
  }
}","query {
  teacherList {
    name
  }
}",Equal,N/A
"type Course {
  course: String
  course_arrange: [Course_arrange]
  course_id: Int!
  staring_date: String
}
type Course_arrange {
  course: Course
  course_id: Int!
  grade: Int!
  teacher: Teacher
  teacher_id: Int!
}
type Teacher {
  age: String
  course_arrange: [Course_arrange]
  hometown: String
  name: String
  teacher_id: Int!
}
input StringFilter {
  eq: String
  like: String
}
input CourseFilter {
  course: StringFilter
}
type Query {
  course(course_id: Int!): Course
  courseList: [Course]
  courseFilterList(filter: CourseFilter): [Course]
  coursePaginatedList(first: Int, after: Int): [Course]
  courseUsingCourse_arrange_course_id_fkey(course_id: Int!): Course
  course_arrange(
    course_id: Int!
    teacher_id: Int!
    grade: Int!
  ): Course_arrange
  course_arrangeList: [Course_arrange]
  course_arrangePaginatedList(first: Int, after: Int): [Course_arrange]
  course_arrangeUsingCourse_arrange_course_id_fkey(
    course_id: Int!
  ): [Course_arrange]
  course_arrangeUsingCourse_arrange_teacher_id_fkey(
    teacher_id: Int!
  ): [Course_arrange]
  teacher(teacher_id: Int!): Teacher
  teacherList: [Teacher]
  teacherPaginatedList(first: Int, after: Int): [Teacher]
  teacherUsingCourse_arrange_teacher_id_fkey(teacher_id: Int!): Teacher
}","query  {
  teacherList {
    name
  }
}","query {
  teacherList {
    name
  }
}",Equal,N/A
"type Course {
  course: String
  course_arrange: [Course_arrange]
  course_id: Int!
  staring_date: String
}
type Course_arrange {
  course: Course
  course_id: Int!
  grade: Int!
  teacher: Teacher
  teacher_id: Int!
}
type Teacher {
  age: String
  course_arrange: [Course_arrange]
  hometown: String
  name: String
  teacher_id: Int!
}
input StringFilter {
  eq: String
  like: String
}
input CourseFilter {
  course: StringFilter
}
type Query {
  course(course_id: Int!): Course
  courseList: [Course]
  courseFilterList(filter: CourseFilter): [Course]
  coursePaginatedList(first: Int, after: Int): [Course]
  courseUsingCourse_arrange_course_id_fkey(course_id: Int!): Course
  course_arrange(
    course_id: Int!
    teacher_id: Int!
    grade: Int!
  ): Course_arrange
  course_arrangeList: [Course_arrange]
  course_arrangePaginatedList(first: Int, after: Int): [Course_arrange]
  course_arrangeUsingCourse_arrange_course_id_fkey(
    course_id: Int!
  ): [Course_arrange]
  course_arrangeUsingCourse_arrange_teacher_id_fkey(
    teacher_id: Int!
  ): [Course_arrange]
  teacher(teacher_id: Int!): Teacher
  teacherList: [Teacher]
  teacherPaginatedList(first: Int, after: Int): [Teacher]
  teacherUsingCourse_arrange_teacher_id_fkey(teacher_id: Int!): Teacher
}","query  {
  teacherList {
    hometown
    age
  }
}","query {
  teacherList {
    age
    hometown
  }
}",Equal,N/A
"type Course {
  course: String
  course_arrange: [Course_arrange]
  course_id: Int!
  staring_date: String
}
type Course_arrange {
  course: Course
  course_id: Int!
  grade: Int!
  teacher: Teacher
  teacher_id: Int!
}
type Teacher {
  age: String
  course_arrange: [Course_arrange]
  hometown: String
  name: String
  teacher_id: Int!
}
input StringFilter {
  eq: String
  like: String
}
input CourseFilter {
  course: StringFilter
}
type Query {
  course(course_id: Int!): Course
  courseList: [Course]
  courseFilterList(filter: CourseFilter): [Course]
  coursePaginatedList(first: Int, after: Int): [Course]
  courseUsingCourse_arrange_course_id_fkey(course_id: Int!): Course
  course_arrange(
    course_id: Int!
    teacher_id: Int!
    grade: Int!
  ): Course_arrange
  course_arrangeList: [Course_arrange]
  course_arrangePaginatedList(first: Int, after: Int): [Course_arrange]
  course_arrangeUsingCourse_arrange_course_id_fkey(
    course_id: Int!
  ): [Course_arrange]
  course_arrangeUsingCourse_arrange_teacher_id_fkey(
    teacher_id: Int!
  ): [Course_arrange]
  teacher(teacher_id: Int!): Teacher
  teacherList: [Teacher]
  teacherPaginatedList(first: Int, after: Int): [Teacher]
  teacherUsingCourse_arrange_teacher_id_fkey(teacher_id: Int!): Teacher
}","query  {
  teacherList {
    hometown
    age
  }
}","query {
  teacherList {
    age
    hometown
  }
}",Equal,N/A
"type Course {
  course: String
  course_arrange: [Course_arrange]
  course_id: Int!
  staring_date: String
}
type Course_arrange {
  course: Course
  course_id: Int!
  grade: Int!
  teacher: Teacher
  teacher_id: Int!
}
type Teacher {
  age: String
  course_arrange: [Course_arrange]
  hometown: String
  name: String
  teacher_id: Int!
}
input StringFilter {
  eq: String
  like: String
}
input CourseFilter {
  course: StringFilter
}
type Query {
  course(course_id: Int!): Course
  courseList: [Course]
  courseFilterList(filter: CourseFilter): [Course]
  coursePaginatedList(first: Int, after: Int): [Course]
  courseUsingCourse_arrange_course_id_fkey(course_id: Int!): Course
  course_arrange(
    course_id: Int!
    teacher_id: Int!
    grade: Int!
  ): Course_arrange
  course_arrangeList: [Course_arrange]
  course_arrangePaginatedList(first: Int, after: Int): [Course_arrange]
  course_arrangeUsingCourse_arrange_course_id_fkey(
    course_id: Int!
  ): [Course_arrange]
  course_arrangeUsingCourse_arrange_teacher_id_fkey(
    teacher_id: Int!
  ): [Course_arrange]
  teacher(teacher_id: Int!): Teacher
  teacherList: [Teacher]
  teacherPaginatedList(first: Int, after: Int): [Teacher]
  teacherUsingCourse_arrange_teacher_id_fkey(teacher_id: Int!): Teacher
}","query  {
  teacherList {
    hometown
    age
  }
}","query {
  teacherList {
    age
    hometown
  }
}",Equal,N/A
"type Course {
  course: String
  course_arrange: [Course_arrange]
  course_id: Int!
  staring_date: String
}
type Course_arrange {
  course: Course
  course_id: Int!
  grade: Int!
  teacher: Teacher
  teacher_id: Int!
}
type Teacher {
  age: String
  course_arrange: [Course_arrange]
  hometown: String
  name: String
  teacher_id: Int!
}
input StringFilter {
  eq: String
  like: String
}
input CourseFilter {
  course: StringFilter
}
type Query {
  course(course_id: Int!): Course
  courseList: [Course]
  courseFilterList(filter: CourseFilter): [Course]
  coursePaginatedList(first: Int, after: Int): [Course]
  courseUsingCourse_arrange_course_id_fkey(course_id: Int!): Course
  course_arrange(
    course_id: Int!
    teacher_id: Int!
    grade: Int!
  ): Course_arrange
  course_arrangeList: [Course_arrange]
  course_arrangePaginatedList(first: Int, after: Int): [Course_arrange]
  course_arrangeUsingCourse_arrange_course_id_fkey(
    course_id: Int!
  ): [Course_arrange]
  course_arrangeUsingCourse_arrange_teacher_id_fkey(
    teacher_id: Int!
  ): [Course_arrange]
  teacher(teacher_id: Int!): Teacher
  teacherList: [Teacher]
  teacherPaginatedList(first: Int, after: Int): [Teacher]
  teacherUsingCourse_arrange_teacher_id_fkey(teacher_id: Int!): Teacher
}","query  {
  teacherList {
    hometown
    age
  }
}","query {
  teacherList {
    age
    hometown
  }
}",Equal,N/A
"type Course {
  course: String
  course_arrange: [Course_arrange]
  course_id: Int!
  staring_date: String
}
type Course_arrange {
  course: Course
  course_id: Int!
  grade: Int!
  teacher: Teacher
  teacher_id: Int!
}
type Teacher {
  age: String
  course_arrange: [Course_arrange]
  hometown: String
  name: String
  teacher_id: Int!
}
input StringFilter {
  eq: String
  like: String
}
input CourseFilter {
  course: StringFilter
}
type Query {
  course(course_id: Int!): Course
  courseList: [Course]
  courseFilterList(filter: CourseFilter): [Course]
  coursePaginatedList(first: Int, after: Int): [Course]
  courseUsingCourse_arrange_course_id_fkey(course_id: Int!): Course
  course_arrange(
    course_id: Int!
    teacher_id: Int!
    grade: Int!
  ): Course_arrange
  course_arrangeList: [Course_arrange]
  course_arrangePaginatedList(first: Int, after: Int): [Course_arrange]
  course_arrangeUsingCourse_arrange_course_id_fkey(
    course_id: Int!
  ): [Course_arrange]
  course_arrangeUsingCourse_arrange_teacher_id_fkey(
    teacher_id: Int!
  ): [Course_arrange]
  teacher(teacher_id: Int!): Teacher
  teacherList: [Teacher]
  teacherPaginatedList(first: Int, after: Int): [Teacher]
  teacherUsingCourse_arrange_teacher_id_fkey(teacher_id: Int!): Teacher
}","query  {
  teacherList {
    hometown
    age
  }
}","query {
  teacherList {
    age
    hometown
  }
}",Equal,N/A
"type Course {
  course: String
  course_arrange: [Course_arrange]
  course_id: Int!
  staring_date: String
}
type Course_arrange {
  course: Course
  course_id: Int!
  grade: Int!
  teacher: Teacher
  teacher_id: Int!
}
type Teacher {
  age: String
  course_arrange: [Course_arrange]
  hometown: String
  name: String
  teacher_id: Int!
}
input StringFilter {
  eq: String
  like: String
}
input CourseFilter {
  course: StringFilter
}
type Query {
  course(course_id: Int!): Course
  courseList: [Course]
  courseFilterList(filter: CourseFilter): [Course]
  coursePaginatedList(first: Int, after: Int): [Course]
  courseUsingCourse_arrange_course_id_fkey(course_id: Int!): Course
  course_arrange(
    course_id: Int!
    teacher_id: Int!
    grade: Int!
  ): Course_arrange
  course_arrangeList: [Course_arrange]
  course_arrangePaginatedList(first: Int, after: Int): [Course_arrange]
  course_arrangeUsingCourse_arrange_course_id_fkey(
    course_id: Int!
  ): [Course_arrange]
  course_arrangeUsingCourse_arrange_teacher_id_fkey(
    teacher_id: Int!
  ): [Course_arrange]
  teacher(teacher_id: Int!): Teacher
  teacherList: [Teacher]
  teacherPaginatedList(first: Int, after: Int): [Teacher]
  teacherUsingCourse_arrange_teacher_id_fkey(teacher_id: Int!): Teacher
}","query  {
  teacherList {
    hometown
    age
  }
}","query {
  teacherList {
    age
    hometown
  }
}",Equal,N/A
"type Course {
  course: String
  course_arrange: [Course_arrange]
  course_id: Int!
  staring_date: String
}
type Course_arrange {
  course: Course
  course_id: Int!
  grade: Int!
  teacher: Teacher
  teacher_id: Int!
}
type Teacher {
  age: String
  course_arrange: [Course_arrange]
  hometown: String
  name: String
  teacher_id: Int!
}
input StringFilter {
  eq: String
  like: String
}
input CourseFilter {
  course: StringFilter
}
type Query {
  course(course_id: Int!): Course
  courseList: [Course]
  courseFilterList(filter: CourseFilter): [Course]
  coursePaginatedList(first: Int, after: Int): [Course]
  courseUsingCourse_arrange_course_id_fkey(course_id: Int!): Course
  course_arrange(
    course_id: Int!
    teacher_id: Int!
    grade: Int!
  ): Course_arrange
  course_arrangeList: [Course_arrange]
  course_arrangePaginatedList(first: Int, after: Int): [Course_arrange]
  course_arrangeUsingCourse_arrange_course_id_fkey(
    course_id: Int!
  ): [Course_arrange]
  course_arrangeUsingCourse_arrange_teacher_id_fkey(
    teacher_id: Int!
  ): [Course_arrange]
  teacher(teacher_id: Int!): Teacher
  teacherList: [Teacher]
  teacherPaginatedList(first: Int, after: Int): [Teacher]
  teacherUsingCourse_arrange_teacher_id_fkey(teacher_id: Int!): Teacher
}","query  {
  teacherList {
    hometown
    age
  }
}","query {
  teacherList {
    age
    hometown
  }
}",Equal,N/A
"type Course {
  course: String
  course_arrange: [Course_arrange]
  course_id: Int!
  staring_date: String
}
type Course_arrange {
  course: Course
  course_id: Int!
  grade: Int!
  teacher: Teacher
  teacher_id: Int!
}
type Teacher {
  age: String
  course_arrange: [Course_arrange]
  hometown: String
  name: String
  teacher_id: Int!
}
input StringFilter {
  eq: String
  like: String
}
input CourseFilter {
  course: StringFilter
}
type Query {
  course(course_id: Int!): Course
  courseList: [Course]
  courseFilterList(filter: CourseFilter): [Course]
  coursePaginatedList(first: Int, after: Int): [Course]
  courseUsingCourse_arrange_course_id_fkey(course_id: Int!): Course
  course_arrange(
    course_id: Int!
    teacher_id: Int!
    grade: Int!
  ): Course_arrange
  course_arrangeList: [Course_arrange]
  course_arrangePaginatedList(first: Int, after: Int): [Course_arrange]
  course_arrangeUsingCourse_arrange_course_id_fkey(
    course_id: Int!
  ): [Course_arrange]
  course_arrangeUsingCourse_arrange_teacher_id_fkey(
    teacher_id: Int!
  ): [Course_arrange]
  teacher(teacher_id: Int!): Teacher
  teacherList: [Teacher]
  teacherPaginatedList(first: Int, after: Int): [Teacher]
  teacherUsingCourse_arrange_teacher_id_fkey(teacher_id: Int!): Teacher
}","query  {
  teacherList {
    hometown
    age
  }
}","query {
  teacherList {
    age
    hometown
  }
}",Equal,N/A
"type Course {
  course: String
  course_arrange: [Course_arrange]
  course_id: Int!
  staring_date: String
}
type Course_arrange {
  course: Course
  course_id: Int!
  grade: Int!
  teacher: Teacher
  teacher_id: Int!
}
type Teacher {
  age: String
  course_arrange: [Course_arrange]
  hometown: String
  name: String
  teacher_id: Int!
}
input StringFilter {
  eq: String
  like: String
}
input CourseFilter {
  course: StringFilter
}
type Query {
  course(course_id: Int!): Course
  courseList: [Course]
  courseFilterList(filter: CourseFilter): [Course]
  coursePaginatedList(first: Int, after: Int): [Course]
  courseUsingCourse_arrange_course_id_fkey(course_id: Int!): Course
  course_arrange(
    course_id: Int!
    teacher_id: Int!
    grade: Int!
  ): Course_arrange
  course_arrangeList: [Course_arrange]
  course_arrangePaginatedList(first: Int, after: Int): [Course_arrange]
  course_arrangeUsingCourse_arrange_course_id_fkey(
    course_id: Int!
  ): [Course_arrange]
  course_arrangeUsingCourse_arrange_teacher_id_fkey(
    teacher_id: Int!
  ): [Course_arrange]
  teacher(teacher_id: Int!): Teacher
  teacherList: [Teacher]
  teacherPaginatedList(first: Int, after: Int): [Teacher]
  teacherUsingCourse_arrange_teacher_id_fkey(teacher_id: Int!): Teacher
}","query  {
  teacherList {
    hometown
    age
  }
}","query {
  teacherList {
    age
    hometown
  }
}",Equal,N/A
"type Course {
  course: String
  course_arrange: [Course_arrange]
  course_id: Int!
  staring_date: String
}
type Course_arrange {
  course: Course
  course_id: Int!
  grade: Int!
  teacher: Teacher
  teacher_id: Int!
}
type Teacher {
  age: String
  course_arrange: [Course_arrange]
  hometown: String
  name: String
  teacher_id: Int!
}
input StringFilter {
  eq: String
  like: String
}
input CourseFilter {
  course: StringFilter
}
type Query {
  course(course_id: Int!): Course
  courseList: [Course]
  courseFilterList(filter: CourseFilter): [Course]
  coursePaginatedList(first: Int, after: Int): [Course]
  courseUsingCourse_arrange_course_id_fkey(course_id: Int!): Course
  course_arrange(
    course_id: Int!
    teacher_id: Int!
    grade: Int!
  ): Course_arrange
  course_arrangeList: [Course_arrange]
  course_arrangePaginatedList(first: Int, after: Int): [Course_arrange]
  course_arrangeUsingCourse_arrange_course_id_fkey(
    course_id: Int!
  ): [Course_arrange]
  course_arrangeUsingCourse_arrange_teacher_id_fkey(
    teacher_id: Int!
  ): [Course_arrange]
  teacher(teacher_id: Int!): Teacher
  teacherList: [Teacher]
  teacherPaginatedList(first: Int, after: Int): [Teacher]
  teacherUsingCourse_arrange_teacher_id_fkey(teacher_id: Int!): Teacher
}","query  {
  teacherList {
    hometown
    age
  }
}","query {
  teacherList {
    age
    hometown
  }
}",Equal,N/A
"type Course {
  course: String
  course_arrange: [Course_arrange]
  course_id: Int!
  staring_date: String
}
type Course_arrange {
  course: Course
  course_id: Int!
  grade: Int!
  teacher: Teacher
  teacher_id: Int!
}
type Teacher {
  age: String
  course_arrange: [Course_arrange]
  hometown: String
  name: String
  teacher_id: Int!
}
input StringFilter {
  eq: String
  like: String
}
input CourseFilter {
  course: StringFilter
}
type Query {
  course(course_id: Int!): Course
  courseList: [Course]
  courseFilterList(filter: CourseFilter): [Course]
  coursePaginatedList(first: Int, after: Int): [Course]
  courseUsingCourse_arrange_course_id_fkey(course_id: Int!): Course
  course_arrange(
    course_id: Int!
    teacher_id: Int!
    grade: Int!
  ): Course_arrange
  course_arrangeList: [Course_arrange]
  course_arrangePaginatedList(first: Int, after: Int): [Course_arrange]
  course_arrangeUsingCourse_arrange_course_id_fkey(
    course_id: Int!
  ): [Course_arrange]
  course_arrangeUsingCourse_arrange_teacher_id_fkey(
    teacher_id: Int!
  ): [Course_arrange]
  teacher(teacher_id: Int!): Teacher
  teacherList: [Teacher]
  teacherPaginatedList(first: Int, after: Int): [Teacher]
  teacherUsingCourse_arrange_teacher_id_fkey(teacher_id: Int!): Teacher
}","query  {
  teacherList {
    hometown
    age
  }
}","query {
  teacherList {
    age
    hometown
  }
}",Equal,N/A
"type Course {
  course: String
  course_arrange: [Course_arrange]
  course_id: Int!
  staring_date: String
}
type Course_arrange {
  course: Course
  course_id: Int!
  grade: Int!
  teacher: Teacher
  teacher_id: Int!
}
type Teacher {
  age: String
  course_arrange: [Course_arrange]
  hometown: String
  name: String
  teacher_id: Int!
}
input StringFilter {
  eq: String
  like: String
}
input CourseFilter {
  course: StringFilter
}
type Query {
  course(course_id: Int!): Course
  courseList: [Course]
  courseFilterList(filter: CourseFilter): [Course]
  coursePaginatedList(first: Int, after: Int): [Course]
  courseUsingCourse_arrange_course_id_fkey(course_id: Int!): Course
  course_arrange(
    course_id: Int!
    teacher_id: Int!
    grade: Int!
  ): Course_arrange
  course_arrangeList: [Course_arrange]
  course_arrangePaginatedList(first: Int, after: Int): [Course_arrange]
  course_arrangeUsingCourse_arrange_course_id_fkey(
    course_id: Int!
  ): [Course_arrange]
  course_arrangeUsingCourse_arrange_teacher_id_fkey(
    teacher_id: Int!
  ): [Course_arrange]
  teacher(teacher_id: Int!): Teacher
  teacherList: [Teacher]
  teacherPaginatedList(first: Int, after: Int): [Teacher]
  teacherUsingCourse_arrange_teacher_id_fkey(teacher_id: Int!): Teacher
}","query  {
  teacherList {
    hometown
    age
  }
}","query {
  teacherList {
    age
    hometown
  }
}",Equal,N/A
"type Course {
  course: String
  course_arrange: [Course_arrange]
  course_id: Int!
  staring_date: String
}
type Course_arrange {
  course: Course
  course_id: Int!
  grade: Int!
  teacher: Teacher
  teacher_id: Int!
}
type Teacher {
  age: String
  course_arrange: [Course_arrange]
  hometown: String
  name: String
  teacher_id: Int!
}
input StringFilter {
  eq: String
  like: String
}
input CourseFilter {
  course: StringFilter
}
type Query {
  course(course_id: Int!): Course
  courseList: [Course]
  courseFilterList(filter: CourseFilter): [Course]
  coursePaginatedList(first: Int, after: Int): [Course]
  courseUsingCourse_arrange_course_id_fkey(course_id: Int!): Course
  course_arrange(
    course_id: Int!
    teacher_id: Int!
    grade: Int!
  ): Course_arrange
  course_arrangeList: [Course_arrange]
  course_arrangePaginatedList(first: Int, after: Int): [Course_arrange]
  course_arrangeUsingCourse_arrange_course_id_fkey(
    course_id: Int!
  ): [Course_arrange]
  course_arrangeUsingCourse_arrange_teacher_id_fkey(
    teacher_id: Int!
  ): [Course_arrange]
  teacher(teacher_id: Int!): Teacher
  teacherList: [Teacher]
  teacherPaginatedList(first: Int, after: Int): [Teacher]
  teacherUsingCourse_arrange_teacher_id_fkey(teacher_id: Int!): Teacher
}","query  {
  teacherList {
    hometown
    age
  }
}","query {
  teacherList {
    age
    hometown
  }
}",Equal,N/A
"type Course {
  course: String
  course_arrange: [Course_arrange]
  course_id: Int!
  staring_date: String
}
type Course_arrange {
  course: Course
  course_id: Int!
  grade: Int!
  teacher: Teacher
  teacher_id: Int!
}
type Teacher {
  age: String
  course_arrange: [Course_arrange]
  hometown: String
  name: String
  teacher_id: Int!
}
input StringFilter {
  eq: String
  like: String
}
input CourseFilter {
  course: StringFilter
}
type Query {
  course(course_id: Int!): Course
  courseList: [Course]
  courseFilterList(filter: CourseFilter): [Course]
  coursePaginatedList(first: Int, after: Int): [Course]
  courseUsingCourse_arrange_course_id_fkey(course_id: Int!): Course
  course_arrange(
    course_id: Int!
    teacher_id: Int!
    grade: Int!
  ): Course_arrange
  course_arrangeList: [Course_arrange]
  course_arrangePaginatedList(first: Int, after: Int): [Course_arrange]
  course_arrangeUsingCourse_arrange_course_id_fkey(
    course_id: Int!
  ): [Course_arrange]
  course_arrangeUsingCourse_arrange_teacher_id_fkey(
    teacher_id: Int!
  ): [Course_arrange]
  teacher(teacher_id: Int!): Teacher
  teacherList: [Teacher]
  teacherPaginatedList(first: Int, after: Int): [Teacher]
  teacherUsingCourse_arrange_teacher_id_fkey(teacher_id: Int!): Teacher
}","query  {
  teacherList {
    hometown
    age
  }
}","query {
  teacherList {
    age
    hometown
  }
}",Equal,N/A
"type Course {
  course: String
  course_arrange: [Course_arrange]
  course_id: Int!
  staring_date: String
}
type Course_arrange {
  course: Course
  course_id: Int!
  grade: Int!
  teacher: Teacher
  teacher_id: Int!
}
type Teacher {
  age: String
  course_arrange: [Course_arrange]
  hometown: String
  name: String
  teacher_id: Int!
}
input StringFilter {
  eq: String
  like: String
}
input CourseFilter {
  course: StringFilter
}
type Query {
  course(course_id: Int!): Course
  courseList: [Course]
  courseFilterList(filter: CourseFilter): [Course]
  coursePaginatedList(first: Int, after: Int): [Course]
  courseUsingCourse_arrange_course_id_fkey(course_id: Int!): Course
  course_arrange(
    course_id: Int!
    teacher_id: Int!
    grade: Int!
  ): Course_arrange
  course_arrangeList: [Course_arrange]
  course_arrangePaginatedList(first: Int, after: Int): [Course_arrange]
  course_arrangeUsingCourse_arrange_course_id_fkey(
    course_id: Int!
  ): [Course_arrange]
  course_arrangeUsingCourse_arrange_teacher_id_fkey(
    teacher_id: Int!
  ): [Course_arrange]
  teacher(teacher_id: Int!): Teacher
  teacherList: [Teacher]
  teacherPaginatedList(first: Int, after: Int): [Teacher]
  teacherUsingCourse_arrange_teacher_id_fkey(teacher_id: Int!): Teacher
}","query  {
  teacherList {
    hometown
    age
  }
}","query {
  teacherList {
    age
    hometown
  }
}",Equal,N/A
"type Course {
  course: String
  course_arrange: [Course_arrange]
  course_id: Int!
  staring_date: String
}
type Course_arrange {
  course: Course
  course_id: Int!
  grade: Int!
  teacher: Teacher
  teacher_id: Int!
}
type Teacher {
  age: String
  course_arrange: [Course_arrange]
  hometown: String
  name: String
  teacher_id: Int!
}
input StringFilter {
  eq: String
  like: String
}
input CourseFilter {
  course: StringFilter
}
type Query {
  course(course_id: Int!): Course
  courseList: [Course]
  courseFilterList(filter: CourseFilter): [Course]
  coursePaginatedList(first: Int, after: Int): [Course]
  courseUsingCourse_arrange_course_id_fkey(course_id: Int!): Course
  course_arrange(
    course_id: Int!
    teacher_id: Int!
    grade: Int!
  ): Course_arrange
  course_arrangeList: [Course_arrange]
  course_arrangePaginatedList(first: Int, after: Int): [Course_arrange]
  course_arrangeUsingCourse_arrange_course_id_fkey(
    course_id: Int!
  ): [Course_arrange]
  course_arrangeUsingCourse_arrange_teacher_id_fkey(
    teacher_id: Int!
  ): [Course_arrange]
  teacher(teacher_id: Int!): Teacher
  teacherList: [Teacher]
  teacherPaginatedList(first: Int, after: Int): [Teacher]
  teacherUsingCourse_arrange_teacher_id_fkey(teacher_id: Int!): Teacher
}","query  {
  teacherList {
    hometown
    age
  }
}","query {
  teacherList {
    age
    hometown
  }
}",Equal,N/A
"type Course {
  course: String
  course_arrange: [Course_arrange]
  course_id: Int!
  staring_date: String
}
type Course_arrange {
  course: Course
  course_id: Int!
  grade: Int!
  teacher: Teacher
  teacher_id: Int!
}
type Teacher {
  age: String
  course_arrange: [Course_arrange]
  hometown: String
  name: String
  teacher_id: Int!
}
input StringFilter {
  eq: String
  like: String
}
input CourseFilter {
  course: StringFilter
}
type Query {
  course(course_id: Int!): Course
  courseList: [Course]
  courseFilterList(filter: CourseFilter): [Course]
  coursePaginatedList(first: Int, after: Int): [Course]
  courseUsingCourse_arrange_course_id_fkey(course_id: Int!): Course
  course_arrange(
    course_id: Int!
    teacher_id: Int!
    grade: Int!
  ): Course_arrange
  course_arrangeList: [Course_arrange]
  course_arrangePaginatedList(first: Int, after: Int): [Course_arrange]
  course_arrangeUsingCourse_arrange_course_id_fkey(
    course_id: Int!
  ): [Course_arrange]
  course_arrangeUsingCourse_arrange_teacher_id_fkey(
    teacher_id: Int!
  ): [Course_arrange]
  teacher(teacher_id: Int!): Teacher
  teacherList: [Teacher]
  teacherPaginatedList(first: Int, after: Int): [Teacher]
  teacherUsingCourse_arrange_teacher_id_fkey(teacher_id: Int!): Teacher
}","query  {
  teacherList {
    hometown
    age
  }
}","query {
  teacherList {
    age
    hometown
  }
}",Equal,N/A
"type Course {
  course: String
  course_arrange: [Course_arrange]
  course_id: Int!
  staring_date: String
}
type Course_arrange {
  course: Course
  course_id: Int!
  grade: Int!
  teacher: Teacher
  teacher_id: Int!
}
type Teacher {
  age: String
  course_arrange: [Course_arrange]
  hometown: String
  name: String
  teacher_id: Int!
}
input StringFilter {
  eq: String
  like: String
}
input CourseFilter {
  course: StringFilter
}
type Query {
  course(course_id: Int!): Course
  courseList: [Course]
  courseFilterList(filter: CourseFilter): [Course]
  coursePaginatedList(first: Int, after: Int): [Course]
  courseUsingCourse_arrange_course_id_fkey(course_id: Int!): Course
  course_arrange(
    course_id: Int!
    teacher_id: Int!
    grade: Int!
  ): Course_arrange
  course_arrangeList: [Course_arrange]
  course_arrangePaginatedList(first: Int, after: Int): [Course_arrange]
  course_arrangeUsingCourse_arrange_course_id_fkey(
    course_id: Int!
  ): [Course_arrange]
  course_arrangeUsingCourse_arrange_teacher_id_fkey(
    teacher_id: Int!
  ): [Course_arrange]
  teacher(teacher_id: Int!): Teacher
  teacherList: [Teacher]
  teacherPaginatedList(first: Int, after: Int): [Teacher]
  teacherUsingCourse_arrange_teacher_id_fkey(teacher_id: Int!): Teacher
}","query  {
  teacherList {
    hometown
    age
  }
}","query {
  teacherList {
    age
    hometown
  }
}",Equal,N/A
"type Course {
  course: String
  course_arrange: [Course_arrange]
  course_id: Int!
  staring_date: String
}
type Course_arrange {
  course: Course
  course_id: Int!
  grade: Int!
  teacher: Teacher
  teacher_id: Int!
}
type Teacher {
  age: String
  course_arrange: [Course_arrange]
  hometown: String
  name: String
  teacher_id: Int!
}
input StringFilter {
  eq: String
  like: String
}
input CourseFilter {
  course: StringFilter
}
type Query {
  course(course_id: Int!): Course
  courseList: [Course]
  courseFilterList(filter: CourseFilter): [Course]
  coursePaginatedList(first: Int, after: Int): [Course]
  courseUsingCourse_arrange_course_id_fkey(course_id: Int!): Course
  course_arrange(
    course_id: Int!
    teacher_id: Int!
    grade: Int!
  ): Course_arrange
  course_arrangeList: [Course_arrange]
  course_arrangePaginatedList(first: Int, after: Int): [Course_arrange]
  course_arrangeUsingCourse_arrange_course_id_fkey(
    course_id: Int!
  ): [Course_arrange]
  course_arrangeUsingCourse_arrange_teacher_id_fkey(
    teacher_id: Int!
  ): [Course_arrange]
  teacher(teacher_id: Int!): Teacher
  teacherList: [Teacher]
  teacherPaginatedList(first: Int, after: Int): [Teacher]
  teacherUsingCourse_arrange_teacher_id_fkey(teacher_id: Int!): Teacher
}","query  {
  teacherList {
    hometown
    age
  }
}","query {
  teacherList {
    age
    hometown
  }
}",Equal,N/A
"type Course {
  course: String
  course_arrange: [Course_arrange]
  course_id: Int!
  staring_date: String
}
type Course_arrange {
  course: Course
  course_id: Int!
  grade: Int!
  teacher: Teacher
  teacher_id: Int!
}
type Teacher {
  age: String
  course_arrange: [Course_arrange]
  hometown: String
  name: String
  teacher_id: Int!
}
input StringFilter {
  eq: String
  like: String
}
input CourseFilter {
  course: StringFilter
}
type Query {
  course(course_id: Int!): Course
  courseList: [Course]
  courseFilterList(filter: CourseFilter): [Course]
  coursePaginatedList(first: Int, after: Int): [Course]
  courseUsingCourse_arrange_course_id_fkey(course_id: Int!): Course
  course_arrange(
    course_id: Int!
    teacher_id: Int!
    grade: Int!
  ): Course_arrange
  course_arrangeList: [Course_arrange]
  course_arrangePaginatedList(first: Int, after: Int): [Course_arrange]
  course_arrangeUsingCourse_arrange_course_id_fkey(
    course_id: Int!
  ): [Course_arrange]
  course_arrangeUsingCourse_arrange_teacher_id_fkey(
    teacher_id: Int!
  ): [Course_arrange]
  teacher(teacher_id: Int!): Teacher
  teacherList: [Teacher]
  teacherPaginatedList(first: Int, after: Int): [Teacher]
  teacherUsingCourse_arrange_teacher_id_fkey(teacher_id: Int!): Teacher
}","query  {
  teacherList {
    hometown
    age
    name
  }
}","query {
  teacherList {
    name
    age
    hometown
  }
}",Equal,N/A
"type Course {
  course: String
  course_arrange: [Course_arrange]
  course_id: Int!
  staring_date: String
}
type Course_arrange {
  course: Course
  course_id: Int!
  grade: Int!
  teacher: Teacher
  teacher_id: Int!
}
type Teacher {
  age: String
  course_arrange: [Course_arrange]
  hometown: String
  name: String
  teacher_id: Int!
}
input StringFilter {
  eq: String
  like: String
}
input CourseFilter {
  course: StringFilter
}
type Query {
  course(course_id: Int!): Course
  courseList: [Course]
  courseFilterList(filter: CourseFilter): [Course]
  coursePaginatedList(first: Int, after: Int): [Course]
  courseUsingCourse_arrange_course_id_fkey(course_id: Int!): Course
  course_arrange(
    course_id: Int!
    teacher_id: Int!
    grade: Int!
  ): Course_arrange
  course_arrangeList: [Course_arrange]
  course_arrangePaginatedList(first: Int, after: Int): [Course_arrange]
  course_arrangeUsingCourse_arrange_course_id_fkey(
    course_id: Int!
  ): [Course_arrange]
  course_arrangeUsingCourse_arrange_teacher_id_fkey(
    teacher_id: Int!
  ): [Course_arrange]
  teacher(teacher_id: Int!): Teacher
  teacherList: [Teacher]
  teacherPaginatedList(first: Int, after: Int): [Teacher]
  teacherUsingCourse_arrange_teacher_id_fkey(teacher_id: Int!): Teacher
}","query  {
  teacherList {
    hometown
    age
    name
  }
}","query {
  teacherList {
    name
    age
    hometown
  }
}",Equal,N/A
"type Course {
  course: String
  course_arrange: [Course_arrange]
  course_id: Int!
  staring_date: String
}
type Course_arrange {
  course: Course
  course_id: Int!
  grade: Int!
  teacher: Teacher
  teacher_id: Int!
}
type Teacher {
  age: String
  course_arrange: [Course_arrange]
  hometown: String
  name: String
  teacher_id: Int!
}
input StringFilter {
  eq: String
  like: String
}
input CourseFilter {
  course: StringFilter
}
type Query {
  course(course_id: Int!): Course
  courseList: [Course]
  courseFilterList(filter: CourseFilter): [Course]
  coursePaginatedList(first: Int, after: Int): [Course]
  courseUsingCourse_arrange_course_id_fkey(course_id: Int!): Course
  course_arrange(
    course_id: Int!
    teacher_id: Int!
    grade: Int!
  ): Course_arrange
  course_arrangeList: [Course_arrange]
  course_arrangePaginatedList(first: Int, after: Int): [Course_arrange]
  course_arrangeUsingCourse_arrange_course_id_fkey(
    course_id: Int!
  ): [Course_arrange]
  course_arrangeUsingCourse_arrange_teacher_id_fkey(
    teacher_id: Int!
  ): [Course_arrange]
  teacher(teacher_id: Int!): Teacher
  teacherList: [Teacher]
  teacherPaginatedList(first: Int, after: Int): [Teacher]
  teacherUsingCourse_arrange_teacher_id_fkey(teacher_id: Int!): Teacher
}","query  {
  teacherList {
    hometown
    age
    name
  }
}","query {
  teacherList {
    name
    age
    hometown
  }
}",Equal,N/A
"type Course {
  course: String
  course_arrange: [Course_arrange]
  course_id: Int!
  staring_date: String
}
type Course_arrange {
  course: Course
  course_id: Int!
  grade: Int!
  teacher: Teacher
  teacher_id: Int!
}
type Teacher {
  age: String
  course_arrange: [Course_arrange]
  hometown: String
  name: String
  teacher_id: Int!
}
input StringFilter {
  eq: String
  like: String
}
input CourseFilter {
  course: StringFilter
}
type Query {
  course(course_id: Int!): Course
  courseList: [Course]
  courseFilterList(filter: CourseFilter): [Course]
  coursePaginatedList(first: Int, after: Int): [Course]
  courseUsingCourse_arrange_course_id_fkey(course_id: Int!): Course
  course_arrange(
    course_id: Int!
    teacher_id: Int!
    grade: Int!
  ): Course_arrange
  course_arrangeList: [Course_arrange]
  course_arrangePaginatedList(first: Int, after: Int): [Course_arrange]
  course_arrangeUsingCourse_arrange_course_id_fkey(
    course_id: Int!
  ): [Course_arrange]
  course_arrangeUsingCourse_arrange_teacher_id_fkey(
    teacher_id: Int!
  ): [Course_arrange]
  teacher(teacher_id: Int!): Teacher
  teacherList: [Teacher]
  teacherPaginatedList(first: Int, after: Int): [Teacher]
  teacherUsingCourse_arrange_teacher_id_fkey(teacher_id: Int!): Teacher
}","query  {
  teacherList {
    hometown
    age
    name
  }
}","query {
  teacherList {
    name
    age
    hometown
  }
}",Equal,N/A
"type Course {
  course: String
  course_arrange: [Course_arrange]
  course_id: Int!
  staring_date: String
}
type Course_arrange {
  course: Course
  course_id: Int!
  grade: Int!
  teacher: Teacher
  teacher_id: Int!
}
type Teacher {
  age: String
  course_arrange: [Course_arrange]
  hometown: String
  name: String
  teacher_id: Int!
}
input StringFilter {
  eq: String
  like: String
}
input CourseFilter {
  course: StringFilter
}
type Query {
  course(course_id: Int!): Course
  courseList: [Course]
  courseFilterList(filter: CourseFilter): [Course]
  coursePaginatedList(first: Int, after: Int): [Course]
  courseUsingCourse_arrange_course_id_fkey(course_id: Int!): Course
  course_arrange(
    course_id: Int!
    teacher_id: Int!
    grade: Int!
  ): Course_arrange
  course_arrangeList: [Course_arrange]
  course_arrangePaginatedList(first: Int, after: Int): [Course_arrange]
  course_arrangeUsingCourse_arrange_course_id_fkey(
    course_id: Int!
  ): [Course_arrange]
  course_arrangeUsingCourse_arrange_teacher_id_fkey(
    teacher_id: Int!
  ): [Course_arrange]
  teacher(teacher_id: Int!): Teacher
  teacherList: [Teacher]
  teacherPaginatedList(first: Int, after: Int): [Teacher]
  teacherUsingCourse_arrange_teacher_id_fkey(teacher_id: Int!): Teacher
}","query  {
  teacherList {
    hometown
    age
    name
  }
}","query {
  teacherList {
    name
    age
    hometown
  }
}",Equal,N/A
"type Course {
  course: String
  course_arrange: [Course_arrange]
  course_id: Int!
  staring_date: String
}
type Course_arrange {
  course: Course
  course_id: Int!
  grade: Int!
  teacher: Teacher
  teacher_id: Int!
}
type Teacher {
  age: String
  course_arrange: [Course_arrange]
  hometown: String
  name: String
  teacher_id: Int!
}
input StringFilter {
  eq: String
  like: String
}
input CourseFilter {
  course: StringFilter
}
type Query {
  course(course_id: Int!): Course
  courseList: [Course]
  courseFilterList(filter: CourseFilter): [Course]
  coursePaginatedList(first: Int, after: Int): [Course]
  courseUsingCourse_arrange_course_id_fkey(course_id: Int!): Course
  course_arrange(
    course_id: Int!
    teacher_id: Int!
    grade: Int!
  ): Course_arrange
  course_arrangeList: [Course_arrange]
  course_arrangePaginatedList(first: Int, after: Int): [Course_arrange]
  course_arrangeUsingCourse_arrange_course_id_fkey(
    course_id: Int!
  ): [Course_arrange]
  course_arrangeUsingCourse_arrange_teacher_id_fkey(
    teacher_id: Int!
  ): [Course_arrange]
  teacher(teacher_id: Int!): Teacher
  teacherList: [Teacher]
  teacherPaginatedList(first: Int, after: Int): [Teacher]
  teacherUsingCourse_arrange_teacher_id_fkey(teacher_id: Int!): Teacher
}","query  {
  teacherList {
    hometown
    age
    name
  }
}","query {
  teacherList {
    name
    age
    hometown
  }
}",Equal,N/A
"type Course {
  course: String
  course_arrange: [Course_arrange]
  course_id: Int!
  staring_date: String
}
type Course_arrange {
  course: Course
  course_id: Int!
  grade: Int!
  teacher: Teacher
  teacher_id: Int!
}
type Teacher {
  age: String
  course_arrange: [Course_arrange]
  hometown: String
  name: String
  teacher_id: Int!
}
input StringFilter {
  eq: String
  like: String
}
input CourseFilter {
  course: StringFilter
}
type Query {
  course(course_id: Int!): Course
  courseList: [Course]
  courseFilterList(filter: CourseFilter): [Course]
  coursePaginatedList(first: Int, after: Int): [Course]
  courseUsingCourse_arrange_course_id_fkey(course_id: Int!): Course
  course_arrange(
    course_id: Int!
    teacher_id: Int!
    grade: Int!
  ): Course_arrange
  course_arrangeList: [Course_arrange]
  course_arrangePaginatedList(first: Int, after: Int): [Course_arrange]
  course_arrangeUsingCourse_arrange_course_id_fkey(
    course_id: Int!
  ): [Course_arrange]
  course_arrangeUsingCourse_arrange_teacher_id_fkey(
    teacher_id: Int!
  ): [Course_arrange]
  teacher(teacher_id: Int!): Teacher
  teacherList: [Teacher]
  teacherPaginatedList(first: Int, after: Int): [Teacher]
  teacherUsingCourse_arrange_teacher_id_fkey(teacher_id: Int!): Teacher
}","query  {
  teacherList {
    hometown
    age
    name
  }
}","query {
  teacherList {
    name
    age
    hometown
  }
}",Equal,N/A
"type Course {
  course: String
  course_arrange: [Course_arrange]
  course_id: Int!
  staring_date: String
}
type Course_arrange {
  course: Course
  course_id: Int!
  grade: Int!
  teacher: Teacher
  teacher_id: Int!
}
type Teacher {
  age: String
  course_arrange: [Course_arrange]
  hometown: String
  name: String
  teacher_id: Int!
}
input StringFilter {
  eq: String
  like: String
}
input CourseFilter {
  course: StringFilter
}
type Query {
  course(course_id: Int!): Course
  courseList: [Course]
  courseFilterList(filter: CourseFilter): [Course]
  coursePaginatedList(first: Int, after: Int): [Course]
  courseUsingCourse_arrange_course_id_fkey(course_id: Int!): Course
  course_arrange(
    course_id: Int!
    teacher_id: Int!
    grade: Int!
  ): Course_arrange
  course_arrangeList: [Course_arrange]
  course_arrangePaginatedList(first: Int, after: Int): [Course_arrange]
  course_arrangeUsingCourse_arrange_course_id_fkey(
    course_id: Int!
  ): [Course_arrange]
  course_arrangeUsingCourse_arrange_teacher_id_fkey(
    teacher_id: Int!
  ): [Course_arrange]
  teacher(teacher_id: Int!): Teacher
  teacherList: [Teacher]
  teacherPaginatedList(first: Int, after: Int): [Teacher]
  teacherUsingCourse_arrange_teacher_id_fkey(teacher_id: Int!): Teacher
}","query  {
  teacherList {
    hometown
    age
    name
  }
}","query {
  teacherList {
    name
    age
    hometown
  }
}",Equal,N/A
"type Course {
  course: String
  course_arrange: [Course_arrange]
  course_id: Int!
  staring_date: String
}
type Course_arrange {
  course: Course
  course_id: Int!
  grade: Int!
  teacher: Teacher
  teacher_id: Int!
}
type Teacher {
  age: String
  course_arrange: [Course_arrange]
  hometown: String
  name: String
  teacher_id: Int!
}
input StringFilter {
  eq: String
  like: String
}
input CourseFilter {
  course: StringFilter
}
type Query {
  course(course_id: Int!): Course
  courseList: [Course]
  courseFilterList(filter: CourseFilter): [Course]
  coursePaginatedList(first: Int, after: Int): [Course]
  courseUsingCourse_arrange_course_id_fkey(course_id: Int!): Course
  course_arrange(
    course_id: Int!
    teacher_id: Int!
    grade: Int!
  ): Course_arrange
  course_arrangeList: [Course_arrange]
  course_arrangePaginatedList(first: Int, after: Int): [Course_arrange]
  course_arrangeUsingCourse_arrange_course_id_fkey(
    course_id: Int!
  ): [Course_arrange]
  course_arrangeUsingCourse_arrange_teacher_id_fkey(
    teacher_id: Int!
  ): [Course_arrange]
  teacher(teacher_id: Int!): Teacher
  teacherList: [Teacher]
  teacherPaginatedList(first: Int, after: Int): [Teacher]
  teacherUsingCourse_arrange_teacher_id_fkey(teacher_id: Int!): Teacher
}","query  {
  teacherList {
    teacher_id
    name
    age
  }
}","query {
  teacherList {
    name
    age
    teacher_id
  }
}",Equal,N/A
"type Course {
  course: String
  course_arrange: [Course_arrange]
  course_id: Int!
  staring_date: String
}
type Course_arrange {
  course: Course
  course_id: Int!
  grade: Int!
  teacher: Teacher
  teacher_id: Int!
}
type Teacher {
  age: String
  course_arrange: [Course_arrange]
  hometown: String
  name: String
  teacher_id: Int!
}
input StringFilter {
  eq: String
  like: String
}
input CourseFilter {
  course: StringFilter
}
type Query {
  course(course_id: Int!): Course
  courseList: [Course]
  courseFilterList(filter: CourseFilter): [Course]
  coursePaginatedList(first: Int, after: Int): [Course]
  courseUsingCourse_arrange_course_id_fkey(course_id: Int!): Course
  course_arrange(
    course_id: Int!
    teacher_id: Int!
    grade: Int!
  ): Course_arrange
  course_arrangeList: [Course_arrange]
  course_arrangePaginatedList(first: Int, after: Int): [Course_arrange]
  course_arrangeUsingCourse_arrange_course_id_fkey(
    course_id: Int!
  ): [Course_arrange]
  course_arrangeUsingCourse_arrange_teacher_id_fkey(
    teacher_id: Int!
  ): [Course_arrange]
  teacher(teacher_id: Int!): Teacher
  teacherList: [Teacher]
  teacherPaginatedList(first: Int, after: Int): [Teacher]
  teacherUsingCourse_arrange_teacher_id_fkey(teacher_id: Int!): Teacher
}","query  {
  teacherList {
    teacher_id
    name
    age
  }
}","query {
  teacherList {
    name
    age
    teacher_id
  }
}",Equal,N/A
"type Course {
  course: String
  course_arrange: [Course_arrange]
  course_id: Int!
  staring_date: String
}
type Course_arrange {
  course: Course
  course_id: Int!
  grade: Int!
  teacher: Teacher
  teacher_id: Int!
}
type Teacher {
  age: String
  course_arrange: [Course_arrange]
  hometown: String
  name: String
  teacher_id: Int!
}
input StringFilter {
  eq: String
  like: String
}
input CourseFilter {
  course: StringFilter
}
type Query {
  course(course_id: Int!): Course
  courseList: [Course]
  courseFilterList(filter: CourseFilter): [Course]
  coursePaginatedList(first: Int, after: Int): [Course]
  courseUsingCourse_arrange_course_id_fkey(course_id: Int!): Course
  course_arrange(
    course_id: Int!
    teacher_id: Int!
    grade: Int!
  ): Course_arrange
  course_arrangeList: [Course_arrange]
  course_arrangePaginatedList(first: Int, after: Int): [Course_arrange]
  course_arrangeUsingCourse_arrange_course_id_fkey(
    course_id: Int!
  ): [Course_arrange]
  course_arrangeUsingCourse_arrange_teacher_id_fkey(
    teacher_id: Int!
  ): [Course_arrange]
  teacher(teacher_id: Int!): Teacher
  teacherList: [Teacher]
  teacherPaginatedList(first: Int, after: Int): [Teacher]
  teacherUsingCourse_arrange_teacher_id_fkey(teacher_id: Int!): Teacher
}","query  {
  teacherList {
    teacher_id
    name
    age
  }
}","query {
  teacherList {
    name
    age
    teacher_id
  }
}",Equal,N/A
"type Course {
  course: String
  course_arrange: [Course_arrange]
  course_id: Int!
  staring_date: String
}
type Course_arrange {
  course: Course
  course_id: Int!
  grade: Int!
  teacher: Teacher
  teacher_id: Int!
}
type Teacher {
  age: String
  course_arrange: [Course_arrange]
  hometown: String
  name: String
  teacher_id: Int!
}
input StringFilter {
  eq: String
  like: String
}
input CourseFilter {
  course: StringFilter
}
type Query {
  course(course_id: Int!): Course
  courseList: [Course]
  courseFilterList(filter: CourseFilter): [Course]
  coursePaginatedList(first: Int, after: Int): [Course]
  courseUsingCourse_arrange_course_id_fkey(course_id: Int!): Course
  course_arrange(
    course_id: Int!
    teacher_id: Int!
    grade: Int!
  ): Course_arrange
  course_arrangeList: [Course_arrange]
  course_arrangePaginatedList(first: Int, after: Int): [Course_arrange]
  course_arrangeUsingCourse_arrange_course_id_fkey(
    course_id: Int!
  ): [Course_arrange]
  course_arrangeUsingCourse_arrange_teacher_id_fkey(
    teacher_id: Int!
  ): [Course_arrange]
  teacher(teacher_id: Int!): Teacher
  teacherList: [Teacher]
  teacherPaginatedList(first: Int, after: Int): [Teacher]
  teacherUsingCourse_arrange_teacher_id_fkey(teacher_id: Int!): Teacher
}","query  {
  teacherList {
    teacher_id
    name
    age
  }
}","query {
  teacherList {
    name
    age
    teacher_id
  }
}",Equal,N/A
"type Course {
  course: String
  course_arrange: [Course_arrange]
  course_id: Int!
  staring_date: String
}
type Course_arrange {
  course: Course
  course_id: Int!
  grade: Int!
  teacher: Teacher
  teacher_id: Int!
}
type Teacher {
  age: String
  course_arrange: [Course_arrange]
  hometown: String
  name: String
  teacher_id: Int!
}
input StringFilter {
  eq: String
  like: String
}
input CourseFilter {
  course: StringFilter
}
type Query {
  course(course_id: Int!): Course
  courseList: [Course]
  courseFilterList(filter: CourseFilter): [Course]
  coursePaginatedList(first: Int, after: Int): [Course]
  courseUsingCourse_arrange_course_id_fkey(course_id: Int!): Course
  course_arrange(
    course_id: Int!
    teacher_id: Int!
    grade: Int!
  ): Course_arrange
  course_arrangeList: [Course_arrange]
  course_arrangePaginatedList(first: Int, after: Int): [Course_arrange]
  course_arrangeUsingCourse_arrange_course_id_fkey(
    course_id: Int!
  ): [Course_arrange]
  course_arrangeUsingCourse_arrange_teacher_id_fkey(
    teacher_id: Int!
  ): [Course_arrange]
  teacher(teacher_id: Int!): Teacher
  teacherList: [Teacher]
  teacherPaginatedList(first: Int, after: Int): [Teacher]
  teacherUsingCourse_arrange_teacher_id_fkey(teacher_id: Int!): Teacher
}","query  {
  teacherList {
    teacher_id
    name
    age
  }
}","query {
  teacherList {
    name
    age
    teacher_id
  }
}",Equal,N/A
"type Course {
  course: String
  course_arrange: [Course_arrange]
  course_id: Int!
  staring_date: String
}
type Course_arrange {
  course: Course
  course_id: Int!
  grade: Int!
  teacher: Teacher
  teacher_id: Int!
}
type Teacher {
  age: String
  course_arrange: [Course_arrange]
  hometown: String
  name: String
  teacher_id: Int!
}
input StringFilter {
  eq: String
  like: String
}
input CourseFilter {
  course: StringFilter
}
type Query {
  course(course_id: Int!): Course
  courseList: [Course]
  courseFilterList(filter: CourseFilter): [Course]
  coursePaginatedList(first: Int, after: Int): [Course]
  courseUsingCourse_arrange_course_id_fkey(course_id: Int!): Course
  course_arrange(
    course_id: Int!
    teacher_id: Int!
    grade: Int!
  ): Course_arrange
  course_arrangeList: [Course_arrange]
  course_arrangePaginatedList(first: Int, after: Int): [Course_arrange]
  course_arrangeUsingCourse_arrange_course_id_fkey(
    course_id: Int!
  ): [Course_arrange]
  course_arrangeUsingCourse_arrange_teacher_id_fkey(
    teacher_id: Int!
  ): [Course_arrange]
  teacher(teacher_id: Int!): Teacher
  teacherList: [Teacher]
  teacherPaginatedList(first: Int, after: Int): [Teacher]
  teacherUsingCourse_arrange_teacher_id_fkey(teacher_id: Int!): Teacher
}","query  {
  teacherList {
    teacher_id
    name
    age
  }
}","query {
  teacherList {
    name
    age
    teacher_id
  }
}",Equal,N/A
"type Course {
  course: String
  course_arrange: [Course_arrange]
  course_id: Int!
  staring_date: String
}
type Course_arrange {
  course: Course
  course_id: Int!
  grade: Int!
  teacher: Teacher
  teacher_id: Int!
}
type Teacher {
  age: String
  course_arrange: [Course_arrange]
  hometown: String
  name: String
  teacher_id: Int!
}
input StringFilter {
  eq: String
  like: String
}
input CourseFilter {
  course: StringFilter
}
type Query {
  course(course_id: Int!): Course
  courseList: [Course]
  courseFilterList(filter: CourseFilter): [Course]
  coursePaginatedList(first: Int, after: Int): [Course]
  courseUsingCourse_arrange_course_id_fkey(course_id: Int!): Course
  course_arrange(
    course_id: Int!
    teacher_id: Int!
    grade: Int!
  ): Course_arrange
  course_arrangeList: [Course_arrange]
  course_arrangePaginatedList(first: Int, after: Int): [Course_arrange]
  course_arrangeUsingCourse_arrange_course_id_fkey(
    course_id: Int!
  ): [Course_arrange]
  course_arrangeUsingCourse_arrange_teacher_id_fkey(
    teacher_id: Int!
  ): [Course_arrange]
  teacher(teacher_id: Int!): Teacher
  teacherList: [Teacher]
  teacherPaginatedList(first: Int, after: Int): [Teacher]
  teacherUsingCourse_arrange_teacher_id_fkey(teacher_id: Int!): Teacher
}","query  {
  teacherList {
    teacher_id
    name
    age
  }
}","query {
  teacherList {
    name
    age
    teacher_id
  }
}",Equal,N/A
"type Course {
  course: String
  course_arrange: [Course_arrange]
  course_id: Int!
  staring_date: String
}
type Course_arrange {
  course: Course
  course_id: Int!
  grade: Int!
  teacher: Teacher
  teacher_id: Int!
}
type Teacher {
  age: String
  course_arrange: [Course_arrange]
  hometown: String
  name: String
  teacher_id: Int!
}
input StringFilter {
  eq: String
  like: String
}
input CourseFilter {
  course: StringFilter
}
type Query {
  course(course_id: Int!): Course
  courseList: [Course]
  courseFilterList(filter: CourseFilter): [Course]
  coursePaginatedList(first: Int, after: Int): [Course]
  courseUsingCourse_arrange_course_id_fkey(course_id: Int!): Course
  course_arrange(
    course_id: Int!
    teacher_id: Int!
    grade: Int!
  ): Course_arrange
  course_arrangeList: [Course_arrange]
  course_arrangePaginatedList(first: Int, after: Int): [Course_arrange]
  course_arrangeUsingCourse_arrange_course_id_fkey(
    course_id: Int!
  ): [Course_arrange]
  course_arrangeUsingCourse_arrange_teacher_id_fkey(
    teacher_id: Int!
  ): [Course_arrange]
  teacher(teacher_id: Int!): Teacher
  teacherList: [Teacher]
  teacherPaginatedList(first: Int, after: Int): [Teacher]
  teacherUsingCourse_arrange_teacher_id_fkey(teacher_id: Int!): Teacher
}","query  {
  teacherList {
    teacher_id
    name
    age
  }
}","query {
  teacherList {
    name
    age
    teacher_id
  }
}",Equal,N/A
"type Course {
  course: String
  course_arrange: [Course_arrange]
  course_id: Int!
  staring_date: String
}
type Course_arrange {
  course: Course
  course_id: Int!
  grade: Int!
  teacher: Teacher
  teacher_id: Int!
}
type Teacher {
  age: String
  course_arrange: [Course_arrange]
  hometown: String
  name: String
  teacher_id: Int!
}
input StringFilter {
  eq: String
  like: String
}
input CourseFilter {
  course: StringFilter
}
type Query {
  course(course_id: Int!): Course
  courseList: [Course]
  courseFilterList(filter: CourseFilter): [Course]
  coursePaginatedList(first: Int, after: Int): [Course]
  courseUsingCourse_arrange_course_id_fkey(course_id: Int!): Course
  course_arrange(
    course_id: Int!
    teacher_id: Int!
    grade: Int!
  ): Course_arrange
  course_arrangeList: [Course_arrange]
  course_arrangePaginatedList(first: Int, after: Int): [Course_arrange]
  course_arrangeUsingCourse_arrange_course_id_fkey(
    course_id: Int!
  ): [Course_arrange]
  course_arrangeUsingCourse_arrange_teacher_id_fkey(
    teacher_id: Int!
  ): [Course_arrange]
  teacher(teacher_id: Int!): Teacher
  teacherList: [Teacher]
  teacherPaginatedList(first: Int, after: Int): [Teacher]
  teacherUsingCourse_arrange_teacher_id_fkey(teacher_id: Int!): Teacher
}","query  {
  teacherList {
    teacher_id
    name
    age
  }
}","query {
  teacherList {
    name
    age
    teacher_id
  }
}",Equal,N/A
"type Course {
  course: String
  course_arrange: [Course_arrange]
  course_id: Int!
  staring_date: String
}
type Course_arrange {
  course: Course
  course_id: Int!
  grade: Int!
  teacher: Teacher
  teacher_id: Int!
}
type Teacher {
  age: String
  course_arrange: [Course_arrange]
  hometown: String
  name: String
  teacher_id: Int!
}
input StringFilter {
  eq: String
  like: String
}
input CourseFilter {
  course: StringFilter
}
type Query {
  course(course_id: Int!): Course
  courseList: [Course]
  courseFilterList(filter: CourseFilter): [Course]
  coursePaginatedList(first: Int, after: Int): [Course]
  courseUsingCourse_arrange_course_id_fkey(course_id: Int!): Course
  course_arrange(
    course_id: Int!
    teacher_id: Int!
    grade: Int!
  ): Course_arrange
  course_arrangeList: [Course_arrange]
  course_arrangePaginatedList(first: Int, after: Int): [Course_arrange]
  course_arrangeUsingCourse_arrange_course_id_fkey(
    course_id: Int!
  ): [Course_arrange]
  course_arrangeUsingCourse_arrange_teacher_id_fkey(
    teacher_id: Int!
  ): [Course_arrange]
  teacher(teacher_id: Int!): Teacher
  teacherList: [Teacher]
  teacherPaginatedList(first: Int, after: Int): [Teacher]
  teacherUsingCourse_arrange_teacher_id_fkey(teacher_id: Int!): Teacher
}","query  {
  teacherList {
    teacher_id
    name
    age
  }
}","query {
  teacherList {
    name
    age
    teacher_id
  }
}",Equal,N/A
"type Course {
  course: String
  course_arrange: [Course_arrange]
  course_id: Int!
  staring_date: String
}
type Course_arrange {
  course: Course
  course_id: Int!
  grade: Int!
  teacher: Teacher
  teacher_id: Int!
}
type Teacher {
  age: String
  course_arrange: [Course_arrange]
  hometown: String
  name: String
  teacher_id: Int!
}
input StringFilter {
  eq: String
  like: String
}
input CourseFilter {
  course: StringFilter
}
type Query {
  course(course_id: Int!): Course
  courseList: [Course]
  courseFilterList(filter: CourseFilter): [Course]
  coursePaginatedList(first: Int, after: Int): [Course]
  courseUsingCourse_arrange_course_id_fkey(course_id: Int!): Course
  course_arrange(
    course_id: Int!
    teacher_id: Int!
    grade: Int!
  ): Course_arrange
  course_arrangeList: [Course_arrange]
  course_arrangePaginatedList(first: Int, after: Int): [Course_arrange]
  course_arrangeUsingCourse_arrange_course_id_fkey(
    course_id: Int!
  ): [Course_arrange]
  course_arrangeUsingCourse_arrange_teacher_id_fkey(
    teacher_id: Int!
  ): [Course_arrange]
  teacher(teacher_id: Int!): Teacher
  teacherList: [Teacher]
  teacherPaginatedList(first: Int, after: Int): [Teacher]
  teacherUsingCourse_arrange_teacher_id_fkey(teacher_id: Int!): Teacher
}","query  {
  teacherList {
    teacher_id
    name
    age
  }
}","query {
  teacherList {
    name
    age
    teacher_id
  }
}",Equal,N/A
"type Course {
  course: String
  course_arrange: [Course_arrange]
  course_id: Int!
  staring_date: String
}
type Course_arrange {
  course: Course
  course_id: Int!
  grade: Int!
  teacher: Teacher
  teacher_id: Int!
}
type Teacher {
  age: String
  course_arrange: [Course_arrange]
  hometown: String
  name: String
  teacher_id: Int!
}
input StringFilter {
  eq: String
  like: String
}
input CourseFilter {
  course: StringFilter
}
type Query {
  course(course_id: Int!): Course
  courseList: [Course]
  courseFilterList(filter: CourseFilter): [Course]
  coursePaginatedList(first: Int, after: Int): [Course]
  courseUsingCourse_arrange_course_id_fkey(course_id: Int!): Course
  course_arrange(
    course_id: Int!
    teacher_id: Int!
    grade: Int!
  ): Course_arrange
  course_arrangeList: [Course_arrange]
  course_arrangePaginatedList(first: Int, after: Int): [Course_arrange]
  course_arrangeUsingCourse_arrange_course_id_fkey(
    course_id: Int!
  ): [Course_arrange]
  course_arrangeUsingCourse_arrange_teacher_id_fkey(
    teacher_id: Int!
  ): [Course_arrange]
  teacher(teacher_id: Int!): Teacher
  teacherList: [Teacher]
  teacherPaginatedList(first: Int, after: Int): [Teacher]
  teacherUsingCourse_arrange_teacher_id_fkey(teacher_id: Int!): Teacher
}","query  {
  teacherList {
    teacher_id
    name
    age
  }
}","query {
  teacherList {
    name
    age
    teacher_id
  }
}",Equal,N/A
"type Course {
  course: String
  course_arrange: [Course_arrange]
  course_id: Int!
  staring_date: String
}
type Course_arrange {
  course: Course
  course_id: Int!
  grade: Int!
  teacher: Teacher
  teacher_id: Int!
}
type Teacher {
  age: String
  course_arrange: [Course_arrange]
  hometown: String
  name: String
  teacher_id: Int!
}
input StringFilter {
  eq: String
  like: String
}
input CourseFilter {
  course: StringFilter
}
type Query {
  course(course_id: Int!): Course
  courseList: [Course]
  courseFilterList(filter: CourseFilter): [Course]
  coursePaginatedList(first: Int, after: Int): [Course]
  courseUsingCourse_arrange_course_id_fkey(course_id: Int!): Course
  course_arrange(
    course_id: Int!
    teacher_id: Int!
    grade: Int!
  ): Course_arrange
  course_arrangeList: [Course_arrange]
  course_arrangePaginatedList(first: Int, after: Int): [Course_arrange]
  course_arrangeUsingCourse_arrange_course_id_fkey(
    course_id: Int!
  ): [Course_arrange]
  course_arrangeUsingCourse_arrange_teacher_id_fkey(
    teacher_id: Int!
  ): [Course_arrange]
  teacher(teacher_id: Int!): Teacher
  teacherList: [Teacher]
  teacherPaginatedList(first: Int, after: Int): [Teacher]
  teacherUsingCourse_arrange_teacher_id_fkey(teacher_id: Int!): Teacher
}","query  {
  teacherList {
    teacher_id
    name
    age
  }
}","query {
  teacherList {
    name
    age
    teacher_id
  }
}",Equal,N/A
"type Course {
  course: String
  course_arrange: [Course_arrange]
  course_id: Int!
  staring_date: String
}
type Course_arrange {
  course: Course
  course_id: Int!
  grade: Int!
  teacher: Teacher
  teacher_id: Int!
}
type Teacher {
  age: String
  course_arrange: [Course_arrange]
  hometown: String
  name: String
  teacher_id: Int!
}
input StringFilter {
  eq: String
  like: String
}
input CourseFilter {
  course: StringFilter
}
type Query {
  course(course_id: Int!): Course
  courseList: [Course]
  courseFilterList(filter: CourseFilter): [Course]
  coursePaginatedList(first: Int, after: Int): [Course]
  courseUsingCourse_arrange_course_id_fkey(course_id: Int!): Course
  course_arrange(
    course_id: Int!
    teacher_id: Int!
    grade: Int!
  ): Course_arrange
  course_arrangeList: [Course_arrange]
  course_arrangePaginatedList(first: Int, after: Int): [Course_arrange]
  course_arrangeUsingCourse_arrange_course_id_fkey(
    course_id: Int!
  ): [Course_arrange]
  course_arrangeUsingCourse_arrange_teacher_id_fkey(
    teacher_id: Int!
  ): [Course_arrange]
  teacher(teacher_id: Int!): Teacher
  teacherList: [Teacher]
  teacherPaginatedList(first: Int, after: Int): [Teacher]
  teacherUsingCourse_arrange_teacher_id_fkey(teacher_id: Int!): Teacher
}","query  {
  teacherList {
    teacher_id
    name
    age
  }
}","query {
  teacherList {
    name
    age
    teacher_id
  }
}",Equal,N/A
"type Course {
  course: String
  course_arrange: [Course_arrange]
  course_id: Int!
  staring_date: String
}
type Course_arrange {
  course: Course
  course_id: Int!
  grade: Int!
  teacher: Teacher
  teacher_id: Int!
}
type Teacher {
  age: String
  course_arrange: [Course_arrange]
  hometown: String
  name: String
  teacher_id: Int!
}
input StringFilter {
  eq: String
  like: String
}
input CourseFilter {
  course: StringFilter
}
type Query {
  course(course_id: Int!): Course
  courseList: [Course]
  courseFilterList(filter: CourseFilter): [Course]
  coursePaginatedList(first: Int, after: Int): [Course]
  courseUsingCourse_arrange_course_id_fkey(course_id: Int!): Course
  course_arrange(
    course_id: Int!
    teacher_id: Int!
    grade: Int!
  ): Course_arrange
  course_arrangeList: [Course_arrange]
  course_arrangePaginatedList(first: Int, after: Int): [Course_arrange]
  course_arrangeUsingCourse_arrange_course_id_fkey(
    course_id: Int!
  ): [Course_arrange]
  course_arrangeUsingCourse_arrange_teacher_id_fkey(
    teacher_id: Int!
  ): [Course_arrange]
  teacher(teacher_id: Int!): Teacher
  teacherList: [Teacher]
  teacherPaginatedList(first: Int, after: Int): [Teacher]
  teacherUsingCourse_arrange_teacher_id_fkey(teacher_id: Int!): Teacher
}","query  {
  teacherList {
    teacher_id
    name
    age
  }
}","query {
  teacherList {
    name
    age
    teacher_id
  }
}",Equal,N/A
"type Course {
  course: String
  course_arrange: [Course_arrange]
  course_id: Int!
  staring_date: String
}
type Course_arrange {
  course: Course
  course_id: Int!
  grade: Int!
  teacher: Teacher
  teacher_id: Int!
}
type Teacher {
  age: String
  course_arrange: [Course_arrange]
  hometown: String
  name: String
  teacher_id: Int!
}
input StringFilter {
  eq: String
  like: String
}
input CourseFilter {
  course: StringFilter
}
type Query {
  course(course_id: Int!): Course
  courseList: [Course]
  courseFilterList(filter: CourseFilter): [Course]
  coursePaginatedList(first: Int, after: Int): [Course]
  courseUsingCourse_arrange_course_id_fkey(course_id: Int!): Course
  course_arrange(
    course_id: Int!
    teacher_id: Int!
    grade: Int!
  ): Course_arrange
  course_arrangeList: [Course_arrange]
  course_arrangePaginatedList(first: Int, after: Int): [Course_arrange]
  course_arrangeUsingCourse_arrange_course_id_fkey(
    course_id: Int!
  ): [Course_arrange]
  course_arrangeUsingCourse_arrange_teacher_id_fkey(
    teacher_id: Int!
  ): [Course_arrange]
  teacher(teacher_id: Int!): Teacher
  teacherList: [Teacher]
  teacherPaginatedList(first: Int, after: Int): [Teacher]
  teacherUsingCourse_arrange_teacher_id_fkey(teacher_id: Int!): Teacher
}","query  {
  teacherList {
    teacher_id
    name
    age
    hometown
  }
}","query {
  teacherList {
    name
    age
    hometown
    teacher_id
  }
}",Equal,N/A
"type Course {
  course: String
  course_arrange: [Course_arrange]
  course_id: Int!
  staring_date: String
}
type Course_arrange {
  course: Course
  course_id: Int!
  grade: Int!
  teacher: Teacher
  teacher_id: Int!
}
type Teacher {
  age: String
  course_arrange: [Course_arrange]
  hometown: String
  name: String
  teacher_id: Int!
}
input StringFilter {
  eq: String
  like: String
}
input CourseFilter {
  course: StringFilter
}
type Query {
  course(course_id: Int!): Course
  courseList: [Course]
  courseFilterList(filter: CourseFilter): [Course]
  coursePaginatedList(first: Int, after: Int): [Course]
  courseUsingCourse_arrange_course_id_fkey(course_id: Int!): Course
  course_arrange(
    course_id: Int!
    teacher_id: Int!
    grade: Int!
  ): Course_arrange
  course_arrangeList: [Course_arrange]
  course_arrangePaginatedList(first: Int, after: Int): [Course_arrange]
  course_arrangeUsingCourse_arrange_course_id_fkey(
    course_id: Int!
  ): [Course_arrange]
  course_arrangeUsingCourse_arrange_teacher_id_fkey(
    teacher_id: Int!
  ): [Course_arrange]
  teacher(teacher_id: Int!): Teacher
  teacherList: [Teacher]
  teacherPaginatedList(first: Int, after: Int): [Teacher]
  teacherUsingCourse_arrange_teacher_id_fkey(teacher_id: Int!): Teacher
}","query  {
  teacherList {
    teacher_id
    name
    age
    hometown
  }
}","query {
  teacherList {
    name
    age
    hometown
    teacher_id
  }
}",Equal,N/A
"type Course {
  course: String
  course_arrange: [Course_arrange]
  course_id: Int!
  staring_date: String
}
type Course_arrange {
  course: Course
  course_id: Int!
  grade: Int!
  teacher: Teacher
  teacher_id: Int!
}
type Teacher {
  age: String
  course_arrange: [Course_arrange]
  hometown: String
  name: String
  teacher_id: Int!
}
input StringFilter {
  eq: String
  like: String
}
input CourseFilter {
  course: StringFilter
}
type Query {
  course(course_id: Int!): Course
  courseList: [Course]
  courseFilterList(filter: CourseFilter): [Course]
  coursePaginatedList(first: Int, after: Int): [Course]
  courseUsingCourse_arrange_course_id_fkey(course_id: Int!): Course
  course_arrange(
    course_id: Int!
    teacher_id: Int!
    grade: Int!
  ): Course_arrange
  course_arrangeList: [Course_arrange]
  course_arrangePaginatedList(first: Int, after: Int): [Course_arrange]
  course_arrangeUsingCourse_arrange_course_id_fkey(
    course_id: Int!
  ): [Course_arrange]
  course_arrangeUsingCourse_arrange_teacher_id_fkey(
    teacher_id: Int!
  ): [Course_arrange]
  teacher(teacher_id: Int!): Teacher
  teacherList: [Teacher]
  teacherPaginatedList(first: Int, after: Int): [Teacher]
  teacherUsingCourse_arrange_teacher_id_fkey(teacher_id: Int!): Teacher
}","query  {
  teacherList {
    teacher_id
    name
    age
    hometown
  }
}","query {
  teacherList {
    name
    age
    hometown
    teacher_id
  }
}",Equal,N/A
"type Course {
  course: String
  course_arrange: [Course_arrange]
  course_id: Int!
  staring_date: String
}
type Course_arrange {
  course: Course
  course_id: Int!
  grade: Int!
  teacher: Teacher
  teacher_id: Int!
}
type Teacher {
  age: String
  course_arrange: [Course_arrange]
  hometown: String
  name: String
  teacher_id: Int!
}
input StringFilter {
  eq: String
  like: String
}
input CourseFilter {
  course: StringFilter
}
type Query {
  course(course_id: Int!): Course
  courseList: [Course]
  courseFilterList(filter: CourseFilter): [Course]
  coursePaginatedList(first: Int, after: Int): [Course]
  courseUsingCourse_arrange_course_id_fkey(course_id: Int!): Course
  course_arrange(
    course_id: Int!
    teacher_id: Int!
    grade: Int!
  ): Course_arrange
  course_arrangeList: [Course_arrange]
  course_arrangePaginatedList(first: Int, after: Int): [Course_arrange]
  course_arrangeUsingCourse_arrange_course_id_fkey(
    course_id: Int!
  ): [Course_arrange]
  course_arrangeUsingCourse_arrange_teacher_id_fkey(
    teacher_id: Int!
  ): [Course_arrange]
  teacher(teacher_id: Int!): Teacher
  teacherList: [Teacher]
  teacherPaginatedList(first: Int, after: Int): [Teacher]
  teacherUsingCourse_arrange_teacher_id_fkey(teacher_id: Int!): Teacher
}","query  {
  teacherList {
    teacher_id
    name
    age
    hometown
  }
}","query {
  teacherList {
    name
    age
    teacher_id
    hometown
  }
}",Equal,N/A
"type Course {
  course: String
  course_arrange: [Course_arrange]
  course_id: Int!
  staring_date: String
}
type Course_arrange {
  course: Course
  course_id: Int!
  grade: Int!
  teacher: Teacher
  teacher_id: Int!
}
type Teacher {
  age: String
  course_arrange: [Course_arrange]
  hometown: String
  name: String
  teacher_id: Int!
}
input StringFilter {
  eq: String
  like: String
}
input CourseFilter {
  course: StringFilter
}
type Query {
  course(course_id: Int!): Course
  courseList: [Course]
  courseFilterList(filter: CourseFilter): [Course]
  coursePaginatedList(first: Int, after: Int): [Course]
  courseUsingCourse_arrange_course_id_fkey(course_id: Int!): Course
  course_arrange(
    course_id: Int!
    teacher_id: Int!
    grade: Int!
  ): Course_arrange
  course_arrangeList: [Course_arrange]
  course_arrangePaginatedList(first: Int, after: Int): [Course_arrange]
  course_arrangeUsingCourse_arrange_course_id_fkey(
    course_id: Int!
  ): [Course_arrange]
  course_arrangeUsingCourse_arrange_teacher_id_fkey(
    teacher_id: Int!
  ): [Course_arrange]
  teacher(teacher_id: Int!): Teacher
  teacherList: [Teacher]
  teacherPaginatedList(first: Int, after: Int): [Teacher]
  teacherUsingCourse_arrange_teacher_id_fkey(teacher_id: Int!): Teacher
}","query  {
  teacherList {
    teacher_id
    name
    age
    hometown
  }
}","query {
  teacherList {
    name
    age
    teacher_id
    hometown
  }
}",Equal,N/A
"type Course {
  course: String
  course_arrange: [Course_arrange]
  course_id: Int!
  staring_date: String
}
type Course_arrange {
  course: Course
  course_id: Int!
  grade: Int!
  teacher: Teacher
  teacher_id: Int!
}
type Teacher {
  age: String
  course_arrange: [Course_arrange]
  hometown: String
  name: String
  teacher_id: Int!
}
input StringFilter {
  eq: String
  like: String
}
input CourseFilter {
  course: StringFilter
}
type Query {
  course(course_id: Int!): Course
  courseList: [Course]
  courseFilterList(filter: CourseFilter): [Course]
  coursePaginatedList(first: Int, after: Int): [Course]
  courseUsingCourse_arrange_course_id_fkey(course_id: Int!): Course
  course_arrange(
    course_id: Int!
    teacher_id: Int!
    grade: Int!
  ): Course_arrange
  course_arrangeList: [Course_arrange]
  course_arrangePaginatedList(first: Int, after: Int): [Course_arrange]
  course_arrangeUsingCourse_arrange_course_id_fkey(
    course_id: Int!
  ): [Course_arrange]
  course_arrangeUsingCourse_arrange_teacher_id_fkey(
    teacher_id: Int!
  ): [Course_arrange]
  teacher(teacher_id: Int!): Teacher
  teacherList: [Teacher]
  teacherPaginatedList(first: Int, after: Int): [Teacher]
  teacherUsingCourse_arrange_teacher_id_fkey(teacher_id: Int!): Teacher
}","query  {
  teacherList {
    teacher_id
    name
    age
    hometown
  }
}","query {
  teacherList {
    name
    age
    teacher_id
    hometown
  }
}",Equal,N/A
"type Course {
  course: String
  course_arrange: [Course_arrange]
  course_id: Int!
  staring_date: String
}
type Course_arrange {
  course: Course
  course_id: Int!
  grade: Int!
  teacher: Teacher
  teacher_id: Int!
}
type Teacher {
  age: String
  course_arrange: [Course_arrange]
  hometown: String
  name: String
  teacher_id: Int!
}
input StringFilter {
  eq: String
  like: String
}
input CourseFilter {
  course: StringFilter
}
type Query {
  course(course_id: Int!): Course
  courseList: [Course]
  courseFilterList(filter: CourseFilter): [Course]
  coursePaginatedList(first: Int, after: Int): [Course]
  courseUsingCourse_arrange_course_id_fkey(course_id: Int!): Course
  course_arrange(
    course_id: Int!
    teacher_id: Int!
    grade: Int!
  ): Course_arrange
  course_arrangeList: [Course_arrange]
  course_arrangePaginatedList(first: Int, after: Int): [Course_arrange]
  course_arrangeUsingCourse_arrange_course_id_fkey(
    course_id: Int!
  ): [Course_arrange]
  course_arrangeUsingCourse_arrange_teacher_id_fkey(
    teacher_id: Int!
  ): [Course_arrange]
  teacher(teacher_id: Int!): Teacher
  teacherList: [Teacher]
  teacherPaginatedList(first: Int, after: Int): [Teacher]
  teacherUsingCourse_arrange_teacher_id_fkey(teacher_id: Int!): Teacher
}","query  {
  teacherList {
    teacher_id
    name
    age
    hometown
  }
}","query {
  teacherList {
    name
    age
    teacher_id
    hometown
  }
}",Equal,N/A
"type Course {
  course: String
  course_arrange: [Course_arrange]
  course_id: Int!
  staring_date: String
}
type Course_arrange {
  course: Course
  course_id: Int!
  grade: Int!
  teacher: Teacher
  teacher_id: Int!
}
type Teacher {
  age: String
  course_arrange: [Course_arrange]
  hometown: String
  name: String
  teacher_id: Int!
}
input StringFilter {
  eq: String
  like: String
}
input CourseFilter {
  course: StringFilter
}
type Query {
  course(course_id: Int!): Course
  courseList: [Course]
  courseFilterList(filter: CourseFilter): [Course]
  coursePaginatedList(first: Int, after: Int): [Course]
  courseUsingCourse_arrange_course_id_fkey(course_id: Int!): Course
  course_arrange(
    course_id: Int!
    teacher_id: Int!
    grade: Int!
  ): Course_arrange
  course_arrangeList: [Course_arrange]
  course_arrangePaginatedList(first: Int, after: Int): [Course_arrange]
  course_arrangeUsingCourse_arrange_course_id_fkey(
    course_id: Int!
  ): [Course_arrange]
  course_arrangeUsingCourse_arrange_teacher_id_fkey(
    teacher_id: Int!
  ): [Course_arrange]
  teacher(teacher_id: Int!): Teacher
  teacherList: [Teacher]
  teacherPaginatedList(first: Int, after: Int): [Teacher]
  teacherUsingCourse_arrange_teacher_id_fkey(teacher_id: Int!): Teacher
}","query  {
  teacherList {
    teacher_id
    name
    age
    hometown
  }
}","query {
  teacherList {
    name
    age
    teacher_id
    hometown
  }
}",Equal,N/A
"type Course {
  course: String
  course_arrange: [Course_arrange]
  course_id: Int!
  staring_date: String
}
type Course_arrange {
  course: Course
  course_id: Int!
  grade: Int!
  teacher: Teacher
  teacher_id: Int!
}
type Teacher {
  age: String
  course_arrange: [Course_arrange]
  hometown: String
  name: String
  teacher_id: Int!
}
input StringFilter {
  eq: String
  like: String
}
input CourseFilter {
  course: StringFilter
}
type Query {
  course(course_id: Int!): Course
  courseList: [Course]
  courseFilterList(filter: CourseFilter): [Course]
  coursePaginatedList(first: Int, after: Int): [Course]
  courseUsingCourse_arrange_course_id_fkey(course_id: Int!): Course
  course_arrange(
    course_id: Int!
    teacher_id: Int!
    grade: Int!
  ): Course_arrange
  course_arrangeList: [Course_arrange]
  course_arrangePaginatedList(first: Int, after: Int): [Course_arrange]
  course_arrangeUsingCourse_arrange_course_id_fkey(
    course_id: Int!
  ): [Course_arrange]
  course_arrangeUsingCourse_arrange_teacher_id_fkey(
    teacher_id: Int!
  ): [Course_arrange]
  teacher(teacher_id: Int!): Teacher
  teacherList: [Teacher]
  teacherPaginatedList(first: Int, after: Int): [Teacher]
  teacherUsingCourse_arrange_teacher_id_fkey(teacher_id: Int!): Teacher
}","query  {
  teacherList {
    teacher_id
    name
    age
    hometown
  }
}","query {
  teacherList {
    name
    age
    teacher_id
    hometown
  }
}",Equal,N/A
"type Course {
  course: String
  course_arrange: [Course_arrange]
  course_id: Int!
  staring_date: String
}
type Course_arrange {
  course: Course
  course_id: Int!
  grade: Int!
  teacher: Teacher
  teacher_id: Int!
}
type Teacher {
  age: String
  course_arrange: [Course_arrange]
  hometown: String
  name: String
  teacher_id: Int!
}
input StringFilter {
  eq: String
  like: String
}
input CourseFilter {
  course: StringFilter
}
type Query {
  course(course_id: Int!): Course
  courseList: [Course]
  courseFilterList(filter: CourseFilter): [Course]
  coursePaginatedList(first: Int, after: Int): [Course]
  courseUsingCourse_arrange_course_id_fkey(course_id: Int!): Course
  course_arrange(
    course_id: Int!
    teacher_id: Int!
    grade: Int!
  ): Course_arrange
  course_arrangeList: [Course_arrange]
  course_arrangePaginatedList(first: Int, after: Int): [Course_arrange]
  course_arrangeUsingCourse_arrange_course_id_fkey(
    course_id: Int!
  ): [Course_arrange]
  course_arrangeUsingCourse_arrange_teacher_id_fkey(
    teacher_id: Int!
  ): [Course_arrange]
  teacher(teacher_id: Int!): Teacher
  teacherList: [Teacher]
  teacherPaginatedList(first: Int, after: Int): [Teacher]
  teacherUsingCourse_arrange_teacher_id_fkey(teacher_id: Int!): Teacher
}","query  {
  teacherList {
    teacher_id
    name
    age
    hometown
  }
}","query {
  teacherList {
    name
    age
    teacher_id
    hometown
  }
}",Equal,N/A
"type Course {
  course: String
  course_arrange: [Course_arrange]
  course_id: Int!
  staring_date: String
}
type Course_arrange {
  course: Course
  course_id: Int!
  grade: Int!
  teacher: Teacher
  teacher_id: Int!
}
type Teacher {
  age: String
  course_arrange: [Course_arrange]
  hometown: String
  name: String
  teacher_id: Int!
}
input StringFilter {
  eq: String
  like: String
}
input CourseFilter {
  course: StringFilter
}
type Query {
  course(course_id: Int!): Course
  courseList: [Course]
  courseFilterList(filter: CourseFilter): [Course]
  coursePaginatedList(first: Int, after: Int): [Course]
  courseUsingCourse_arrange_course_id_fkey(course_id: Int!): Course
  course_arrange(
    course_id: Int!
    teacher_id: Int!
    grade: Int!
  ): Course_arrange
  course_arrangeList: [Course_arrange]
  course_arrangePaginatedList(first: Int, after: Int): [Course_arrange]
  course_arrangeUsingCourse_arrange_course_id_fkey(
    course_id: Int!
  ): [Course_arrange]
  course_arrangeUsingCourse_arrange_teacher_id_fkey(
    teacher_id: Int!
  ): [Course_arrange]
  teacher(teacher_id: Int!): Teacher
  teacherList: [Teacher]
  teacherPaginatedList(first: Int, after: Int): [Teacher]
  teacherUsingCourse_arrange_teacher_id_fkey(teacher_id: Int!): Teacher
}","query  {
  teacherList {
    teacher_id
    name
    age
    hometown
  }
}","query {
  teacherList {
    name
    age
    teacher_id
    hometown
  }
}",Equal,N/A
"type Course {
  course: String
  course_arrange: [Course_arrange]
  course_id: Int!
  staring_date: String
}
type Course_arrange {
  course: Course
  course_id: Int!
  grade: Int!
  teacher: Teacher
  teacher_id: Int!
}
type Teacher {
  age: String
  course_arrange: [Course_arrange]
  hometown: String
  name: String
  teacher_id: Int!
}
input StringFilter {
  eq: String
  like: String
}
input CourseFilter {
  course: StringFilter
}
type Query {
  course(course_id: Int!): Course
  courseList: [Course]
  courseFilterList(filter: CourseFilter): [Course]
  coursePaginatedList(first: Int, after: Int): [Course]
  courseUsingCourse_arrange_course_id_fkey(course_id: Int!): Course
  course_arrange(
    course_id: Int!
    teacher_id: Int!
    grade: Int!
  ): Course_arrange
  course_arrangeList: [Course_arrange]
  course_arrangePaginatedList(first: Int, after: Int): [Course_arrange]
  course_arrangeUsingCourse_arrange_course_id_fkey(
    course_id: Int!
  ): [Course_arrange]
  course_arrangeUsingCourse_arrange_teacher_id_fkey(
    teacher_id: Int!
  ): [Course_arrange]
  teacher(teacher_id: Int!): Teacher
  teacherList: [Teacher]
  teacherPaginatedList(first: Int, after: Int): [Teacher]
  teacherUsingCourse_arrange_teacher_id_fkey(teacher_id: Int!): Teacher
}","query  {
  teacherList {
    teacher_id
    name
    age
    hometown
  }
}","query {
  teacherList {
    name
    age
    teacher_id
    hometown
  }
}",Equal,N/A
"type Course {
  course: String
  course_arrange: [Course_arrange]
  course_id: Int!
  staring_date: String
}
type Course_arrange {
  course: Course
  course_id: Int!
  grade: Int!
  teacher: Teacher
  teacher_id: Int!
}
type Teacher {
  age: String
  course_arrange: [Course_arrange]
  hometown: String
  name: String
  teacher_id: Int!
}
input StringFilter {
  eq: String
  like: String
}
input CourseFilter {
  course: StringFilter
}
type Query {
  course(course_id: Int!): Course
  courseList: [Course]
  courseFilterList(filter: CourseFilter): [Course]
  coursePaginatedList(first: Int, after: Int): [Course]
  courseUsingCourse_arrange_course_id_fkey(course_id: Int!): Course
  course_arrange(
    course_id: Int!
    teacher_id: Int!
    grade: Int!
  ): Course_arrange
  course_arrangeList: [Course_arrange]
  course_arrangePaginatedList(first: Int, after: Int): [Course_arrange]
  course_arrangeUsingCourse_arrange_course_id_fkey(
    course_id: Int!
  ): [Course_arrange]
  course_arrangeUsingCourse_arrange_teacher_id_fkey(
    teacher_id: Int!
  ): [Course_arrange]
  teacher(teacher_id: Int!): Teacher
  teacherList: [Teacher]
  teacherPaginatedList(first: Int, after: Int): [Teacher]
  teacherUsingCourse_arrange_teacher_id_fkey(teacher_id: Int!): Teacher
}","query  {
  teacherList {
    teacher_id
    name
    age
    hometown
  }
}","query {
  teacherList {
    name
    age
    teacher_id
    hometown
  }
}",Equal,N/A
"type Course {
  course: String
  course_arrange: [Course_arrange]
  course_id: Int!
  staring_date: String
}
type Course_arrange {
  course: Course
  course_id: Int!
  grade: Int!
  teacher: Teacher
  teacher_id: Int!
}
type Teacher {
  age: String
  course_arrange: [Course_arrange]
  hometown: String
  name: String
  teacher_id: Int!
}
input StringFilter {
  eq: String
  like: String
}
input CourseFilter {
  course: StringFilter
}
type Query {
  course(course_id: Int!): Course
  courseList: [Course]
  courseFilterList(filter: CourseFilter): [Course]
  coursePaginatedList(first: Int, after: Int): [Course]
  courseUsingCourse_arrange_course_id_fkey(course_id: Int!): Course
  course_arrange(
    course_id: Int!
    teacher_id: Int!
    grade: Int!
  ): Course_arrange
  course_arrangeList: [Course_arrange]
  course_arrangePaginatedList(first: Int, after: Int): [Course_arrange]
  course_arrangeUsingCourse_arrange_course_id_fkey(
    course_id: Int!
  ): [Course_arrange]
  course_arrangeUsingCourse_arrange_teacher_id_fkey(
    teacher_id: Int!
  ): [Course_arrange]
  teacher(teacher_id: Int!): Teacher
  teacherList: [Teacher]
  teacherPaginatedList(first: Int, after: Int): [Teacher]
  teacherUsingCourse_arrange_teacher_id_fkey(teacher_id: Int!): Teacher
}","query  {
  teacherList {
    teacher_id
    name
    age
    hometown
  }
}","query {
  teacherList {
    name
    age
    teacher_id
    hometown
  }
}",Equal,N/A
"type Course {
  course: String
  course_arrange: [Course_arrange]
  course_id: Int!
  staring_date: String
}
type Course_arrange {
  course: Course
  course_id: Int!
  grade: Int!
  teacher: Teacher
  teacher_id: Int!
}
type Teacher {
  age: String
  course_arrange: [Course_arrange]
  hometown: String
  name: String
  teacher_id: Int!
}
input StringFilter {
  eq: String
  like: String
}
input CourseFilter {
  course: StringFilter
}
type Query {
  course(course_id: Int!): Course
  courseList: [Course]
  courseFilterList(filter: CourseFilter): [Course]
  coursePaginatedList(first: Int, after: Int): [Course]
  courseUsingCourse_arrange_course_id_fkey(course_id: Int!): Course
  course_arrange(
    course_id: Int!
    teacher_id: Int!
    grade: Int!
  ): Course_arrange
  course_arrangeList: [Course_arrange]
  course_arrangePaginatedList(first: Int, after: Int): [Course_arrange]
  course_arrangeUsingCourse_arrange_course_id_fkey(
    course_id: Int!
  ): [Course_arrange]
  course_arrangeUsingCourse_arrange_teacher_id_fkey(
    teacher_id: Int!
  ): [Course_arrange]
  teacher(teacher_id: Int!): Teacher
  teacherList: [Teacher]
  teacherPaginatedList(first: Int, after: Int): [Teacher]
  teacherUsingCourse_arrange_teacher_id_fkey(teacher_id: Int!): Teacher
}","query  {
  teacherList {
    teacher_id
    name
    age
    hometown
  }
}","query {
  teacherList {
    name
    age
    teacher_id
    hometown
  }
}",Equal,N/A
"type Course {
  course: String
  course_arrange: [Course_arrange]
  course_id: Int!
  staring_date: String
}
type Course_arrange {
  course: Course
  course_id: Int!
  grade: Int!
  teacher: Teacher
  teacher_id: Int!
}
type Teacher {
  age: String
  course_arrange: [Course_arrange]
  hometown: String
  name: String
  teacher_id: Int!
}
input StringFilter {
  eq: String
  like: String
}
input CourseFilter {
  course: StringFilter
}
type Query {
  course(course_id: Int!): Course
  courseList: [Course]
  courseFilterList(filter: CourseFilter): [Course]
  coursePaginatedList(first: Int, after: Int): [Course]
  courseUsingCourse_arrange_course_id_fkey(course_id: Int!): Course
  course_arrange(
    course_id: Int!
    teacher_id: Int!
    grade: Int!
  ): Course_arrange
  course_arrangeList: [Course_arrange]
  course_arrangePaginatedList(first: Int, after: Int): [Course_arrange]
  course_arrangeUsingCourse_arrange_course_id_fkey(
    course_id: Int!
  ): [Course_arrange]
  course_arrangeUsingCourse_arrange_teacher_id_fkey(
    teacher_id: Int!
  ): [Course_arrange]
  teacher(teacher_id: Int!): Teacher
  teacherList: [Teacher]
  teacherPaginatedList(first: Int, after: Int): [Teacher]
  teacherUsingCourse_arrange_teacher_id_fkey(teacher_id: Int!): Teacher
}","query  {
  teacherList {
    teacher_id
    name
    course_arrange {
      course_id
    }
  }
}","query {
  teacherList {
    name
    teacher_id
    course_arrange {
      course_id
    }
  }
}",Equal,N/A
"type Course {
  course: String
  course_arrange: [Course_arrange]
  course_id: Int!
  staring_date: String
}
type Course_arrange {
  course: Course
  course_id: Int!
  grade: Int!
  teacher: Teacher
  teacher_id: Int!
}
type Teacher {
  age: String
  course_arrange: [Course_arrange]
  hometown: String
  name: String
  teacher_id: Int!
}
input StringFilter {
  eq: String
  like: String
}
input CourseFilter {
  course: StringFilter
}
type Query {
  course(course_id: Int!): Course
  courseList: [Course]
  courseFilterList(filter: CourseFilter): [Course]
  coursePaginatedList(first: Int, after: Int): [Course]
  courseUsingCourse_arrange_course_id_fkey(course_id: Int!): Course
  course_arrange(
    course_id: Int!
    teacher_id: Int!
    grade: Int!
  ): Course_arrange
  course_arrangeList: [Course_arrange]
  course_arrangePaginatedList(first: Int, after: Int): [Course_arrange]
  course_arrangeUsingCourse_arrange_course_id_fkey(
    course_id: Int!
  ): [Course_arrange]
  course_arrangeUsingCourse_arrange_teacher_id_fkey(
    teacher_id: Int!
  ): [Course_arrange]
  teacher(teacher_id: Int!): Teacher
  teacherList: [Teacher]
  teacherPaginatedList(first: Int, after: Int): [Teacher]
  teacherUsingCourse_arrange_teacher_id_fkey(teacher_id: Int!): Teacher
}","query  {
  teacherList {
    teacher_id
    name
    course_arrange {
      course_id
    }
  }
}","query {
  teacherList {
    name
    teacher_id
    course_arrange {
      course_id
    }
  }
}",Equal,N/A
"type Course {
  course: String
  course_arrange: [Course_arrange]
  course_id: Int!
  staring_date: String
}
type Course_arrange {
  course: Course
  course_id: Int!
  grade: Int!
  teacher: Teacher
  teacher_id: Int!
}
type Teacher {
  age: String
  course_arrange: [Course_arrange]
  hometown: String
  name: String
  teacher_id: Int!
}
input StringFilter {
  eq: String
  like: String
}
input CourseFilter {
  course: StringFilter
}
type Query {
  course(course_id: Int!): Course
  courseList: [Course]
  courseFilterList(filter: CourseFilter): [Course]
  coursePaginatedList(first: Int, after: Int): [Course]
  courseUsingCourse_arrange_course_id_fkey(course_id: Int!): Course
  course_arrange(
    course_id: Int!
    teacher_id: Int!
    grade: Int!
  ): Course_arrange
  course_arrangeList: [Course_arrange]
  course_arrangePaginatedList(first: Int, after: Int): [Course_arrange]
  course_arrangeUsingCourse_arrange_course_id_fkey(
    course_id: Int!
  ): [Course_arrange]
  course_arrangeUsingCourse_arrange_teacher_id_fkey(
    teacher_id: Int!
  ): [Course_arrange]
  teacher(teacher_id: Int!): Teacher
  teacherList: [Teacher]
  teacherPaginatedList(first: Int, after: Int): [Teacher]
  teacherUsingCourse_arrange_teacher_id_fkey(teacher_id: Int!): Teacher
}","query  {
  teacherList {
    teacher_id
    name
    course_arrange {
      course_id
    }
  }
}","query {
  teacherList {
    name
    teacher_id
    course_arrange {
      course_id
    }
  }
}",Equal,N/A
"type Course {
  course: String
  course_arrange: [Course_arrange]
  course_id: Int!
  staring_date: String
}
type Course_arrange {
  course: Course
  course_id: Int!
  grade: Int!
  teacher: Teacher
  teacher_id: Int!
}
type Teacher {
  age: String
  course_arrange: [Course_arrange]
  hometown: String
  name: String
  teacher_id: Int!
}
input StringFilter {
  eq: String
  like: String
}
input CourseFilter {
  course: StringFilter
}
type Query {
  course(course_id: Int!): Course
  courseList: [Course]
  courseFilterList(filter: CourseFilter): [Course]
  coursePaginatedList(first: Int, after: Int): [Course]
  courseUsingCourse_arrange_course_id_fkey(course_id: Int!): Course
  course_arrange(
    course_id: Int!
    teacher_id: Int!
    grade: Int!
  ): Course_arrange
  course_arrangeList: [Course_arrange]
  course_arrangePaginatedList(first: Int, after: Int): [Course_arrange]
  course_arrangeUsingCourse_arrange_course_id_fkey(
    course_id: Int!
  ): [Course_arrange]
  course_arrangeUsingCourse_arrange_teacher_id_fkey(
    teacher_id: Int!
  ): [Course_arrange]
  teacher(teacher_id: Int!): Teacher
  teacherList: [Teacher]
  teacherPaginatedList(first: Int, after: Int): [Teacher]
  teacherUsingCourse_arrange_teacher_id_fkey(teacher_id: Int!): Teacher
}","query  {
  teacherList {
    teacher_id
    name
    course_arrange {
      course_id
    }
  }
}","query {
  teacherList {
    name
    teacher_id
    course_arrange {
      course_id
    }
  }
}",Equal,N/A
"type Course {
  course: String
  course_arrange: [Course_arrange]
  course_id: Int!
  staring_date: String
}
type Course_arrange {
  course: Course
  course_id: Int!
  grade: Int!
  teacher: Teacher
  teacher_id: Int!
}
type Teacher {
  age: String
  course_arrange: [Course_arrange]
  hometown: String
  name: String
  teacher_id: Int!
}
input StringFilter {
  eq: String
  like: String
}
input CourseFilter {
  course: StringFilter
}
type Query {
  course(course_id: Int!): Course
  courseList: [Course]
  courseFilterList(filter: CourseFilter): [Course]
  coursePaginatedList(first: Int, after: Int): [Course]
  courseUsingCourse_arrange_course_id_fkey(course_id: Int!): Course
  course_arrange(
    course_id: Int!
    teacher_id: Int!
    grade: Int!
  ): Course_arrange
  course_arrangeList: [Course_arrange]
  course_arrangePaginatedList(first: Int, after: Int): [Course_arrange]
  course_arrangeUsingCourse_arrange_course_id_fkey(
    course_id: Int!
  ): [Course_arrange]
  course_arrangeUsingCourse_arrange_teacher_id_fkey(
    teacher_id: Int!
  ): [Course_arrange]
  teacher(teacher_id: Int!): Teacher
  teacherList: [Teacher]
  teacherPaginatedList(first: Int, after: Int): [Teacher]
  teacherUsingCourse_arrange_teacher_id_fkey(teacher_id: Int!): Teacher
}","query  {
  teacherList {
    teacher_id
    name
    course_arrange {
      course_id
    }
  }
}","query {
  teacherList {
    name
    teacher_id
    course_arrange {
      course_id
    }
  }
}",Equal,N/A
"type Course {
  course: String
  course_arrange: [Course_arrange]
  course_id: Int!
  staring_date: String
}
type Course_arrange {
  course: Course
  course_id: Int!
  grade: Int!
  teacher: Teacher
  teacher_id: Int!
}
type Teacher {
  age: String
  course_arrange: [Course_arrange]
  hometown: String
  name: String
  teacher_id: Int!
}
input StringFilter {
  eq: String
  like: String
}
input CourseFilter {
  course: StringFilter
}
type Query {
  course(course_id: Int!): Course
  courseList: [Course]
  courseFilterList(filter: CourseFilter): [Course]
  coursePaginatedList(first: Int, after: Int): [Course]
  courseUsingCourse_arrange_course_id_fkey(course_id: Int!): Course
  course_arrange(
    course_id: Int!
    teacher_id: Int!
    grade: Int!
  ): Course_arrange
  course_arrangeList: [Course_arrange]
  course_arrangePaginatedList(first: Int, after: Int): [Course_arrange]
  course_arrangeUsingCourse_arrange_course_id_fkey(
    course_id: Int!
  ): [Course_arrange]
  course_arrangeUsingCourse_arrange_teacher_id_fkey(
    teacher_id: Int!
  ): [Course_arrange]
  teacher(teacher_id: Int!): Teacher
  teacherList: [Teacher]
  teacherPaginatedList(first: Int, after: Int): [Teacher]
  teacherUsingCourse_arrange_teacher_id_fkey(teacher_id: Int!): Teacher
}","query  {
  teacherList {
    teacher_id
    name
    course_arrange {
      course_id
    }
  }
}","query {
  teacherList {
    name
    teacher_id
    course_arrange {
      course_id
    }
  }
}",Equal,N/A
"type Course {
  course: String
  course_arrange: [Course_arrange]
  course_id: Int!
  staring_date: String
}
type Course_arrange {
  course: Course
  course_id: Int!
  grade: Int!
  teacher: Teacher
  teacher_id: Int!
}
type Teacher {
  age: String
  course_arrange: [Course_arrange]
  hometown: String
  name: String
  teacher_id: Int!
}
input StringFilter {
  eq: String
  like: String
}
input CourseFilter {
  course: StringFilter
}
type Query {
  course(course_id: Int!): Course
  courseList: [Course]
  courseFilterList(filter: CourseFilter): [Course]
  coursePaginatedList(first: Int, after: Int): [Course]
  courseUsingCourse_arrange_course_id_fkey(course_id: Int!): Course
  course_arrange(
    course_id: Int!
    teacher_id: Int!
    grade: Int!
  ): Course_arrange
  course_arrangeList: [Course_arrange]
  course_arrangePaginatedList(first: Int, after: Int): [Course_arrange]
  course_arrangeUsingCourse_arrange_course_id_fkey(
    course_id: Int!
  ): [Course_arrange]
  course_arrangeUsingCourse_arrange_teacher_id_fkey(
    teacher_id: Int!
  ): [Course_arrange]
  teacher(teacher_id: Int!): Teacher
  teacherList: [Teacher]
  teacherPaginatedList(first: Int, after: Int): [Teacher]
  teacherUsingCourse_arrange_teacher_id_fkey(teacher_id: Int!): Teacher
}","query  {
  teacherList {
    teacher_id
    name
    course_arrange {
      course_id
    }
  }
}","query {
  teacherList {
    name
    teacher_id
    course_arrange {
      course_id
    }
  }
}",Equal,N/A
"type Course {
  course: String
  course_arrange: [Course_arrange]
  course_id: Int!
  staring_date: String
}
type Course_arrange {
  course: Course
  course_id: Int!
  grade: Int!
  teacher: Teacher
  teacher_id: Int!
}
type Teacher {
  age: String
  course_arrange: [Course_arrange]
  hometown: String
  name: String
  teacher_id: Int!
}
input StringFilter {
  eq: String
  like: String
}
input CourseFilter {
  course: StringFilter
}
type Query {
  course(course_id: Int!): Course
  courseList: [Course]
  courseFilterList(filter: CourseFilter): [Course]
  coursePaginatedList(first: Int, after: Int): [Course]
  courseUsingCourse_arrange_course_id_fkey(course_id: Int!): Course
  course_arrange(
    course_id: Int!
    teacher_id: Int!
    grade: Int!
  ): Course_arrange
  course_arrangeList: [Course_arrange]
  course_arrangePaginatedList(first: Int, after: Int): [Course_arrange]
  course_arrangeUsingCourse_arrange_course_id_fkey(
    course_id: Int!
  ): [Course_arrange]
  course_arrangeUsingCourse_arrange_teacher_id_fkey(
    teacher_id: Int!
  ): [Course_arrange]
  teacher(teacher_id: Int!): Teacher
  teacherList: [Teacher]
  teacherPaginatedList(first: Int, after: Int): [Teacher]
  teacherUsingCourse_arrange_teacher_id_fkey(teacher_id: Int!): Teacher
}","query  {
  teacherList {
    teacher_id
    name
    course_arrange {
      course_id
    }
  }
}","query {
  teacherList {
    name
    teacher_id
    course_arrange {
      course_id
    }
  }
}",Equal,N/A
"type Course {
  course: String
  course_arrange: [Course_arrange]
  course_id: Int!
  staring_date: String
}
type Course_arrange {
  course: Course
  course_id: Int!
  grade: Int!
  teacher: Teacher
  teacher_id: Int!
}
type Teacher {
  age: String
  course_arrange: [Course_arrange]
  hometown: String
  name: String
  teacher_id: Int!
}
input StringFilter {
  eq: String
  like: String
}
input CourseFilter {
  course: StringFilter
}
type Query {
  course(course_id: Int!): Course
  courseList: [Course]
  courseFilterList(filter: CourseFilter): [Course]
  coursePaginatedList(first: Int, after: Int): [Course]
  courseUsingCourse_arrange_course_id_fkey(course_id: Int!): Course
  course_arrange(
    course_id: Int!
    teacher_id: Int!
    grade: Int!
  ): Course_arrange
  course_arrangeList: [Course_arrange]
  course_arrangePaginatedList(first: Int, after: Int): [Course_arrange]
  course_arrangeUsingCourse_arrange_course_id_fkey(
    course_id: Int!
  ): [Course_arrange]
  course_arrangeUsingCourse_arrange_teacher_id_fkey(
    teacher_id: Int!
  ): [Course_arrange]
  teacher(teacher_id: Int!): Teacher
  teacherList: [Teacher]
  teacherPaginatedList(first: Int, after: Int): [Teacher]
  teacherUsingCourse_arrange_teacher_id_fkey(teacher_id: Int!): Teacher
}","query  {
  teacherList {
    teacher_id
    name
    course_arrange {
      course_id
    }
  }
}","query {
  teacherList {
    name
    teacher_id
    course_arrange {
      course_id
    }
  }
}",Equal,N/A
"type Course {
  course: String
  course_arrange: [Course_arrange]
  course_id: Int!
  staring_date: String
}
type Course_arrange {
  course: Course
  course_id: Int!
  grade: Int!
  teacher: Teacher
  teacher_id: Int!
}
type Teacher {
  age: String
  course_arrange: [Course_arrange]
  hometown: String
  name: String
  teacher_id: Int!
}
input StringFilter {
  eq: String
  like: String
}
input CourseFilter {
  course: StringFilter
}
type Query {
  course(course_id: Int!): Course
  courseList: [Course]
  courseFilterList(filter: CourseFilter): [Course]
  coursePaginatedList(first: Int, after: Int): [Course]
  courseUsingCourse_arrange_course_id_fkey(course_id: Int!): Course
  course_arrange(
    course_id: Int!
    teacher_id: Int!
    grade: Int!
  ): Course_arrange
  course_arrangeList: [Course_arrange]
  course_arrangePaginatedList(first: Int, after: Int): [Course_arrange]
  course_arrangeUsingCourse_arrange_course_id_fkey(
    course_id: Int!
  ): [Course_arrange]
  course_arrangeUsingCourse_arrange_teacher_id_fkey(
    teacher_id: Int!
  ): [Course_arrange]
  teacher(teacher_id: Int!): Teacher
  teacherList: [Teacher]
  teacherPaginatedList(first: Int, after: Int): [Teacher]
  teacherUsingCourse_arrange_teacher_id_fkey(teacher_id: Int!): Teacher
}","query  {
  teacherList {
    teacher_id
    name
    course_arrange {
      course_id
    }
  }
}","query {
  teacherList {
    name
    teacher_id
    course_arrange {
      course_id
    }
  }
}",Equal,N/A
"type Course {
  course: String
  course_arrange: [Course_arrange]
  course_id: Int!
  staring_date: String
}
type Course_arrange {
  course: Course
  course_id: Int!
  grade: Int!
  teacher: Teacher
  teacher_id: Int!
}
type Teacher {
  age: String
  course_arrange: [Course_arrange]
  hometown: String
  name: String
  teacher_id: Int!
}
input StringFilter {
  eq: String
  like: String
}
input CourseFilter {
  course: StringFilter
}
type Query {
  course(course_id: Int!): Course
  courseList: [Course]
  courseFilterList(filter: CourseFilter): [Course]
  coursePaginatedList(first: Int, after: Int): [Course]
  courseUsingCourse_arrange_course_id_fkey(course_id: Int!): Course
  course_arrange(
    course_id: Int!
    teacher_id: Int!
    grade: Int!
  ): Course_arrange
  course_arrangeList: [Course_arrange]
  course_arrangePaginatedList(first: Int, after: Int): [Course_arrange]
  course_arrangeUsingCourse_arrange_course_id_fkey(
    course_id: Int!
  ): [Course_arrange]
  course_arrangeUsingCourse_arrange_teacher_id_fkey(
    teacher_id: Int!
  ): [Course_arrange]
  teacher(teacher_id: Int!): Teacher
  teacherList: [Teacher]
  teacherPaginatedList(first: Int, after: Int): [Teacher]
  teacherUsingCourse_arrange_teacher_id_fkey(teacher_id: Int!): Teacher
}","query  {
  teacherList {
    teacher_id
    name
    course_arrange {
      course_id
    }
  }
}","query {
  teacherList {
    name
    teacher_id
    course_arrange {
      course_id
    }
  }
}",Equal,N/A
"type Course {
  course: String
  course_arrange: [Course_arrange]
  course_id: Int!
  staring_date: String
}
type Course_arrange {
  course: Course
  course_id: Int!
  grade: Int!
  teacher: Teacher
  teacher_id: Int!
}
type Teacher {
  age: String
  course_arrange: [Course_arrange]
  hometown: String
  name: String
  teacher_id: Int!
}
input StringFilter {
  eq: String
  like: String
}
input CourseFilter {
  course: StringFilter
}
type Query {
  course(course_id: Int!): Course
  courseList: [Course]
  courseFilterList(filter: CourseFilter): [Course]
  coursePaginatedList(first: Int, after: Int): [Course]
  courseUsingCourse_arrange_course_id_fkey(course_id: Int!): Course
  course_arrange(
    course_id: Int!
    teacher_id: Int!
    grade: Int!
  ): Course_arrange
  course_arrangeList: [Course_arrange]
  course_arrangePaginatedList(first: Int, after: Int): [Course_arrange]
  course_arrangeUsingCourse_arrange_course_id_fkey(
    course_id: Int!
  ): [Course_arrange]
  course_arrangeUsingCourse_arrange_teacher_id_fkey(
    teacher_id: Int!
  ): [Course_arrange]
  teacher(teacher_id: Int!): Teacher
  teacherList: [Teacher]
  teacherPaginatedList(first: Int, after: Int): [Teacher]
  teacherUsingCourse_arrange_teacher_id_fkey(teacher_id: Int!): Teacher
}","query  {
  teacherList {
    teacher_id
    name
    course_arrange {
      course_id
    }
  }
}","query {
  teacherList {
    name
    teacher_id
    course_arrange {
      course_id
    }
  }
}",Equal,N/A
"type Course {
  course: String
  course_arrange: [Course_arrange]
  course_id: Int!
  staring_date: String
}
type Course_arrange {
  course: Course
  course_id: Int!
  grade: Int!
  teacher: Teacher
  teacher_id: Int!
}
type Teacher {
  age: String
  course_arrange: [Course_arrange]
  hometown: String
  name: String
  teacher_id: Int!
}
input StringFilter {
  eq: String
  like: String
}
input CourseFilter {
  course: StringFilter
}
type Query {
  course(course_id: Int!): Course
  courseList: [Course]
  courseFilterList(filter: CourseFilter): [Course]
  coursePaginatedList(first: Int, after: Int): [Course]
  courseUsingCourse_arrange_course_id_fkey(course_id: Int!): Course
  course_arrange(
    course_id: Int!
    teacher_id: Int!
    grade: Int!
  ): Course_arrange
  course_arrangeList: [Course_arrange]
  course_arrangePaginatedList(first: Int, after: Int): [Course_arrange]
  course_arrangeUsingCourse_arrange_course_id_fkey(
    course_id: Int!
  ): [Course_arrange]
  course_arrangeUsingCourse_arrange_teacher_id_fkey(
    teacher_id: Int!
  ): [Course_arrange]
  teacher(teacher_id: Int!): Teacher
  teacherList: [Teacher]
  teacherPaginatedList(first: Int, after: Int): [Teacher]
  teacherUsingCourse_arrange_teacher_id_fkey(teacher_id: Int!): Teacher
}","query  {
  teacherList {
    teacher_id
    name
    course_arrange {
      course_id
    }
  }
}","query {
  teacherList {
    name
    teacher_id
    course_arrange {
      course_id
    }
  }
}",Equal,N/A
"type Course {
  course: String
  course_arrange: [Course_arrange]
  course_id: Int!
  staring_date: String
}
type Course_arrange {
  course: Course
  course_id: Int!
  grade: Int!
  teacher: Teacher
  teacher_id: Int!
}
type Teacher {
  age: String
  course_arrange: [Course_arrange]
  hometown: String
  name: String
  teacher_id: Int!
}
input StringFilter {
  eq: String
  like: String
}
input CourseFilter {
  course: StringFilter
}
type Query {
  course(course_id: Int!): Course
  courseList: [Course]
  courseFilterList(filter: CourseFilter): [Course]
  coursePaginatedList(first: Int, after: Int): [Course]
  courseUsingCourse_arrange_course_id_fkey(course_id: Int!): Course
  course_arrange(
    course_id: Int!
    teacher_id: Int!
    grade: Int!
  ): Course_arrange
  course_arrangeList: [Course_arrange]
  course_arrangePaginatedList(first: Int, after: Int): [Course_arrange]
  course_arrangeUsingCourse_arrange_course_id_fkey(
    course_id: Int!
  ): [Course_arrange]
  course_arrangeUsingCourse_arrange_teacher_id_fkey(
    teacher_id: Int!
  ): [Course_arrange]
  teacher(teacher_id: Int!): Teacher
  teacherList: [Teacher]
  teacherPaginatedList(first: Int, after: Int): [Teacher]
  teacherUsingCourse_arrange_teacher_id_fkey(teacher_id: Int!): Teacher
}","query  {
  teacherList {
    teacher_id
    name
    course_arrange {
      course_id
    }
  }
}","query {
  teacherList {
    name
    teacher_id
    course_arrange {
      course_id
    }
  }
}",Equal,N/A
"type Course {
  course: String
  course_arrange: [Course_arrange]
  course_id: Int!
  staring_date: String
}
type Course_arrange {
  course: Course
  course_id: Int!
  grade: Int!
  teacher: Teacher
  teacher_id: Int!
}
type Teacher {
  age: String
  course_arrange: [Course_arrange]
  hometown: String
  name: String
  teacher_id: Int!
}
input StringFilter {
  eq: String
  like: String
}
input CourseFilter {
  course: StringFilter
}
type Query {
  course(course_id: Int!): Course
  courseList: [Course]
  courseFilterList(filter: CourseFilter): [Course]
  coursePaginatedList(first: Int, after: Int): [Course]
  courseUsingCourse_arrange_course_id_fkey(course_id: Int!): Course
  course_arrange(
    course_id: Int!
    teacher_id: Int!
    grade: Int!
  ): Course_arrange
  course_arrangeList: [Course_arrange]
  course_arrangePaginatedList(first: Int, after: Int): [Course_arrange]
  course_arrangeUsingCourse_arrange_course_id_fkey(
    course_id: Int!
  ): [Course_arrange]
  course_arrangeUsingCourse_arrange_teacher_id_fkey(
    teacher_id: Int!
  ): [Course_arrange]
  teacher(teacher_id: Int!): Teacher
  teacherList: [Teacher]
  teacherPaginatedList(first: Int, after: Int): [Teacher]
  teacherUsingCourse_arrange_teacher_id_fkey(teacher_id: Int!): Teacher
}","query  {
  teacherList {
    teacher_id
    name
    course_arrange {
      course_id
    }
  }
}","query {
  teacherList {
    name
    teacher_id
    course_arrange {
      course_id
    }
  }
}",Equal,N/A
"type Course {
  course: String
  course_arrange: [Course_arrange]
  course_id: Int!
  staring_date: String
}
type Course_arrange {
  course: Course
  course_id: Int!
  grade: Int!
  teacher: Teacher
  teacher_id: Int!
}
type Teacher {
  age: String
  course_arrange: [Course_arrange]
  hometown: String
  name: String
  teacher_id: Int!
}
input StringFilter {
  eq: String
  like: String
}
input CourseFilter {
  course: StringFilter
}
type Query {
  course(course_id: Int!): Course
  courseList: [Course]
  courseFilterList(filter: CourseFilter): [Course]
  coursePaginatedList(first: Int, after: Int): [Course]
  courseUsingCourse_arrange_course_id_fkey(course_id: Int!): Course
  course_arrange(
    course_id: Int!
    teacher_id: Int!
    grade: Int!
  ): Course_arrange
  course_arrangeList: [Course_arrange]
  course_arrangePaginatedList(first: Int, after: Int): [Course_arrange]
  course_arrangeUsingCourse_arrange_course_id_fkey(
    course_id: Int!
  ): [Course_arrange]
  course_arrangeUsingCourse_arrange_teacher_id_fkey(
    teacher_id: Int!
  ): [Course_arrange]
  teacher(teacher_id: Int!): Teacher
  teacherList: [Teacher]
  teacherPaginatedList(first: Int, after: Int): [Teacher]
  teacherUsingCourse_arrange_teacher_id_fkey(teacher_id: Int!): Teacher
}","query  {
  teacherList {
    teacher_id
    name
    course_arrange {
      course_id
    }
  }
}","query {
  teacherList {
    name
    teacher_id
    course_arrange {
      course_id
    }
  }
}",Equal,N/A
"type Course {
  course: String
  course_arrange: [Course_arrange]
  course_id: Int!
  staring_date: String
}
type Course_arrange {
  course: Course
  course_id: Int!
  grade: Int!
  teacher: Teacher
  teacher_id: Int!
}
type Teacher {
  age: String
  course_arrange: [Course_arrange]
  hometown: String
  name: String
  teacher_id: Int!
}
input StringFilter {
  eq: String
  like: String
}
input CourseFilter {
  course: StringFilter
}
type Query {
  course(course_id: Int!): Course
  courseList: [Course]
  courseFilterList(filter: CourseFilter): [Course]
  coursePaginatedList(first: Int, after: Int): [Course]
  courseUsingCourse_arrange_course_id_fkey(course_id: Int!): Course
  course_arrange(
    course_id: Int!
    teacher_id: Int!
    grade: Int!
  ): Course_arrange
  course_arrangeList: [Course_arrange]
  course_arrangePaginatedList(first: Int, after: Int): [Course_arrange]
  course_arrangeUsingCourse_arrange_course_id_fkey(
    course_id: Int!
  ): [Course_arrange]
  course_arrangeUsingCourse_arrange_teacher_id_fkey(
    teacher_id: Int!
  ): [Course_arrange]
  teacher(teacher_id: Int!): Teacher
  teacherList: [Teacher]
  teacherPaginatedList(first: Int, after: Int): [Teacher]
  teacherUsingCourse_arrange_teacher_id_fkey(teacher_id: Int!): Teacher
}","query  {
  courseList {
    course
    course_arrange {
      teacher_id
    }
  }
}","query {
  courseList {
    course
    course_arrange {
      teacher_id
    }
  }
}",Unequal,N/A
"type Course {
  course: String
  course_arrange: [Course_arrange]
  course_id: Int!
  staring_date: String
}
type Course_arrange {
  course: Course
  course_id: Int!
  grade: Int!
  teacher: Teacher
  teacher_id: Int!
}
type Teacher {
  age: String
  course_arrange: [Course_arrange]
  hometown: String
  name: String
  teacher_id: Int!
}
input StringFilter {
  eq: String
  like: String
}
input CourseFilter {
  course: StringFilter
}
type Query {
  course(course_id: Int!): Course
  courseList: [Course]
  courseFilterList(filter: CourseFilter): [Course]
  coursePaginatedList(first: Int, after: Int): [Course]
  courseUsingCourse_arrange_course_id_fkey(course_id: Int!): Course
  course_arrange(
    course_id: Int!
    teacher_id: Int!
    grade: Int!
  ): Course_arrange
  course_arrangeList: [Course_arrange]
  course_arrangePaginatedList(first: Int, after: Int): [Course_arrange]
  course_arrangeUsingCourse_arrange_course_id_fkey(
    course_id: Int!
  ): [Course_arrange]
  course_arrangeUsingCourse_arrange_teacher_id_fkey(
    teacher_id: Int!
  ): [Course_arrange]
  teacher(teacher_id: Int!): Teacher
  teacherList: [Teacher]
  teacherPaginatedList(first: Int, after: Int): [Teacher]
  teacherUsingCourse_arrange_teacher_id_fkey(teacher_id: Int!): Teacher
}","query  {
  courseList {
    course
    course_arrange {
      teacher_id
    }
    staring_date
  }
}","query {
  courseList {
    course
    staring_date
    course_arrange {
      teacher_id
    }
  }
}",Unequal,N/A
"type Course {
  course: String
  course_arrange: [Course_arrange]
  course_id: Int!
  staring_date: String
}
type Course_arrange {
  course: Course
  course_id: Int!
  grade: Int!
  teacher: Teacher
  teacher_id: Int!
}
type Teacher {
  age: String
  course_arrange: [Course_arrange]
  hometown: String
  name: String
  teacher_id: Int!
}
input StringFilter {
  eq: String
  like: String
}
input CourseFilter {
  course: StringFilter
}
type Query {
  course(course_id: Int!): Course
  courseList: [Course]
  courseFilterList(filter: CourseFilter): [Course]
  coursePaginatedList(first: Int, after: Int): [Course]
  courseUsingCourse_arrange_course_id_fkey(course_id: Int!): Course
  course_arrange(
    course_id: Int!
    teacher_id: Int!
    grade: Int!
  ): Course_arrange
  course_arrangeList: [Course_arrange]
  course_arrangePaginatedList(first: Int, after: Int): [Course_arrange]
  course_arrangeUsingCourse_arrange_course_id_fkey(
    course_id: Int!
  ): [Course_arrange]
  course_arrangeUsingCourse_arrange_teacher_id_fkey(
    teacher_id: Int!
  ): [Course_arrange]
  teacher(teacher_id: Int!): Teacher
  teacherList: [Teacher]
  teacherPaginatedList(first: Int, after: Int): [Teacher]
  teacherUsingCourse_arrange_teacher_id_fkey(teacher_id: Int!): Teacher
}","query  {
  teacherList {
    age
  }
}","query {
  teacherList {
    age
  }
}",Equal,N/A
"type Course {
  course: String
  course_arrange: [Course_arrange]
  course_id: Int!
  staring_date: String
}
type Course_arrange {
  course: Course
  course_id: Int!
  grade: Int!
  teacher: Teacher
  teacher_id: Int!
}
type Teacher {
  age: String
  course_arrange: [Course_arrange]
  hometown: String
  name: String
  teacher_id: Int!
}
input StringFilter {
  eq: String
  like: String
}
input CourseFilter {
  course: StringFilter
}
type Query {
  course(course_id: Int!): Course
  courseList: [Course]
  courseFilterList(filter: CourseFilter): [Course]
  coursePaginatedList(first: Int, after: Int): [Course]
  courseUsingCourse_arrange_course_id_fkey(course_id: Int!): Course
  course_arrange(
    course_id: Int!
    teacher_id: Int!
    grade: Int!
  ): Course_arrange
  course_arrangeList: [Course_arrange]
  course_arrangePaginatedList(first: Int, after: Int): [Course_arrange]
  course_arrangeUsingCourse_arrange_course_id_fkey(
    course_id: Int!
  ): [Course_arrange]
  course_arrangeUsingCourse_arrange_teacher_id_fkey(
    teacher_id: Int!
  ): [Course_arrange]
  teacher(teacher_id: Int!): Teacher
  teacherList: [Teacher]
  teacherPaginatedList(first: Int, after: Int): [Teacher]
  teacherUsingCourse_arrange_teacher_id_fkey(teacher_id: Int!): Teacher
}","query  {
  teacherList {
    age
  }
}","query {
  teacherList {
    age
  }
}",Equal,N/A
"type Course {
  course: String
  course_arrange: [Course_arrange]
  course_id: Int!
  staring_date: String
}
type Course_arrange {
  course: Course
  course_id: Int!
  grade: Int!
  teacher: Teacher
  teacher_id: Int!
}
type Teacher {
  age: String
  course_arrange: [Course_arrange]
  hometown: String
  name: String
  teacher_id: Int!
}
input StringFilter {
  eq: String
  like: String
}
input CourseFilter {
  course: StringFilter
}
type Query {
  course(course_id: Int!): Course
  courseList: [Course]
  courseFilterList(filter: CourseFilter): [Course]
  coursePaginatedList(first: Int, after: Int): [Course]
  courseUsingCourse_arrange_course_id_fkey(course_id: Int!): Course
  course_arrange(
    course_id: Int!
    teacher_id: Int!
    grade: Int!
  ): Course_arrange
  course_arrangeList: [Course_arrange]
  course_arrangePaginatedList(first: Int, after: Int): [Course_arrange]
  course_arrangeUsingCourse_arrange_course_id_fkey(
    course_id: Int!
  ): [Course_arrange]
  course_arrangeUsingCourse_arrange_teacher_id_fkey(
    teacher_id: Int!
  ): [Course_arrange]
  teacher(teacher_id: Int!): Teacher
  teacherList: [Teacher]
  teacherPaginatedList(first: Int, after: Int): [Teacher]
  teacherUsingCourse_arrange_teacher_id_fkey(teacher_id: Int!): Teacher
}","query  {
  teacherList {
    age
  }
}","query {
  teacherList {
    age
  }
}",Equal,N/A
"type Course {
  course: String
  course_arrange: [Course_arrange]
  course_id: Int!
  staring_date: String
}
type Course_arrange {
  course: Course
  course_id: Int!
  grade: Int!
  teacher: Teacher
  teacher_id: Int!
}
type Teacher {
  age: String
  course_arrange: [Course_arrange]
  hometown: String
  name: String
  teacher_id: Int!
}
input StringFilter {
  eq: String
  like: String
}
input CourseFilter {
  course: StringFilter
}
type Query {
  course(course_id: Int!): Course
  courseList: [Course]
  courseFilterList(filter: CourseFilter): [Course]
  coursePaginatedList(first: Int, after: Int): [Course]
  courseUsingCourse_arrange_course_id_fkey(course_id: Int!): Course
  course_arrange(
    course_id: Int!
    teacher_id: Int!
    grade: Int!
  ): Course_arrange
  course_arrangeList: [Course_arrange]
  course_arrangePaginatedList(first: Int, after: Int): [Course_arrange]
  course_arrangeUsingCourse_arrange_course_id_fkey(
    course_id: Int!
  ): [Course_arrange]
  course_arrangeUsingCourse_arrange_teacher_id_fkey(
    teacher_id: Int!
  ): [Course_arrange]
  teacher(teacher_id: Int!): Teacher
  teacherList: [Teacher]
  teacherPaginatedList(first: Int, after: Int): [Teacher]
  teacherUsingCourse_arrange_teacher_id_fkey(teacher_id: Int!): Teacher
}","query  {
  teacherList {
    age
  }
}","query {
  teacherList {
    age
  }
}",Equal,N/A
"type Course {
  course: String
  course_arrange: [Course_arrange]
  course_id: Int!
  staring_date: String
}
type Course_arrange {
  course: Course
  course_id: Int!
  grade: Int!
  teacher: Teacher
  teacher_id: Int!
}
type Teacher {
  age: String
  course_arrange: [Course_arrange]
  hometown: String
  name: String
  teacher_id: Int!
}
input StringFilter {
  eq: String
  like: String
}
input CourseFilter {
  course: StringFilter
}
type Query {
  course(course_id: Int!): Course
  courseList: [Course]
  courseFilterList(filter: CourseFilter): [Course]
  coursePaginatedList(first: Int, after: Int): [Course]
  courseUsingCourse_arrange_course_id_fkey(course_id: Int!): Course
  course_arrange(
    course_id: Int!
    teacher_id: Int!
    grade: Int!
  ): Course_arrange
  course_arrangeList: [Course_arrange]
  course_arrangePaginatedList(first: Int, after: Int): [Course_arrange]
  course_arrangeUsingCourse_arrange_course_id_fkey(
    course_id: Int!
  ): [Course_arrange]
  course_arrangeUsingCourse_arrange_teacher_id_fkey(
    teacher_id: Int!
  ): [Course_arrange]
  teacher(teacher_id: Int!): Teacher
  teacherList: [Teacher]
  teacherPaginatedList(first: Int, after: Int): [Teacher]
  teacherUsingCourse_arrange_teacher_id_fkey(teacher_id: Int!): Teacher
}","query  {
  courseFilterList(filter: {course: {like: ""Music""}}) {
    course_arrange {
      teacher_id
    }
  }
}","query {
  teacherList {
    teacher_id
  }
}",Unequal,N/A
"type Course {
  course: String
  course_arrange: [Course_arrange]
  course_id: Int!
  staring_date: String
}
type Course_arrange {
  course: Course
  course_id: Int!
  grade: Int!
  teacher: Teacher
  teacher_id: Int!
}
type Teacher {
  age: String
  course_arrange: [Course_arrange]
  hometown: String
  name: String
  teacher_id: Int!
}
input StringFilter {
  eq: String
  like: String
}
input CourseFilter {
  course: StringFilter
}
type Query {
  course(course_id: Int!): Course
  courseList: [Course]
  courseFilterList(filter: CourseFilter): [Course]
  coursePaginatedList(first: Int, after: Int): [Course]
  courseUsingCourse_arrange_course_id_fkey(course_id: Int!): Course
  course_arrange(
    course_id: Int!
    teacher_id: Int!
    grade: Int!
  ): Course_arrange
  course_arrangeList: [Course_arrange]
  course_arrangePaginatedList(first: Int, after: Int): [Course_arrange]
  course_arrangeUsingCourse_arrange_course_id_fkey(
    course_id: Int!
  ): [Course_arrange]
  course_arrangeUsingCourse_arrange_teacher_id_fkey(
    teacher_id: Int!
  ): [Course_arrange]
  teacher(teacher_id: Int!): Teacher
  teacherList: [Teacher]
  teacherPaginatedList(first: Int, after: Int): [Teacher]
  teacherUsingCourse_arrange_teacher_id_fkey(teacher_id: Int!): Teacher
}","query  {
  courseFilterList(filter: {course: {like: ""Music""}}) {
    course_arrange {
      teacher_id
    }
  }
}","query {
  teacherList {
    teacher_id
  }
}",Unequal,N/A
"type Course {
  course: String
  course_arrange: [Course_arrange]
  course_id: Int!
  staring_date: String
}
type Course_arrange {
  course: Course
  course_id: Int!
  grade: Int!
  teacher: Teacher
  teacher_id: Int!
}
type Teacher {
  age: String
  course_arrange: [Course_arrange]
  hometown: String
  name: String
  teacher_id: Int!
}
input StringFilter {
  eq: String
  like: String
}
input CourseFilter {
  course: StringFilter
}
type Query {
  course(course_id: Int!): Course
  courseList: [Course]
  courseFilterList(filter: CourseFilter): [Course]
  coursePaginatedList(first: Int, after: Int): [Course]
  courseUsingCourse_arrange_course_id_fkey(course_id: Int!): Course
  course_arrange(
    course_id: Int!
    teacher_id: Int!
    grade: Int!
  ): Course_arrange
  course_arrangeList: [Course_arrange]
  course_arrangePaginatedList(first: Int, after: Int): [Course_arrange]
  course_arrangeUsingCourse_arrange_course_id_fkey(
    course_id: Int!
  ): [Course_arrange]
  course_arrangeUsingCourse_arrange_teacher_id_fkey(
    teacher_id: Int!
  ): [Course_arrange]
  teacher(teacher_id: Int!): Teacher
  teacherList: [Teacher]
  teacherPaginatedList(first: Int, after: Int): [Teacher]
  teacherUsingCourse_arrange_teacher_id_fkey(teacher_id: Int!): Teacher
}","query  {
  courseFilterList(filter: {course: {like: ""Music""}}) {
    course_arrange {
      teacher_id
    }
    course
    staring_date
  }
}","query {
  courseList {
    course
    staring_date
    course_arrange {
      teacher_id
    }
  }
}",Unequal,N/A
"type Course {
  course: String
  course_arrange: [Course_arrange]
  course_id: Int!
  staring_date: String
}
type Course_arrange {
  course: Course
  course_id: Int!
  grade: Int!
  teacher: Teacher
  teacher_id: Int!
}
type Teacher {
  age: String
  course_arrange: [Course_arrange]
  hometown: String
  name: String
  teacher_id: Int!
}
input StringFilter {
  eq: String
  like: String
}
input CourseFilter {
  course: StringFilter
}
type Query {
  course(course_id: Int!): Course
  courseList: [Course]
  courseFilterList(filter: CourseFilter): [Course]
  coursePaginatedList(first: Int, after: Int): [Course]
  courseUsingCourse_arrange_course_id_fkey(course_id: Int!): Course
  course_arrange(
    course_id: Int!
    teacher_id: Int!
    grade: Int!
  ): Course_arrange
  course_arrangeList: [Course_arrange]
  course_arrangePaginatedList(first: Int, after: Int): [Course_arrange]
  course_arrangeUsingCourse_arrange_course_id_fkey(
    course_id: Int!
  ): [Course_arrange]
  course_arrangeUsingCourse_arrange_teacher_id_fkey(
    teacher_id: Int!
  ): [Course_arrange]
  teacher(teacher_id: Int!): Teacher
  teacherList: [Teacher]
  teacherPaginatedList(first: Int, after: Int): [Teacher]
  teacherUsingCourse_arrange_teacher_id_fkey(teacher_id: Int!): Teacher
}","query  {
  courseFilterList(filter: {course: {like: ""Music""}}) {
    course_arrange {
      teacher_id
    }
    course
    staring_date
  }
}","query {
  courseList {
    course
    staring_date
    course_arrange {
      teacher_id
    }
  }
}",Unequal,N/A
"type Course {
  course: String
  course_arrange: [Course_arrange]
  course_id: Int!
  staring_date: String
}
type Course_arrange {
  course: Course
  course_id: Int!
  grade: Int!
  teacher: Teacher
  teacher_id: Int!
}
type Teacher {
  age: String
  course_arrange: [Course_arrange]
  hometown: String
  name: String
  teacher_id: Int!
}
input StringFilter {
  eq: String
  like: String
}
input CourseFilter {
  course: StringFilter
}
type Query {
  course(course_id: Int!): Course
  courseList: [Course]
  courseFilterList(filter: CourseFilter): [Course]
  coursePaginatedList(first: Int, after: Int): [Course]
  courseUsingCourse_arrange_course_id_fkey(course_id: Int!): Course
  course_arrange(
    course_id: Int!
    teacher_id: Int!
    grade: Int!
  ): Course_arrange
  course_arrangeList: [Course_arrange]
  course_arrangePaginatedList(first: Int, after: Int): [Course_arrange]
  course_arrangeUsingCourse_arrange_course_id_fkey(
    course_id: Int!
  ): [Course_arrange]
  course_arrangeUsingCourse_arrange_teacher_id_fkey(
    teacher_id: Int!
  ): [Course_arrange]
  teacher(teacher_id: Int!): Teacher
  teacherList: [Teacher]
  teacherPaginatedList(first: Int, after: Int): [Teacher]
  teacherUsingCourse_arrange_teacher_id_fkey(teacher_id: Int!): Teacher
}","query  {
  courseFilterList(filter: {course: {like: ""Music""}}) {
    course_arrange {
      teacher {
        age
        name
        teacher_id
      }
    }
  }
}","query {
  teacherList {
    name
    age
    teacher_id
  }
}",Unequal,N/A
"type Course {
  course: String
  course_arrange: [Course_arrange]
  course_id: Int!
  staring_date: String
}
type Course_arrange {
  course: Course
  course_id: Int!
  grade: Int!
  teacher: Teacher
  teacher_id: Int!
}
type Teacher {
  age: String
  course_arrange: [Course_arrange]
  hometown: String
  name: String
  teacher_id: Int!
}
input StringFilter {
  eq: String
  like: String
}
input CourseFilter {
  course: StringFilter
}
type Query {
  course(course_id: Int!): Course
  courseList: [Course]
  courseFilterList(filter: CourseFilter): [Course]
  coursePaginatedList(first: Int, after: Int): [Course]
  courseUsingCourse_arrange_course_id_fkey(course_id: Int!): Course
  course_arrange(
    course_id: Int!
    teacher_id: Int!
    grade: Int!
  ): Course_arrange
  course_arrangeList: [Course_arrange]
  course_arrangePaginatedList(first: Int, after: Int): [Course_arrange]
  course_arrangeUsingCourse_arrange_course_id_fkey(
    course_id: Int!
  ): [Course_arrange]
  course_arrangeUsingCourse_arrange_teacher_id_fkey(
    teacher_id: Int!
  ): [Course_arrange]
  teacher(teacher_id: Int!): Teacher
  teacherList: [Teacher]
  teacherPaginatedList(first: Int, after: Int): [Teacher]
  teacherUsingCourse_arrange_teacher_id_fkey(teacher_id: Int!): Teacher
}","query  {
  courseFilterList(filter: {course: {like: ""Music""}}) {
    course_arrange {
      teacher {
        age
        name
        teacher_id
      }
    }
  }
}","query {
  teacherList {
    name
    age
    teacher_id
  }
}",Unequal,N/A
"type Course {
  course: String
  course_arrange: [Course_arrange]
  course_id: Int!
  staring_date: String
}
type Course_arrange {
  course: Course
  course_id: Int!
  grade: Int!
  teacher: Teacher
  teacher_id: Int!
}
type Teacher {
  age: String
  course_arrange: [Course_arrange]
  hometown: String
  name: String
  teacher_id: Int!
}
input StringFilter {
  eq: String
  like: String
}
input CourseFilter {
  course: StringFilter
}
type Query {
  course(course_id: Int!): Course
  courseList: [Course]
  courseFilterList(filter: CourseFilter): [Course]
  coursePaginatedList(first: Int, after: Int): [Course]
  courseUsingCourse_arrange_course_id_fkey(course_id: Int!): Course
  course_arrange(
    course_id: Int!
    teacher_id: Int!
    grade: Int!
  ): Course_arrange
  course_arrangeList: [Course_arrange]
  course_arrangePaginatedList(first: Int, after: Int): [Course_arrange]
  course_arrangeUsingCourse_arrange_course_id_fkey(
    course_id: Int!
  ): [Course_arrange]
  course_arrangeUsingCourse_arrange_teacher_id_fkey(
    teacher_id: Int!
  ): [Course_arrange]
  teacher(teacher_id: Int!): Teacher
  teacherList: [Teacher]
  teacherPaginatedList(first: Int, after: Int): [Teacher]
  teacherUsingCourse_arrange_teacher_id_fkey(teacher_id: Int!): Teacher
}","query  {
  courseFilterList(filter: {course: {like: ""Music""}}) {
    course_arrange {
      teacher {
        age
        name
        teacher_id
      }
    }
  }
}","query {
  teacherList {
    name
    age
    teacher_id
  }
}",Unequal,N/A
"type Course {
  course: String
  course_arrange: [Course_arrange]
  course_id: Int!
  staring_date: String
}
type Course_arrange {
  course: Course
  course_id: Int!
  grade: Int!
  teacher: Teacher
  teacher_id: Int!
}
type Teacher {
  age: String
  course_arrange: [Course_arrange]
  hometown: String
  name: String
  teacher_id: Int!
}
input StringFilter {
  eq: String
  like: String
}
input CourseFilter {
  course: StringFilter
}
type Query {
  course(course_id: Int!): Course
  courseList: [Course]
  courseFilterList(filter: CourseFilter): [Course]
  coursePaginatedList(first: Int, after: Int): [Course]
  courseUsingCourse_arrange_course_id_fkey(course_id: Int!): Course
  course_arrange(
    course_id: Int!
    teacher_id: Int!
    grade: Int!
  ): Course_arrange
  course_arrangeList: [Course_arrange]
  course_arrangePaginatedList(first: Int, after: Int): [Course_arrange]
  course_arrangeUsingCourse_arrange_course_id_fkey(
    course_id: Int!
  ): [Course_arrange]
  course_arrangeUsingCourse_arrange_teacher_id_fkey(
    teacher_id: Int!
  ): [Course_arrange]
  teacher(teacher_id: Int!): Teacher
  teacherList: [Teacher]
  teacherPaginatedList(first: Int, after: Int): [Teacher]
  teacherUsingCourse_arrange_teacher_id_fkey(teacher_id: Int!): Teacher
}","query  {
  courseFilterList(filter: {course: {like: ""Music""}}) {
    course_arrange {
      teacher {
        age
        name
        teacher_id
      }
    }
  }
}","query {
  teacherList {
    name
    age
    teacher_id
  }
}",Unequal,N/A
"type Course {
  course: String
  course_arrange: [Course_arrange]
  course_id: Int!
  staring_date: String
}
type Course_arrange {
  course: Course
  course_id: Int!
  grade: Int!
  teacher: Teacher
  teacher_id: Int!
}
type Teacher {
  age: String
  course_arrange: [Course_arrange]
  hometown: String
  name: String
  teacher_id: Int!
}
input StringFilter {
  eq: String
  like: String
}
input CourseFilter {
  course: StringFilter
}
type Query {
  course(course_id: Int!): Course
  courseList: [Course]
  courseFilterList(filter: CourseFilter): [Course]
  coursePaginatedList(first: Int, after: Int): [Course]
  courseUsingCourse_arrange_course_id_fkey(course_id: Int!): Course
  course_arrange(
    course_id: Int!
    teacher_id: Int!
    grade: Int!
  ): Course_arrange
  course_arrangeList: [Course_arrange]
  course_arrangePaginatedList(first: Int, after: Int): [Course_arrange]
  course_arrangeUsingCourse_arrange_course_id_fkey(
    course_id: Int!
  ): [Course_arrange]
  course_arrangeUsingCourse_arrange_teacher_id_fkey(
    teacher_id: Int!
  ): [Course_arrange]
  teacher(teacher_id: Int!): Teacher
  teacherList: [Teacher]
  teacherPaginatedList(first: Int, after: Int): [Teacher]
  teacherUsingCourse_arrange_teacher_id_fkey(teacher_id: Int!): Teacher
}","query  {
  courseFilterList(filter: {course: {like: ""Music""}}) {
    course_arrange {
      teacher {
        age
        name
        teacher_id
        hometown
      }
    }
  }
}","query {
  teacherList {
    name
    age
    hometown
    teacher_id
  }
}",Unequal,N/A
"type Course {
  course: String
  course_arrange: [Course_arrange]
  course_id: Int!
  staring_date: String
}
type Course_arrange {
  course: Course
  course_id: Int!
  grade: Int!
  teacher: Teacher
  teacher_id: Int!
}
type Teacher {
  age: String
  course_arrange: [Course_arrange]
  hometown: String
  name: String
  teacher_id: Int!
}
input StringFilter {
  eq: String
  like: String
}
input CourseFilter {
  course: StringFilter
}
type Query {
  course(course_id: Int!): Course
  courseList: [Course]
  courseFilterList(filter: CourseFilter): [Course]
  coursePaginatedList(first: Int, after: Int): [Course]
  courseUsingCourse_arrange_course_id_fkey(course_id: Int!): Course
  course_arrange(
    course_id: Int!
    teacher_id: Int!
    grade: Int!
  ): Course_arrange
  course_arrangeList: [Course_arrange]
  course_arrangePaginatedList(first: Int, after: Int): [Course_arrange]
  course_arrangeUsingCourse_arrange_course_id_fkey(
    course_id: Int!
  ): [Course_arrange]
  course_arrangeUsingCourse_arrange_teacher_id_fkey(
    teacher_id: Int!
  ): [Course_arrange]
  teacher(teacher_id: Int!): Teacher
  teacherList: [Teacher]
  teacherPaginatedList(first: Int, after: Int): [Teacher]
  teacherUsingCourse_arrange_teacher_id_fkey(teacher_id: Int!): Teacher
}","query  {
  courseFilterList(filter: {course: {like: ""Music""}}) {
    course_arrange {
      teacher {
        age
        name
        teacher_id
        hometown
      }
    }
  }
}","query {
  teacherList {
    name
    age
    hometown
    teacher_id
  }
}",Unequal,N/A
"type Course {
  course: String
  course_arrange: [Course_arrange]
  course_id: Int!
  staring_date: String
}
type Course_arrange {
  course: Course
  course_id: Int!
  grade: Int!
  teacher: Teacher
  teacher_id: Int!
}
type Teacher {
  age: String
  course_arrange: [Course_arrange]
  hometown: String
  name: String
  teacher_id: Int!
}
input StringFilter {
  eq: String
  like: String
}
input CourseFilter {
  course: StringFilter
}
type Query {
  course(course_id: Int!): Course
  courseList: [Course]
  courseFilterList(filter: CourseFilter): [Course]
  coursePaginatedList(first: Int, after: Int): [Course]
  courseUsingCourse_arrange_course_id_fkey(course_id: Int!): Course
  course_arrange(
    course_id: Int!
    teacher_id: Int!
    grade: Int!
  ): Course_arrange
  course_arrangeList: [Course_arrange]
  course_arrangePaginatedList(first: Int, after: Int): [Course_arrange]
  course_arrangeUsingCourse_arrange_course_id_fkey(
    course_id: Int!
  ): [Course_arrange]
  course_arrangeUsingCourse_arrange_teacher_id_fkey(
    teacher_id: Int!
  ): [Course_arrange]
  teacher(teacher_id: Int!): Teacher
  teacherList: [Teacher]
  teacherPaginatedList(first: Int, after: Int): [Teacher]
  teacherUsingCourse_arrange_teacher_id_fkey(teacher_id: Int!): Teacher
}","query  {
  courseFilterList(filter: {course: {like: ""Music""}}) {
    course_arrange {
      teacher {
        age
        name
        teacher_id
        hometown
      }
    }
  }
}","query {
  teacherList {
    name
    age
    hometown
    teacher_id
  }
}",Unequal,N/A
"type Course {
  course: String
  course_arrange: [Course_arrange]
  course_id: Int!
  staring_date: String
}
type Course_arrange {
  course: Course
  course_id: Int!
  grade: Int!
  teacher: Teacher
  teacher_id: Int!
}
type Teacher {
  age: String
  course_arrange: [Course_arrange]
  hometown: String
  name: String
  teacher_id: Int!
}
input StringFilter {
  eq: String
  like: String
}
input CourseFilter {
  course: StringFilter
}
type Query {
  course(course_id: Int!): Course
  courseList: [Course]
  courseFilterList(filter: CourseFilter): [Course]
  coursePaginatedList(first: Int, after: Int): [Course]
  courseUsingCourse_arrange_course_id_fkey(course_id: Int!): Course
  course_arrange(
    course_id: Int!
    teacher_id: Int!
    grade: Int!
  ): Course_arrange
  course_arrangeList: [Course_arrange]
  course_arrangePaginatedList(first: Int, after: Int): [Course_arrange]
  course_arrangeUsingCourse_arrange_course_id_fkey(
    course_id: Int!
  ): [Course_arrange]
  course_arrangeUsingCourse_arrange_teacher_id_fkey(
    teacher_id: Int!
  ): [Course_arrange]
  teacher(teacher_id: Int!): Teacher
  teacherList: [Teacher]
  teacherPaginatedList(first: Int, after: Int): [Teacher]
  teacherUsingCourse_arrange_teacher_id_fkey(teacher_id: Int!): Teacher
}","query  {
  courseFilterList(filter: {course: {like: ""Music""}}) {
    course_arrange {
      teacher {
        age
        name
        teacher_id
        hometown
      }
    }
  }
}","query {
  teacherList {
    name
    age
    hometown
    teacher_id
  }
}",Unequal,N/A
"type Course {
  course: String
  course_arrange: [Course_arrange]
  course_id: Int!
  staring_date: String
}
type Course_arrange {
  course: Course
  course_id: Int!
  grade: Int!
  teacher: Teacher
  teacher_id: Int!
}
type Teacher {
  age: String
  course_arrange: [Course_arrange]
  hometown: String
  name: String
  teacher_id: Int!
}
input StringFilter {
  eq: String
  like: String
}
input CourseFilter {
  course: StringFilter
}
type Query {
  course(course_id: Int!): Course
  courseList: [Course]
  courseFilterList(filter: CourseFilter): [Course]
  coursePaginatedList(first: Int, after: Int): [Course]
  courseUsingCourse_arrange_course_id_fkey(course_id: Int!): Course
  course_arrange(
    course_id: Int!
    teacher_id: Int!
    grade: Int!
  ): Course_arrange
  course_arrangeList: [Course_arrange]
  course_arrangePaginatedList(first: Int, after: Int): [Course_arrange]
  course_arrangeUsingCourse_arrange_course_id_fkey(
    course_id: Int!
  ): [Course_arrange]
  course_arrangeUsingCourse_arrange_teacher_id_fkey(
    teacher_id: Int!
  ): [Course_arrange]
  teacher(teacher_id: Int!): Teacher
  teacherList: [Teacher]
  teacherPaginatedList(first: Int, after: Int): [Teacher]
  teacherUsingCourse_arrange_teacher_id_fkey(teacher_id: Int!): Teacher
}","query  {
  teacherList {
    teacher_id
    name
    age
  }
}","query {
  teacherList {
    name
    age
    teacher_id
  }
}",Equal,N/A
"type Course {
  course: String
  course_arrange: [Course_arrange]
  course_id: Int!
  staring_date: String
}
type Course_arrange {
  course: Course
  course_id: Int!
  grade: Int!
  teacher: Teacher
  teacher_id: Int!
}
type Teacher {
  age: String
  course_arrange: [Course_arrange]
  hometown: String
  name: String
  teacher_id: Int!
}
input StringFilter {
  eq: String
  like: String
}
input CourseFilter {
  course: StringFilter
}
type Query {
  course(course_id: Int!): Course
  courseList: [Course]
  courseFilterList(filter: CourseFilter): [Course]
  coursePaginatedList(first: Int, after: Int): [Course]
  courseUsingCourse_arrange_course_id_fkey(course_id: Int!): Course
  course_arrange(
    course_id: Int!
    teacher_id: Int!
    grade: Int!
  ): Course_arrange
  course_arrangeList: [Course_arrange]
  course_arrangePaginatedList(first: Int, after: Int): [Course_arrange]
  course_arrangeUsingCourse_arrange_course_id_fkey(
    course_id: Int!
  ): [Course_arrange]
  course_arrangeUsingCourse_arrange_teacher_id_fkey(
    teacher_id: Int!
  ): [Course_arrange]
  teacher(teacher_id: Int!): Teacher
  teacherList: [Teacher]
  teacherPaginatedList(first: Int, after: Int): [Teacher]
  teacherUsingCourse_arrange_teacher_id_fkey(teacher_id: Int!): Teacher
}","query  {
  teacherList {
    teacher_id
    name
    age
  }
}","query {
  teacherList {
    name
    age
    teacher_id
  }
}",Equal,N/A
"type Course {
  course: String
  course_arrange: [Course_arrange]
  course_id: Int!
  staring_date: String
}
type Course_arrange {
  course: Course
  course_id: Int!
  grade: Int!
  teacher: Teacher
  teacher_id: Int!
}
type Teacher {
  age: String
  course_arrange: [Course_arrange]
  hometown: String
  name: String
  teacher_id: Int!
}
input StringFilter {
  eq: String
  like: String
}
input CourseFilter {
  course: StringFilter
}
type Query {
  course(course_id: Int!): Course
  courseList: [Course]
  courseFilterList(filter: CourseFilter): [Course]
  coursePaginatedList(first: Int, after: Int): [Course]
  courseUsingCourse_arrange_course_id_fkey(course_id: Int!): Course
  course_arrange(
    course_id: Int!
    teacher_id: Int!
    grade: Int!
  ): Course_arrange
  course_arrangeList: [Course_arrange]
  course_arrangePaginatedList(first: Int, after: Int): [Course_arrange]
  course_arrangeUsingCourse_arrange_course_id_fkey(
    course_id: Int!
  ): [Course_arrange]
  course_arrangeUsingCourse_arrange_teacher_id_fkey(
    teacher_id: Int!
  ): [Course_arrange]
  teacher(teacher_id: Int!): Teacher
  teacherList: [Teacher]
  teacherPaginatedList(first: Int, after: Int): [Teacher]
  teacherUsingCourse_arrange_teacher_id_fkey(teacher_id: Int!): Teacher
}","query  {
  teacherList {
    teacher_id
    name
    age
  }
}","query {
  teacherList {
    name
    age
    teacher_id
  }
}",Equal,N/A
"type Course {
  course: String
  course_arrange: [Course_arrange]
  course_id: Int!
  staring_date: String
}
type Course_arrange {
  course: Course
  course_id: Int!
  grade: Int!
  teacher: Teacher
  teacher_id: Int!
}
type Teacher {
  age: String
  course_arrange: [Course_arrange]
  hometown: String
  name: String
  teacher_id: Int!
}
input StringFilter {
  eq: String
  like: String
}
input CourseFilter {
  course: StringFilter
}
type Query {
  course(course_id: Int!): Course
  courseList: [Course]
  courseFilterList(filter: CourseFilter): [Course]
  coursePaginatedList(first: Int, after: Int): [Course]
  courseUsingCourse_arrange_course_id_fkey(course_id: Int!): Course
  course_arrange(
    course_id: Int!
    teacher_id: Int!
    grade: Int!
  ): Course_arrange
  course_arrangeList: [Course_arrange]
  course_arrangePaginatedList(first: Int, after: Int): [Course_arrange]
  course_arrangeUsingCourse_arrange_course_id_fkey(
    course_id: Int!
  ): [Course_arrange]
  course_arrangeUsingCourse_arrange_teacher_id_fkey(
    teacher_id: Int!
  ): [Course_arrange]
  teacher(teacher_id: Int!): Teacher
  teacherList: [Teacher]
  teacherPaginatedList(first: Int, after: Int): [Teacher]
  teacherUsingCourse_arrange_teacher_id_fkey(teacher_id: Int!): Teacher
}","query  {
  teacherList {
    teacher_id
    name
    age
  }
}","query {
  teacherList {
    name
    age
    teacher_id
  }
}",Equal,N/A
"type Course {
  course: String
  course_arrange: [Course_arrange]
  course_id: Int!
  staring_date: String
}
type Course_arrange {
  course: Course
  course_id: Int!
  grade: Int!
  teacher: Teacher
  teacher_id: Int!
}
type Teacher {
  age: String
  course_arrange: [Course_arrange]
  hometown: String
  name: String
  teacher_id: Int!
}
input StringFilter {
  eq: String
  like: String
}
input CourseFilter {
  course: StringFilter
}
type Query {
  course(course_id: Int!): Course
  courseList: [Course]
  courseFilterList(filter: CourseFilter): [Course]
  coursePaginatedList(first: Int, after: Int): [Course]
  courseUsingCourse_arrange_course_id_fkey(course_id: Int!): Course
  course_arrange(
    course_id: Int!
    teacher_id: Int!
    grade: Int!
  ): Course_arrange
  course_arrangeList: [Course_arrange]
  course_arrangePaginatedList(first: Int, after: Int): [Course_arrange]
  course_arrangeUsingCourse_arrange_course_id_fkey(
    course_id: Int!
  ): [Course_arrange]
  course_arrangeUsingCourse_arrange_teacher_id_fkey(
    teacher_id: Int!
  ): [Course_arrange]
  teacher(teacher_id: Int!): Teacher
  teacherList: [Teacher]
  teacherPaginatedList(first: Int, after: Int): [Teacher]
  teacherUsingCourse_arrange_teacher_id_fkey(teacher_id: Int!): Teacher
}","query  {
  teacherList {
    teacher_id
    name
    age
  }
}","query {
  teacherList {
    name
    age
    teacher_id
  }
}",Equal,N/A
"type Course {
  course: String
  course_arrange: [Course_arrange]
  course_id: Int!
  staring_date: String
}
type Course_arrange {
  course: Course
  course_id: Int!
  grade: Int!
  teacher: Teacher
  teacher_id: Int!
}
type Teacher {
  age: String
  course_arrange: [Course_arrange]
  hometown: String
  name: String
  teacher_id: Int!
}
input StringFilter {
  eq: String
  like: String
}
input CourseFilter {
  course: StringFilter
}
type Query {
  course(course_id: Int!): Course
  courseList: [Course]
  courseFilterList(filter: CourseFilter): [Course]
  coursePaginatedList(first: Int, after: Int): [Course]
  courseUsingCourse_arrange_course_id_fkey(course_id: Int!): Course
  course_arrange(
    course_id: Int!
    teacher_id: Int!
    grade: Int!
  ): Course_arrange
  course_arrangeList: [Course_arrange]
  course_arrangePaginatedList(first: Int, after: Int): [Course_arrange]
  course_arrangeUsingCourse_arrange_course_id_fkey(
    course_id: Int!
  ): [Course_arrange]
  course_arrangeUsingCourse_arrange_teacher_id_fkey(
    teacher_id: Int!
  ): [Course_arrange]
  teacher(teacher_id: Int!): Teacher
  teacherList: [Teacher]
  teacherPaginatedList(first: Int, after: Int): [Teacher]
  teacherUsingCourse_arrange_teacher_id_fkey(teacher_id: Int!): Teacher
}","query  {
  teacherList {
    teacher_id
    name
    age
  }
}","query {
  teacherList {
    name
    age
    teacher_id
  }
}",Equal,N/A
"type Course {
  course: String
  course_arrange: [Course_arrange]
  course_id: Int!
  staring_date: String
}
type Course_arrange {
  course: Course
  course_id: Int!
  grade: Int!
  teacher: Teacher
  teacher_id: Int!
}
type Teacher {
  age: String
  course_arrange: [Course_arrange]
  hometown: String
  name: String
  teacher_id: Int!
}
input StringFilter {
  eq: String
  like: String
}
input CourseFilter {
  course: StringFilter
}
type Query {
  course(course_id: Int!): Course
  courseList: [Course]
  courseFilterList(filter: CourseFilter): [Course]
  coursePaginatedList(first: Int, after: Int): [Course]
  courseUsingCourse_arrange_course_id_fkey(course_id: Int!): Course
  course_arrange(
    course_id: Int!
    teacher_id: Int!
    grade: Int!
  ): Course_arrange
  course_arrangeList: [Course_arrange]
  course_arrangePaginatedList(first: Int, after: Int): [Course_arrange]
  course_arrangeUsingCourse_arrange_course_id_fkey(
    course_id: Int!
  ): [Course_arrange]
  course_arrangeUsingCourse_arrange_teacher_id_fkey(
    teacher_id: Int!
  ): [Course_arrange]
  teacher(teacher_id: Int!): Teacher
  teacherList: [Teacher]
  teacherPaginatedList(first: Int, after: Int): [Teacher]
  teacherUsingCourse_arrange_teacher_id_fkey(teacher_id: Int!): Teacher
}","query  {
  teacherList {
    teacher_id
    name
    age
  }
}","query {
  teacherList {
    name
    age
    teacher_id
  }
}",Equal,N/A
"type Course {
  course: String
  course_arrange: [Course_arrange]
  course_id: Int!
  staring_date: String
}
type Course_arrange {
  course: Course
  course_id: Int!
  grade: Int!
  teacher: Teacher
  teacher_id: Int!
}
type Teacher {
  age: String
  course_arrange: [Course_arrange]
  hometown: String
  name: String
  teacher_id: Int!
}
input StringFilter {
  eq: String
  like: String
}
input CourseFilter {
  course: StringFilter
}
type Query {
  course(course_id: Int!): Course
  courseList: [Course]
  courseFilterList(filter: CourseFilter): [Course]
  coursePaginatedList(first: Int, after: Int): [Course]
  courseUsingCourse_arrange_course_id_fkey(course_id: Int!): Course
  course_arrange(
    course_id: Int!
    teacher_id: Int!
    grade: Int!
  ): Course_arrange
  course_arrangeList: [Course_arrange]
  course_arrangePaginatedList(first: Int, after: Int): [Course_arrange]
  course_arrangeUsingCourse_arrange_course_id_fkey(
    course_id: Int!
  ): [Course_arrange]
  course_arrangeUsingCourse_arrange_teacher_id_fkey(
    teacher_id: Int!
  ): [Course_arrange]
  teacher(teacher_id: Int!): Teacher
  teacherList: [Teacher]
  teacherPaginatedList(first: Int, after: Int): [Teacher]
  teacherUsingCourse_arrange_teacher_id_fkey(teacher_id: Int!): Teacher
}","query  {
  teacherList {
    teacher_id
    name
    age
  }
}","query {
  teacherList {
    name
    age
    teacher_id
  }
}",Equal,N/A
"type Course {
  course: String
  course_arrange: [Course_arrange]
  course_id: Int!
  staring_date: String
}
type Course_arrange {
  course: Course
  course_id: Int!
  grade: Int!
  teacher: Teacher
  teacher_id: Int!
}
type Teacher {
  age: String
  course_arrange: [Course_arrange]
  hometown: String
  name: String
  teacher_id: Int!
}
input StringFilter {
  eq: String
  like: String
}
input CourseFilter {
  course: StringFilter
}
type Query {
  course(course_id: Int!): Course
  courseList: [Course]
  courseFilterList(filter: CourseFilter): [Course]
  coursePaginatedList(first: Int, after: Int): [Course]
  courseUsingCourse_arrange_course_id_fkey(course_id: Int!): Course
  course_arrange(
    course_id: Int!
    teacher_id: Int!
    grade: Int!
  ): Course_arrange
  course_arrangeList: [Course_arrange]
  course_arrangePaginatedList(first: Int, after: Int): [Course_arrange]
  course_arrangeUsingCourse_arrange_course_id_fkey(
    course_id: Int!
  ): [Course_arrange]
  course_arrangeUsingCourse_arrange_teacher_id_fkey(
    teacher_id: Int!
  ): [Course_arrange]
  teacher(teacher_id: Int!): Teacher
  teacherList: [Teacher]
  teacherPaginatedList(first: Int, after: Int): [Teacher]
  teacherUsingCourse_arrange_teacher_id_fkey(teacher_id: Int!): Teacher
}","query  {
  teacherList {
    teacher_id
    name
    age
    hometown
  }
}","query {
  teacherList {
    name
    age
    hometown
    teacher_id
  }
}",Equal,N/A
"type Course {
  course: String
  course_arrange: [Course_arrange]
  course_id: Int!
  staring_date: String
}
type Course_arrange {
  course: Course
  course_id: Int!
  grade: Int!
  teacher: Teacher
  teacher_id: Int!
}
type Teacher {
  age: String
  course_arrange: [Course_arrange]
  hometown: String
  name: String
  teacher_id: Int!
}
input StringFilter {
  eq: String
  like: String
}
input CourseFilter {
  course: StringFilter
}
type Query {
  course(course_id: Int!): Course
  courseList: [Course]
  courseFilterList(filter: CourseFilter): [Course]
  coursePaginatedList(first: Int, after: Int): [Course]
  courseUsingCourse_arrange_course_id_fkey(course_id: Int!): Course
  course_arrange(
    course_id: Int!
    teacher_id: Int!
    grade: Int!
  ): Course_arrange
  course_arrangeList: [Course_arrange]
  course_arrangePaginatedList(first: Int, after: Int): [Course_arrange]
  course_arrangeUsingCourse_arrange_course_id_fkey(
    course_id: Int!
  ): [Course_arrange]
  course_arrangeUsingCourse_arrange_teacher_id_fkey(
    teacher_id: Int!
  ): [Course_arrange]
  teacher(teacher_id: Int!): Teacher
  teacherList: [Teacher]
  teacherPaginatedList(first: Int, after: Int): [Teacher]
  teacherUsingCourse_arrange_teacher_id_fkey(teacher_id: Int!): Teacher
}","query  {
  teacherList {
    teacher_id
    name
    age
    hometown
  }
}","query {
  teacherList {
    name
    age
    hometown
    teacher_id
  }
}",Equal,N/A
"type Course {
  course: String
  course_arrange: [Course_arrange]
  course_id: Int!
  staring_date: String
}
type Course_arrange {
  course: Course
  course_id: Int!
  grade: Int!
  teacher: Teacher
  teacher_id: Int!
}
type Teacher {
  age: String
  course_arrange: [Course_arrange]
  hometown: String
  name: String
  teacher_id: Int!
}
input StringFilter {
  eq: String
  like: String
}
input CourseFilter {
  course: StringFilter
}
type Query {
  course(course_id: Int!): Course
  courseList: [Course]
  courseFilterList(filter: CourseFilter): [Course]
  coursePaginatedList(first: Int, after: Int): [Course]
  courseUsingCourse_arrange_course_id_fkey(course_id: Int!): Course
  course_arrange(
    course_id: Int!
    teacher_id: Int!
    grade: Int!
  ): Course_arrange
  course_arrangeList: [Course_arrange]
  course_arrangePaginatedList(first: Int, after: Int): [Course_arrange]
  course_arrangeUsingCourse_arrange_course_id_fkey(
    course_id: Int!
  ): [Course_arrange]
  course_arrangeUsingCourse_arrange_teacher_id_fkey(
    teacher_id: Int!
  ): [Course_arrange]
  teacher(teacher_id: Int!): Teacher
  teacherList: [Teacher]
  teacherPaginatedList(first: Int, after: Int): [Teacher]
  teacherUsingCourse_arrange_teacher_id_fkey(teacher_id: Int!): Teacher
}","query  {
  teacherList {
    teacher_id
    name
    age
    hometown
  }
}","query {
  teacherList {
    name
    age
    teacher_id
    hometown
  }
}",Equal,N/A
"type Course {
  course: String
  course_arrange: [Course_arrange]
  course_id: Int!
  staring_date: String
}
type Course_arrange {
  course: Course
  course_id: Int!
  grade: Int!
  teacher: Teacher
  teacher_id: Int!
}
type Teacher {
  age: String
  course_arrange: [Course_arrange]
  hometown: String
  name: String
  teacher_id: Int!
}
input StringFilter {
  eq: String
  like: String
}
input CourseFilter {
  course: StringFilter
}
type Query {
  course(course_id: Int!): Course
  courseList: [Course]
  courseFilterList(filter: CourseFilter): [Course]
  coursePaginatedList(first: Int, after: Int): [Course]
  courseUsingCourse_arrange_course_id_fkey(course_id: Int!): Course
  course_arrange(
    course_id: Int!
    teacher_id: Int!
    grade: Int!
  ): Course_arrange
  course_arrangeList: [Course_arrange]
  course_arrangePaginatedList(first: Int, after: Int): [Course_arrange]
  course_arrangeUsingCourse_arrange_course_id_fkey(
    course_id: Int!
  ): [Course_arrange]
  course_arrangeUsingCourse_arrange_teacher_id_fkey(
    teacher_id: Int!
  ): [Course_arrange]
  teacher(teacher_id: Int!): Teacher
  teacherList: [Teacher]
  teacherPaginatedList(first: Int, after: Int): [Teacher]
  teacherUsingCourse_arrange_teacher_id_fkey(teacher_id: Int!): Teacher
}","query  {
  teacherList {
    teacher_id
    name
    age
    hometown
  }
}","query {
  teacherList {
    name
    age
    teacher_id
    hometown
  }
}",Equal,N/A
"type Course {
  course: String
  course_arrange: [Course_arrange]
  course_id: Int!
  staring_date: String
}
type Course_arrange {
  course: Course
  course_id: Int!
  grade: Int!
  teacher: Teacher
  teacher_id: Int!
}
type Teacher {
  age: String
  course_arrange: [Course_arrange]
  hometown: String
  name: String
  teacher_id: Int!
}
input StringFilter {
  eq: String
  like: String
}
input CourseFilter {
  course: StringFilter
}
type Query {
  course(course_id: Int!): Course
  courseList: [Course]
  courseFilterList(filter: CourseFilter): [Course]
  coursePaginatedList(first: Int, after: Int): [Course]
  courseUsingCourse_arrange_course_id_fkey(course_id: Int!): Course
  course_arrange(
    course_id: Int!
    teacher_id: Int!
    grade: Int!
  ): Course_arrange
  course_arrangeList: [Course_arrange]
  course_arrangePaginatedList(first: Int, after: Int): [Course_arrange]
  course_arrangeUsingCourse_arrange_course_id_fkey(
    course_id: Int!
  ): [Course_arrange]
  course_arrangeUsingCourse_arrange_teacher_id_fkey(
    teacher_id: Int!
  ): [Course_arrange]
  teacher(teacher_id: Int!): Teacher
  teacherList: [Teacher]
  teacherPaginatedList(first: Int, after: Int): [Teacher]
  teacherUsingCourse_arrange_teacher_id_fkey(teacher_id: Int!): Teacher
}","query  {
  teacherList {
    teacher_id
    name
    age
    hometown
  }
}","query {
  teacherList {
    name
    age
    teacher_id
    hometown
  }
}",Equal,N/A
"type Course {
  course: String
  course_arrange: [Course_arrange]
  course_id: Int!
  staring_date: String
}
type Course_arrange {
  course: Course
  course_id: Int!
  grade: Int!
  teacher: Teacher
  teacher_id: Int!
}
type Teacher {
  age: String
  course_arrange: [Course_arrange]
  hometown: String
  name: String
  teacher_id: Int!
}
input StringFilter {
  eq: String
  like: String
}
input CourseFilter {
  course: StringFilter
}
type Query {
  course(course_id: Int!): Course
  courseList: [Course]
  courseFilterList(filter: CourseFilter): [Course]
  coursePaginatedList(first: Int, after: Int): [Course]
  courseUsingCourse_arrange_course_id_fkey(course_id: Int!): Course
  course_arrange(
    course_id: Int!
    teacher_id: Int!
    grade: Int!
  ): Course_arrange
  course_arrangeList: [Course_arrange]
  course_arrangePaginatedList(first: Int, after: Int): [Course_arrange]
  course_arrangeUsingCourse_arrange_course_id_fkey(
    course_id: Int!
  ): [Course_arrange]
  course_arrangeUsingCourse_arrange_teacher_id_fkey(
    teacher_id: Int!
  ): [Course_arrange]
  teacher(teacher_id: Int!): Teacher
  teacherList: [Teacher]
  teacherPaginatedList(first: Int, after: Int): [Teacher]
  teacherUsingCourse_arrange_teacher_id_fkey(teacher_id: Int!): Teacher
}","query  {
  teacherList {
    teacher_id
    name
    age
    hometown
  }
}","query {
  teacherList {
    name
    age
    teacher_id
    hometown
  }
}",Equal,N/A
"type Course {
  course: String
  course_arrange: [Course_arrange]
  course_id: Int!
  staring_date: String
}
type Course_arrange {
  course: Course
  course_id: Int!
  grade: Int!
  teacher: Teacher
  teacher_id: Int!
}
type Teacher {
  age: String
  course_arrange: [Course_arrange]
  hometown: String
  name: String
  teacher_id: Int!
}
input StringFilter {
  eq: String
  like: String
}
input CourseFilter {
  course: StringFilter
}
type Query {
  course(course_id: Int!): Course
  courseList: [Course]
  courseFilterList(filter: CourseFilter): [Course]
  coursePaginatedList(first: Int, after: Int): [Course]
  courseUsingCourse_arrange_course_id_fkey(course_id: Int!): Course
  course_arrange(
    course_id: Int!
    teacher_id: Int!
    grade: Int!
  ): Course_arrange
  course_arrangeList: [Course_arrange]
  course_arrangePaginatedList(first: Int, after: Int): [Course_arrange]
  course_arrangeUsingCourse_arrange_course_id_fkey(
    course_id: Int!
  ): [Course_arrange]
  course_arrangeUsingCourse_arrange_teacher_id_fkey(
    teacher_id: Int!
  ): [Course_arrange]
  teacher(teacher_id: Int!): Teacher
  teacherList: [Teacher]
  teacherPaginatedList(first: Int, after: Int): [Teacher]
  teacherUsingCourse_arrange_teacher_id_fkey(teacher_id: Int!): Teacher
}","query  {
  teacherList {
    teacher_id
    name
    course_arrange {
      course_id
    }
  }
}","query {
  teacherList {
    name
    teacher_id
    course_arrange {
      course_id
    }
  }
}",Equal,N/A
"type Course {
  course: String
  course_arrange: [Course_arrange]
  course_id: Int!
  staring_date: String
}
type Course_arrange {
  course: Course
  course_id: Int!
  grade: Int!
  teacher: Teacher
  teacher_id: Int!
}
type Teacher {
  age: String
  course_arrange: [Course_arrange]
  hometown: String
  name: String
  teacher_id: Int!
}
input StringFilter {
  eq: String
  like: String
}
input CourseFilter {
  course: StringFilter
}
type Query {
  course(course_id: Int!): Course
  courseList: [Course]
  courseFilterList(filter: CourseFilter): [Course]
  coursePaginatedList(first: Int, after: Int): [Course]
  courseUsingCourse_arrange_course_id_fkey(course_id: Int!): Course
  course_arrange(
    course_id: Int!
    teacher_id: Int!
    grade: Int!
  ): Course_arrange
  course_arrangeList: [Course_arrange]
  course_arrangePaginatedList(first: Int, after: Int): [Course_arrange]
  course_arrangeUsingCourse_arrange_course_id_fkey(
    course_id: Int!
  ): [Course_arrange]
  course_arrangeUsingCourse_arrange_teacher_id_fkey(
    teacher_id: Int!
  ): [Course_arrange]
  teacher(teacher_id: Int!): Teacher
  teacherList: [Teacher]
  teacherPaginatedList(first: Int, after: Int): [Teacher]
  teacherUsingCourse_arrange_teacher_id_fkey(teacher_id: Int!): Teacher
}","query  {
  teacherList {
    teacher_id
    name
    course_arrange {
      course_id
    }
  }
}","query {
  teacherList {
    name
    teacher_id
    course_arrange {
      course_id
    }
  }
}",Equal,N/A
"type Course {
  course: String
  course_arrange: [Course_arrange]
  course_id: Int!
  staring_date: String
}
type Course_arrange {
  course: Course
  course_id: Int!
  grade: Int!
  teacher: Teacher
  teacher_id: Int!
}
type Teacher {
  age: String
  course_arrange: [Course_arrange]
  hometown: String
  name: String
  teacher_id: Int!
}
input StringFilter {
  eq: String
  like: String
}
input CourseFilter {
  course: StringFilter
}
type Query {
  course(course_id: Int!): Course
  courseList: [Course]
  courseFilterList(filter: CourseFilter): [Course]
  coursePaginatedList(first: Int, after: Int): [Course]
  courseUsingCourse_arrange_course_id_fkey(course_id: Int!): Course
  course_arrange(
    course_id: Int!
    teacher_id: Int!
    grade: Int!
  ): Course_arrange
  course_arrangeList: [Course_arrange]
  course_arrangePaginatedList(first: Int, after: Int): [Course_arrange]
  course_arrangeUsingCourse_arrange_course_id_fkey(
    course_id: Int!
  ): [Course_arrange]
  course_arrangeUsingCourse_arrange_teacher_id_fkey(
    teacher_id: Int!
  ): [Course_arrange]
  teacher(teacher_id: Int!): Teacher
  teacherList: [Teacher]
  teacherPaginatedList(first: Int, after: Int): [Teacher]
  teacherUsingCourse_arrange_teacher_id_fkey(teacher_id: Int!): Teacher
}","query  {
  teacherList {
    teacher_id
    name
    course_arrange {
      course_id
    }
  }
}","query {
  teacherList {
    name
    teacher_id
    course_arrange {
      course_id
    }
  }
}",Equal,N/A
"type Course {
  course: String
  course_arrange: [Course_arrange]
  course_id: Int!
  staring_date: String
}
type Course_arrange {
  course: Course
  course_id: Int!
  grade: Int!
  teacher: Teacher
  teacher_id: Int!
}
type Teacher {
  age: String
  course_arrange: [Course_arrange]
  hometown: String
  name: String
  teacher_id: Int!
}
input StringFilter {
  eq: String
  like: String
}
input CourseFilter {
  course: StringFilter
}
type Query {
  course(course_id: Int!): Course
  courseList: [Course]
  courseFilterList(filter: CourseFilter): [Course]
  coursePaginatedList(first: Int, after: Int): [Course]
  courseUsingCourse_arrange_course_id_fkey(course_id: Int!): Course
  course_arrange(
    course_id: Int!
    teacher_id: Int!
    grade: Int!
  ): Course_arrange
  course_arrangeList: [Course_arrange]
  course_arrangePaginatedList(first: Int, after: Int): [Course_arrange]
  course_arrangeUsingCourse_arrange_course_id_fkey(
    course_id: Int!
  ): [Course_arrange]
  course_arrangeUsingCourse_arrange_teacher_id_fkey(
    teacher_id: Int!
  ): [Course_arrange]
  teacher(teacher_id: Int!): Teacher
  teacherList: [Teacher]
  teacherPaginatedList(first: Int, after: Int): [Teacher]
  teacherUsingCourse_arrange_teacher_id_fkey(teacher_id: Int!): Teacher
}","query  {
  teacherList {
    teacher_id
    name
    course_arrange {
      course_id
    }
  }
}","query {
  teacherList {
    name
    teacher_id
    course_arrange {
      course_id
    }
  }
}",Equal,N/A
"type Course {
  course: String
  course_arrange: [Course_arrange]
  course_id: Int!
  staring_date: String
}
type Course_arrange {
  course: Course
  course_id: Int!
  grade: Int!
  teacher: Teacher
  teacher_id: Int!
}
type Teacher {
  age: String
  course_arrange: [Course_arrange]
  hometown: String
  name: String
  teacher_id: Int!
}
input StringFilter {
  eq: String
  like: String
}
input CourseFilter {
  course: StringFilter
}
type Query {
  course(course_id: Int!): Course
  courseList: [Course]
  courseFilterList(filter: CourseFilter): [Course]
  coursePaginatedList(first: Int, after: Int): [Course]
  courseUsingCourse_arrange_course_id_fkey(course_id: Int!): Course
  course_arrange(
    course_id: Int!
    teacher_id: Int!
    grade: Int!
  ): Course_arrange
  course_arrangeList: [Course_arrange]
  course_arrangePaginatedList(first: Int, after: Int): [Course_arrange]
  course_arrangeUsingCourse_arrange_course_id_fkey(
    course_id: Int!
  ): [Course_arrange]
  course_arrangeUsingCourse_arrange_teacher_id_fkey(
    teacher_id: Int!
  ): [Course_arrange]
  teacher(teacher_id: Int!): Teacher
  teacherList: [Teacher]
  teacherPaginatedList(first: Int, after: Int): [Teacher]
  teacherUsingCourse_arrange_teacher_id_fkey(teacher_id: Int!): Teacher
}","query  {
  teacherList {
    teacher_id
    name
    course_arrange {
      course_id
    }
  }
}","query {
  teacherList {
    name
    teacher_id
    course_arrange {
      course_id
    }
  }
}",Equal,N/A
"type Course {
  course: String
  course_arrange: [Course_arrange]
  course_id: Int!
  staring_date: String
}
type Course_arrange {
  course: Course
  course_id: Int!
  grade: Int!
  teacher: Teacher
  teacher_id: Int!
}
type Teacher {
  age: String
  course_arrange: [Course_arrange]
  hometown: String
  name: String
  teacher_id: Int!
}
input StringFilter {
  eq: String
  like: String
}
input CourseFilter {
  course: StringFilter
}
type Query {
  course(course_id: Int!): Course
  courseList: [Course]
  courseFilterList(filter: CourseFilter): [Course]
  coursePaginatedList(first: Int, after: Int): [Course]
  courseUsingCourse_arrange_course_id_fkey(course_id: Int!): Course
  course_arrange(
    course_id: Int!
    teacher_id: Int!
    grade: Int!
  ): Course_arrange
  course_arrangeList: [Course_arrange]
  course_arrangePaginatedList(first: Int, after: Int): [Course_arrange]
  course_arrangeUsingCourse_arrange_course_id_fkey(
    course_id: Int!
  ): [Course_arrange]
  course_arrangeUsingCourse_arrange_teacher_id_fkey(
    teacher_id: Int!
  ): [Course_arrange]
  teacher(teacher_id: Int!): Teacher
  teacherList: [Teacher]
  teacherPaginatedList(first: Int, after: Int): [Teacher]
  teacherUsingCourse_arrange_teacher_id_fkey(teacher_id: Int!): Teacher
}","query  {
  courseList {
    course
    course_arrange {
      teacher_id
    }
  }
}","query {
  courseList {
    course
    course_arrange {
      teacher_id
    }
  }
}",Unequal,N/A
"type Course {
  course: String
  course_arrange: [Course_arrange]
  course_id: Int!
  staring_date: String
}
type Course_arrange {
  course: Course
  course_id: Int!
  grade: Int!
  teacher: Teacher
  teacher_id: Int!
}
type Teacher {
  age: String
  course_arrange: [Course_arrange]
  hometown: String
  name: String
  teacher_id: Int!
}
input StringFilter {
  eq: String
  like: String
}
input CourseFilter {
  course: StringFilter
}
type Query {
  course(course_id: Int!): Course
  courseList: [Course]
  courseFilterList(filter: CourseFilter): [Course]
  coursePaginatedList(first: Int, after: Int): [Course]
  courseUsingCourse_arrange_course_id_fkey(course_id: Int!): Course
  course_arrange(
    course_id: Int!
    teacher_id: Int!
    grade: Int!
  ): Course_arrange
  course_arrangeList: [Course_arrange]
  course_arrangePaginatedList(first: Int, after: Int): [Course_arrange]
  course_arrangeUsingCourse_arrange_course_id_fkey(
    course_id: Int!
  ): [Course_arrange]
  course_arrangeUsingCourse_arrange_teacher_id_fkey(
    teacher_id: Int!
  ): [Course_arrange]
  teacher(teacher_id: Int!): Teacher
  teacherList: [Teacher]
  teacherPaginatedList(first: Int, after: Int): [Teacher]
  teacherUsingCourse_arrange_teacher_id_fkey(teacher_id: Int!): Teacher
}","query  {
  courseList {
    course
    course_arrange {
      teacher_id
    }
    staring_date
  }
}","query {
  courseList {
    course
    staring_date
    course_arrange {
      teacher_id
    }
  }
}",Unequal,N/A
"type Course {
  course: String
  course_arrange: [Course_arrange]
  course_id: Int!
  staring_date: String
}
type Course_arrange {
  course: Course
  course_id: Int!
  grade: Int!
  teacher: Teacher
  teacher_id: Int!
}
type Teacher {
  age: String
  course_arrange: [Course_arrange]
  hometown: String
  name: String
  teacher_id: Int!
}
input StringFilter {
  eq: String
  like: String
}
input CourseFilter {
  course: StringFilter
}
type Query {
  course(course_id: Int!): Course
  courseList: [Course]
  courseFilterList(filter: CourseFilter): [Course]
  coursePaginatedList(first: Int, after: Int): [Course]
  courseUsingCourse_arrange_course_id_fkey(course_id: Int!): Course
  course_arrange(
    course_id: Int!
    teacher_id: Int!
    grade: Int!
  ): Course_arrange
  course_arrangeList: [Course_arrange]
  course_arrangePaginatedList(first: Int, after: Int): [Course_arrange]
  course_arrangeUsingCourse_arrange_course_id_fkey(
    course_id: Int!
  ): [Course_arrange]
  course_arrangeUsingCourse_arrange_teacher_id_fkey(
    teacher_id: Int!
  ): [Course_arrange]
  teacher(teacher_id: Int!): Teacher
  teacherList: [Teacher]
  teacherPaginatedList(first: Int, after: Int): [Teacher]
  teacherUsingCourse_arrange_teacher_id_fkey(teacher_id: Int!): Teacher
}","query  {
  teacherList {
    age
  }
}","query {
  teacherList {
    age
  }
}",Equal,N/A
"type Course {
  course: String
  course_arrange: [Course_arrange]
  course_id: Int!
  staring_date: String
}
type Course_arrange {
  course: Course
  course_id: Int!
  grade: Int!
  teacher: Teacher
  teacher_id: Int!
}
type Teacher {
  age: String
  course_arrange: [Course_arrange]
  hometown: String
  name: String
  teacher_id: Int!
}
input StringFilter {
  eq: String
  like: String
}
input CourseFilter {
  course: StringFilter
}
type Query {
  course(course_id: Int!): Course
  courseList: [Course]
  courseFilterList(filter: CourseFilter): [Course]
  coursePaginatedList(first: Int, after: Int): [Course]
  courseUsingCourse_arrange_course_id_fkey(course_id: Int!): Course
  course_arrange(
    course_id: Int!
    teacher_id: Int!
    grade: Int!
  ): Course_arrange
  course_arrangeList: [Course_arrange]
  course_arrangePaginatedList(first: Int, after: Int): [Course_arrange]
  course_arrangeUsingCourse_arrange_course_id_fkey(
    course_id: Int!
  ): [Course_arrange]
  course_arrangeUsingCourse_arrange_teacher_id_fkey(
    teacher_id: Int!
  ): [Course_arrange]
  teacher(teacher_id: Int!): Teacher
  teacherList: [Teacher]
  teacherPaginatedList(first: Int, after: Int): [Teacher]
  teacherUsingCourse_arrange_teacher_id_fkey(teacher_id: Int!): Teacher
}","query  {
  teacherList {
    age
  }
}","query {
  teacherList {
    age
  }
}",Equal,N/A
"type Course {
  course: String
  course_arrange: [Course_arrange]
  course_id: Int!
  staring_date: String
}
type Course_arrange {
  course: Course
  course_id: Int!
  grade: Int!
  teacher: Teacher
  teacher_id: Int!
}
type Teacher {
  age: String
  course_arrange: [Course_arrange]
  hometown: String
  name: String
  teacher_id: Int!
}
input StringFilter {
  eq: String
  like: String
}
input CourseFilter {
  course: StringFilter
}
type Query {
  course(course_id: Int!): Course
  courseList: [Course]
  courseFilterList(filter: CourseFilter): [Course]
  coursePaginatedList(first: Int, after: Int): [Course]
  courseUsingCourse_arrange_course_id_fkey(course_id: Int!): Course
  course_arrange(
    course_id: Int!
    teacher_id: Int!
    grade: Int!
  ): Course_arrange
  course_arrangeList: [Course_arrange]
  course_arrangePaginatedList(first: Int, after: Int): [Course_arrange]
  course_arrangeUsingCourse_arrange_course_id_fkey(
    course_id: Int!
  ): [Course_arrange]
  course_arrangeUsingCourse_arrange_teacher_id_fkey(
    teacher_id: Int!
  ): [Course_arrange]
  teacher(teacher_id: Int!): Teacher
  teacherList: [Teacher]
  teacherPaginatedList(first: Int, after: Int): [Teacher]
  teacherUsingCourse_arrange_teacher_id_fkey(teacher_id: Int!): Teacher
}","query  {
  teacherList {
    age
  }
}","query {
  teacherList {
    age
  }
}",Equal,N/A
"type Course {
  course: String
  course_arrange: [Course_arrange]
  course_id: Int!
  staring_date: String
}
type Course_arrange {
  course: Course
  course_id: Int!
  grade: Int!
  teacher: Teacher
  teacher_id: Int!
}
type Teacher {
  age: String
  course_arrange: [Course_arrange]
  hometown: String
  name: String
  teacher_id: Int!
}
input StringFilter {
  eq: String
  like: String
}
input CourseFilter {
  course: StringFilter
}
type Query {
  course(course_id: Int!): Course
  courseList: [Course]
  courseFilterList(filter: CourseFilter): [Course]
  coursePaginatedList(first: Int, after: Int): [Course]
  courseUsingCourse_arrange_course_id_fkey(course_id: Int!): Course
  course_arrange(
    course_id: Int!
    teacher_id: Int!
    grade: Int!
  ): Course_arrange
  course_arrangeList: [Course_arrange]
  course_arrangePaginatedList(first: Int, after: Int): [Course_arrange]
  course_arrangeUsingCourse_arrange_course_id_fkey(
    course_id: Int!
  ): [Course_arrange]
  course_arrangeUsingCourse_arrange_teacher_id_fkey(
    teacher_id: Int!
  ): [Course_arrange]
  teacher(teacher_id: Int!): Teacher
  teacherList: [Teacher]
  teacherPaginatedList(first: Int, after: Int): [Teacher]
  teacherUsingCourse_arrange_teacher_id_fkey(teacher_id: Int!): Teacher
}","query  {
  teacherList {
    age
  }
}","query {
  teacherList {
    age
  }
}",Equal,N/A
"type Course {
  course: String
  course_arrange: [Course_arrange]
  course_id: Int!
  staring_date: String
}
type Course_arrange {
  course: Course
  course_id: Int!
  grade: Int!
  teacher: Teacher
  teacher_id: Int!
}
type Teacher {
  age: String
  course_arrange: [Course_arrange]
  hometown: String
  name: String
  teacher_id: Int!
}
input StringFilter {
  eq: String
  like: String
}
input CourseFilter {
  course: StringFilter
}
type Query {
  course(course_id: Int!): Course
  courseList: [Course]
  courseFilterList(filter: CourseFilter): [Course]
  coursePaginatedList(first: Int, after: Int): [Course]
  courseUsingCourse_arrange_course_id_fkey(course_id: Int!): Course
  course_arrange(
    course_id: Int!
    teacher_id: Int!
    grade: Int!
  ): Course_arrange
  course_arrangeList: [Course_arrange]
  course_arrangePaginatedList(first: Int, after: Int): [Course_arrange]
  course_arrangeUsingCourse_arrange_course_id_fkey(
    course_id: Int!
  ): [Course_arrange]
  course_arrangeUsingCourse_arrange_teacher_id_fkey(
    teacher_id: Int!
  ): [Course_arrange]
  teacher(teacher_id: Int!): Teacher
  teacherList: [Teacher]
  teacherPaginatedList(first: Int, after: Int): [Teacher]
  teacherUsingCourse_arrange_teacher_id_fkey(teacher_id: Int!): Teacher
}","query  {
  courseFilterList(filter: {course: {like: ""Music""}}) {
    course_arrange {
      teacher_id
    }
  }
}","query {
  teacherList {
    teacher_id
    name
    course_arrange {
      grade
    }
  }
}",Unequal,N/A
"type Course {
  course: String
  course_arrange: [Course_arrange]
  course_id: Int!
  staring_date: String
}
type Course_arrange {
  course: Course
  course_id: Int!
  grade: Int!
  teacher: Teacher
  teacher_id: Int!
}
type Teacher {
  age: String
  course_arrange: [Course_arrange]
  hometown: String
  name: String
  teacher_id: Int!
}
input StringFilter {
  eq: String
  like: String
}
input CourseFilter {
  course: StringFilter
}
type Query {
  course(course_id: Int!): Course
  courseList: [Course]
  courseFilterList(filter: CourseFilter): [Course]
  coursePaginatedList(first: Int, after: Int): [Course]
  courseUsingCourse_arrange_course_id_fkey(course_id: Int!): Course
  course_arrange(
    course_id: Int!
    teacher_id: Int!
    grade: Int!
  ): Course_arrange
  course_arrangeList: [Course_arrange]
  course_arrangePaginatedList(first: Int, after: Int): [Course_arrange]
  course_arrangeUsingCourse_arrange_course_id_fkey(
    course_id: Int!
  ): [Course_arrange]
  course_arrangeUsingCourse_arrange_teacher_id_fkey(
    teacher_id: Int!
  ): [Course_arrange]
  teacher(teacher_id: Int!): Teacher
  teacherList: [Teacher]
  teacherPaginatedList(first: Int, after: Int): [Teacher]
  teacherUsingCourse_arrange_teacher_id_fkey(teacher_id: Int!): Teacher
}","query  {
  courseFilterList(filter: {course: {like: ""Music""}}) {
    course_arrange {
      teacher_id
    }
  }
}","query {
  teacherList {
    teacher_id
    name
    course_arrange {
      grade
    }
  }
}",Unequal,N/A
"type Course {
  course: String
  course_arrange: [Course_arrange]
  course_id: Int!
  staring_date: String
}
type Course_arrange {
  course: Course
  course_id: Int!
  grade: Int!
  teacher: Teacher
  teacher_id: Int!
}
type Teacher {
  age: String
  course_arrange: [Course_arrange]
  hometown: String
  name: String
  teacher_id: Int!
}
input StringFilter {
  eq: String
  like: String
}
input CourseFilter {
  course: StringFilter
}
type Query {
  course(course_id: Int!): Course
  courseList: [Course]
  courseFilterList(filter: CourseFilter): [Course]
  coursePaginatedList(first: Int, after: Int): [Course]
  courseUsingCourse_arrange_course_id_fkey(course_id: Int!): Course
  course_arrange(
    course_id: Int!
    teacher_id: Int!
    grade: Int!
  ): Course_arrange
  course_arrangeList: [Course_arrange]
  course_arrangePaginatedList(first: Int, after: Int): [Course_arrange]
  course_arrangeUsingCourse_arrange_course_id_fkey(
    course_id: Int!
  ): [Course_arrange]
  course_arrangeUsingCourse_arrange_teacher_id_fkey(
    teacher_id: Int!
  ): [Course_arrange]
  teacher(teacher_id: Int!): Teacher
  teacherList: [Teacher]
  teacherPaginatedList(first: Int, after: Int): [Teacher]
  teacherUsingCourse_arrange_teacher_id_fkey(teacher_id: Int!): Teacher
}","query  {
  courseFilterList(filter: {course: {like: ""Music""}}) {
    course_arrange {
      teacher_id
    }
  }
}","query {
  teacherList {
    teacher_id
  }
}",Unequal,N/A
"type Course {
  course: String
  course_arrange: [Course_arrange]
  course_id: Int!
  staring_date: String
}
type Course_arrange {
  course: Course
  course_id: Int!
  grade: Int!
  teacher: Teacher
  teacher_id: Int!
}
type Teacher {
  age: String
  course_arrange: [Course_arrange]
  hometown: String
  name: String
  teacher_id: Int!
}
input StringFilter {
  eq: String
  like: String
}
input CourseFilter {
  course: StringFilter
}
type Query {
  course(course_id: Int!): Course
  courseList: [Course]
  courseFilterList(filter: CourseFilter): [Course]
  coursePaginatedList(first: Int, after: Int): [Course]
  courseUsingCourse_arrange_course_id_fkey(course_id: Int!): Course
  course_arrange(
    course_id: Int!
    teacher_id: Int!
    grade: Int!
  ): Course_arrange
  course_arrangeList: [Course_arrange]
  course_arrangePaginatedList(first: Int, after: Int): [Course_arrange]
  course_arrangeUsingCourse_arrange_course_id_fkey(
    course_id: Int!
  ): [Course_arrange]
  course_arrangeUsingCourse_arrange_teacher_id_fkey(
    teacher_id: Int!
  ): [Course_arrange]
  teacher(teacher_id: Int!): Teacher
  teacherList: [Teacher]
  teacherPaginatedList(first: Int, after: Int): [Teacher]
  teacherUsingCourse_arrange_teacher_id_fkey(teacher_id: Int!): Teacher
}","query  {
  courseFilterList(filter: {course: {like: ""Music""}}) {
    course_arrange {
      teacher_id
    }
  }
}","query {
  teacherList {
    teacher_id
  }
}",Unequal,N/A
"type Course {
  course: String
  course_arrange: [Course_arrange]
  course_id: Int!
  staring_date: String
}
type Course_arrange {
  course: Course
  course_id: Int!
  grade: Int!
  teacher: Teacher
  teacher_id: Int!
}
type Teacher {
  age: String
  course_arrange: [Course_arrange]
  hometown: String
  name: String
  teacher_id: Int!
}
input StringFilter {
  eq: String
  like: String
}
input CourseFilter {
  course: StringFilter
}
type Query {
  course(course_id: Int!): Course
  courseList: [Course]
  courseFilterList(filter: CourseFilter): [Course]
  coursePaginatedList(first: Int, after: Int): [Course]
  courseUsingCourse_arrange_course_id_fkey(course_id: Int!): Course
  course_arrange(
    course_id: Int!
    teacher_id: Int!
    grade: Int!
  ): Course_arrange
  course_arrangeList: [Course_arrange]
  course_arrangePaginatedList(first: Int, after: Int): [Course_arrange]
  course_arrangeUsingCourse_arrange_course_id_fkey(
    course_id: Int!
  ): [Course_arrange]
  course_arrangeUsingCourse_arrange_teacher_id_fkey(
    teacher_id: Int!
  ): [Course_arrange]
  teacher(teacher_id: Int!): Teacher
  teacherList: [Teacher]
  teacherPaginatedList(first: Int, after: Int): [Teacher]
  teacherUsingCourse_arrange_teacher_id_fkey(teacher_id: Int!): Teacher
}","query  {
  courseFilterList(filter: {course: {like: ""Music""}}) {
    course_arrange {
      teacher_id
    }
    course
    staring_date
  }
}","query {
  courseList {
    course
    staring_date
    course_arrange {
      teacher_id
    }
  }
}",Unequal,N/A
"type Course {
  course: String
  course_arrange: [Course_arrange]
  course_id: Int!
  staring_date: String
}
type Course_arrange {
  course: Course
  course_id: Int!
  grade: Int!
  teacher: Teacher
  teacher_id: Int!
}
type Teacher {
  age: String
  course_arrange: [Course_arrange]
  hometown: String
  name: String
  teacher_id: Int!
}
input StringFilter {
  eq: String
  like: String
}
input CourseFilter {
  course: StringFilter
}
type Query {
  course(course_id: Int!): Course
  courseList: [Course]
  courseFilterList(filter: CourseFilter): [Course]
  coursePaginatedList(first: Int, after: Int): [Course]
  courseUsingCourse_arrange_course_id_fkey(course_id: Int!): Course
  course_arrange(
    course_id: Int!
    teacher_id: Int!
    grade: Int!
  ): Course_arrange
  course_arrangeList: [Course_arrange]
  course_arrangePaginatedList(first: Int, after: Int): [Course_arrange]
  course_arrangeUsingCourse_arrange_course_id_fkey(
    course_id: Int!
  ): [Course_arrange]
  course_arrangeUsingCourse_arrange_teacher_id_fkey(
    teacher_id: Int!
  ): [Course_arrange]
  teacher(teacher_id: Int!): Teacher
  teacherList: [Teacher]
  teacherPaginatedList(first: Int, after: Int): [Teacher]
  teacherUsingCourse_arrange_teacher_id_fkey(teacher_id: Int!): Teacher
}","query  {
  courseFilterList(filter: {course: {like: ""Music""}}) {
    course_arrange {
      teacher {
        age
        name
        teacher_id
      }
    }
  }
}","query {
  teacherList {
    name
    age
    teacher_id
  }
}",Unequal,N/A
"type Course {
  course: String
  course_arrange: [Course_arrange]
  course_id: Int!
  staring_date: String
}
type Course_arrange {
  course: Course
  course_id: Int!
  grade: Int!
  teacher: Teacher
  teacher_id: Int!
}
type Teacher {
  age: String
  course_arrange: [Course_arrange]
  hometown: String
  name: String
  teacher_id: Int!
}
input StringFilter {
  eq: String
  like: String
}
input CourseFilter {
  course: StringFilter
}
type Query {
  course(course_id: Int!): Course
  courseList: [Course]
  courseFilterList(filter: CourseFilter): [Course]
  coursePaginatedList(first: Int, after: Int): [Course]
  courseUsingCourse_arrange_course_id_fkey(course_id: Int!): Course
  course_arrange(
    course_id: Int!
    teacher_id: Int!
    grade: Int!
  ): Course_arrange
  course_arrangeList: [Course_arrange]
  course_arrangePaginatedList(first: Int, after: Int): [Course_arrange]
  course_arrangeUsingCourse_arrange_course_id_fkey(
    course_id: Int!
  ): [Course_arrange]
  course_arrangeUsingCourse_arrange_teacher_id_fkey(
    teacher_id: Int!
  ): [Course_arrange]
  teacher(teacher_id: Int!): Teacher
  teacherList: [Teacher]
  teacherPaginatedList(first: Int, after: Int): [Teacher]
  teacherUsingCourse_arrange_teacher_id_fkey(teacher_id: Int!): Teacher
}","query  {
  courseFilterList(filter: {course: {like: ""Music""}}) {
    course_arrange {
      teacher {
        age
        name
        teacher_id
      }
    }
  }
}","query {
  teacherList {
    name
    age
    teacher_id
  }
}",Unequal,N/A
"type Course {
  course: String
  course_arrange: [Course_arrange]
  course_id: Int!
  staring_date: String
}
type Course_arrange {
  course: Course
  course_id: Int!
  grade: Int!
  teacher: Teacher
  teacher_id: Int!
}
type Teacher {
  age: String
  course_arrange: [Course_arrange]
  hometown: String
  name: String
  teacher_id: Int!
}
input StringFilter {
  eq: String
  like: String
}
input CourseFilter {
  course: StringFilter
}
type Query {
  course(course_id: Int!): Course
  courseList: [Course]
  courseFilterList(filter: CourseFilter): [Course]
  coursePaginatedList(first: Int, after: Int): [Course]
  courseUsingCourse_arrange_course_id_fkey(course_id: Int!): Course
  course_arrange(
    course_id: Int!
    teacher_id: Int!
    grade: Int!
  ): Course_arrange
  course_arrangeList: [Course_arrange]
  course_arrangePaginatedList(first: Int, after: Int): [Course_arrange]
  course_arrangeUsingCourse_arrange_course_id_fkey(
    course_id: Int!
  ): [Course_arrange]
  course_arrangeUsingCourse_arrange_teacher_id_fkey(
    teacher_id: Int!
  ): [Course_arrange]
  teacher(teacher_id: Int!): Teacher
  teacherList: [Teacher]
  teacherPaginatedList(first: Int, after: Int): [Teacher]
  teacherUsingCourse_arrange_teacher_id_fkey(teacher_id: Int!): Teacher
}","query  {
  courseFilterList(filter: {course: {like: ""Music""}}) {
    course_arrange {
      teacher {
        age
        name
        teacher_id
      }
    }
  }
}","query {
  teacherList {
    name
    age
    teacher_id
  }
}",Unequal,N/A
"type Course {
  course: String
  course_arrange: [Course_arrange]
  course_id: Int!
  staring_date: String
}
type Course_arrange {
  course: Course
  course_id: Int!
  grade: Int!
  teacher: Teacher
  teacher_id: Int!
}
type Teacher {
  age: String
  course_arrange: [Course_arrange]
  hometown: String
  name: String
  teacher_id: Int!
}
input StringFilter {
  eq: String
  like: String
}
input CourseFilter {
  course: StringFilter
}
type Query {
  course(course_id: Int!): Course
  courseList: [Course]
  courseFilterList(filter: CourseFilter): [Course]
  coursePaginatedList(first: Int, after: Int): [Course]
  courseUsingCourse_arrange_course_id_fkey(course_id: Int!): Course
  course_arrange(
    course_id: Int!
    teacher_id: Int!
    grade: Int!
  ): Course_arrange
  course_arrangeList: [Course_arrange]
  course_arrangePaginatedList(first: Int, after: Int): [Course_arrange]
  course_arrangeUsingCourse_arrange_course_id_fkey(
    course_id: Int!
  ): [Course_arrange]
  course_arrangeUsingCourse_arrange_teacher_id_fkey(
    teacher_id: Int!
  ): [Course_arrange]
  teacher(teacher_id: Int!): Teacher
  teacherList: [Teacher]
  teacherPaginatedList(first: Int, after: Int): [Teacher]
  teacherUsingCourse_arrange_teacher_id_fkey(teacher_id: Int!): Teacher
}","query  {
  courseFilterList(filter: {course: {like: ""Music""}}) {
    course_arrange {
      teacher {
        age
        name
        teacher_id
      }
    }
  }
}","query {
  teacherList {
    name
    age
    teacher_id
  }
}",Unequal,N/A
"type Course {
  course: String
  course_arrange: [Course_arrange]
  course_id: Int!
  staring_date: String
}
type Course_arrange {
  course: Course
  course_id: Int!
  grade: Int!
  teacher: Teacher
  teacher_id: Int!
}
type Teacher {
  age: String
  course_arrange: [Course_arrange]
  hometown: String
  name: String
  teacher_id: Int!
}
input StringFilter {
  eq: String
  like: String
}
input CourseFilter {
  course: StringFilter
}
type Query {
  course(course_id: Int!): Course
  courseList: [Course]
  courseFilterList(filter: CourseFilter): [Course]
  coursePaginatedList(first: Int, after: Int): [Course]
  courseUsingCourse_arrange_course_id_fkey(course_id: Int!): Course
  course_arrange(
    course_id: Int!
    teacher_id: Int!
    grade: Int!
  ): Course_arrange
  course_arrangeList: [Course_arrange]
  course_arrangePaginatedList(first: Int, after: Int): [Course_arrange]
  course_arrangeUsingCourse_arrange_course_id_fkey(
    course_id: Int!
  ): [Course_arrange]
  course_arrangeUsingCourse_arrange_teacher_id_fkey(
    teacher_id: Int!
  ): [Course_arrange]
  teacher(teacher_id: Int!): Teacher
  teacherList: [Teacher]
  teacherPaginatedList(first: Int, after: Int): [Teacher]
  teacherUsingCourse_arrange_teacher_id_fkey(teacher_id: Int!): Teacher
}","query  {
  courseFilterList(filter: {course: {like: ""Music""}}) {
    course_arrange {
      teacher {
        age
        name
        teacher_id
        hometown
      }
    }
  }
}","query {
  teacherList {
    name
    age
    hometown
    teacher_id
  }
}",Unequal,N/A
"type Course {
  course: String
  course_arrange: [Course_arrange]
  course_id: Int!
  staring_date: String
}
type Course_arrange {
  course: Course
  course_id: Int!
  grade: Int!
  teacher: Teacher
  teacher_id: Int!
}
type Teacher {
  age: String
  course_arrange: [Course_arrange]
  hometown: String
  name: String
  teacher_id: Int!
}
input StringFilter {
  eq: String
  like: String
}
input CourseFilter {
  course: StringFilter
}
type Query {
  course(course_id: Int!): Course
  courseList: [Course]
  courseFilterList(filter: CourseFilter): [Course]
  coursePaginatedList(first: Int, after: Int): [Course]
  courseUsingCourse_arrange_course_id_fkey(course_id: Int!): Course
  course_arrange(
    course_id: Int!
    teacher_id: Int!
    grade: Int!
  ): Course_arrange
  course_arrangeList: [Course_arrange]
  course_arrangePaginatedList(first: Int, after: Int): [Course_arrange]
  course_arrangeUsingCourse_arrange_course_id_fkey(
    course_id: Int!
  ): [Course_arrange]
  course_arrangeUsingCourse_arrange_teacher_id_fkey(
    teacher_id: Int!
  ): [Course_arrange]
  teacher(teacher_id: Int!): Teacher
  teacherList: [Teacher]
  teacherPaginatedList(first: Int, after: Int): [Teacher]
  teacherUsingCourse_arrange_teacher_id_fkey(teacher_id: Int!): Teacher
}","query  {
  courseFilterList(filter: {course: {like: ""Music""}}) {
    course_arrange {
      teacher {
        age
        name
        teacher_id
        hometown
      }
    }
  }
}","query {
  teacherList {
    name
    age
    hometown
    teacher_id
  }
}",Unequal,N/A
"type Course {
  course: String
  course_arrange: [Course_arrange]
  course_id: Int!
  staring_date: String
}
type Course_arrange {
  course: Course
  course_id: Int!
  grade: Int!
  teacher: Teacher
  teacher_id: Int!
}
type Teacher {
  age: String
  course_arrange: [Course_arrange]
  hometown: String
  name: String
  teacher_id: Int!
}
input StringFilter {
  eq: String
  like: String
}
input CourseFilter {
  course: StringFilter
}
type Query {
  course(course_id: Int!): Course
  courseList: [Course]
  courseFilterList(filter: CourseFilter): [Course]
  coursePaginatedList(first: Int, after: Int): [Course]
  courseUsingCourse_arrange_course_id_fkey(course_id: Int!): Course
  course_arrange(
    course_id: Int!
    teacher_id: Int!
    grade: Int!
  ): Course_arrange
  course_arrangeList: [Course_arrange]
  course_arrangePaginatedList(first: Int, after: Int): [Course_arrange]
  course_arrangeUsingCourse_arrange_course_id_fkey(
    course_id: Int!
  ): [Course_arrange]
  course_arrangeUsingCourse_arrange_teacher_id_fkey(
    teacher_id: Int!
  ): [Course_arrange]
  teacher(teacher_id: Int!): Teacher
  teacherList: [Teacher]
  teacherPaginatedList(first: Int, after: Int): [Teacher]
  teacherUsingCourse_arrange_teacher_id_fkey(teacher_id: Int!): Teacher
}","query  {
  courseFilterList(filter: {course: {like: ""Music""}}) {
    course_arrange {
      teacher {
        age
        name
        teacher_id
        hometown
      }
    }
  }
}","query {
  teacherList {
    name
    age
    hometown
    teacher_id
  }
}",Unequal,N/A
"scalar Date
scalar DateTime
type Accounts {
  account_id: Int!
  account_name: String
  customer_id: Int!
  financial_transactions: [Financial_transactions]
  other_account_details: String
}
type Customers {
  customer_address: String
  customer_email: String
  customer_first_name: String
  customer_id: Int!
  customer_last_name: String
  customer_phone: String
  other_customer_details: String
}
type Customers_cards {
  card_id: Int!
  card_number: String
  card_type_code: String!
  customer_id: Int!
  date_valid_from: DateTime
  date_valid_to: DateTime
  financial_transactions: [Financial_transactions]
  other_card_details: String
}
type Financial_transactions {
  account_id: Int!
  accounts: Accounts
  card_id: Int!
  customers_cards: Customers_cards
  other_transaction_details: String
  previous_transaction_id: Int
  transaction_amount: Float
  transaction_comment: String
  transaction_date: DateTime
  transaction_id: Int!
  transaction_type: String!
}
input StringFilter {
  eq: String
  like: String
}
input FloatFilter {
  eq: Float
  gt: Float
  lt: Float
}
input IntFilter {
  eq: Int
  ne: Int
  gt: Int
  lt: Int
}
input AccountsFilter {
  account_name: StringFilter
}
type Query {
  accounts(account_id: Int!): Accounts
  accountsbyname(account_name: String!): [Accounts]
  accountsList: [Accounts]
  accountsFilterList(filter: AccountsFilter): [Accounts]
  accountsPaginatedList(first: Int, after: Int): [Accounts]
  accountsUsingFinancial_transactions_account_id_fkey(
    account_id: Int!
  ): Accounts
  customers(customer_id: Int!): Customers
  customersList: [Customers]
  customerByAccount(account_name: String!): Customers
  customersPaginatedList(first: Int, after: Int): [Customers]
  customers_cards(card_id: Int!): Customers_cards
  customers_cardsList: [Customers_cards]
  customers_cardsPaginatedList(first: Int, after: Int): [Customers_cards]
  customers_cardsUsingFinancial_transactions_card_id_fkey(
    card_id: Int!
  ): Customers_cards
  financial_transactions(card_id: Int!): [Financial_transactions]
  financial_transactionsList: [Financial_transactions]
  financial_transactionsPaginatedList(
    first: Int
    after: Int
  ): [Financial_transactions]
  financial_transactionsUsingFinancial_transactions_account_id_fkey(
    account_id: Int!
  ): [Financial_transactions]
}","query  {
  accountsList {
    account_id
    customer_id
    account_name
  }
}","query {
  accountsList {
    account_id
    customer_id
    account_name
  }
}",Equal,N/A
"scalar Date
scalar DateTime
type Accounts {
  account_id: Int!
  account_name: String
  customer_id: Int!
  financial_transactions: [Financial_transactions]
  other_account_details: String
}
type Customers {
  customer_address: String
  customer_email: String
  customer_first_name: String
  customer_id: Int!
  customer_last_name: String
  customer_phone: String
  other_customer_details: String
}
type Customers_cards {
  card_id: Int!
  card_number: String
  card_type_code: String!
  customer_id: Int!
  date_valid_from: DateTime
  date_valid_to: DateTime
  financial_transactions: [Financial_transactions]
  other_card_details: String
}
type Financial_transactions {
  account_id: Int!
  accounts: Accounts
  card_id: Int!
  customers_cards: Customers_cards
  other_transaction_details: String
  previous_transaction_id: Int
  transaction_amount: Float
  transaction_comment: String
  transaction_date: DateTime
  transaction_id: Int!
  transaction_type: String!
}
input StringFilter {
  eq: String
  like: String
}
input FloatFilter {
  eq: Float
  gt: Float
  lt: Float
}
input IntFilter {
  eq: Int
  ne: Int
  gt: Int
  lt: Int
}
input AccountsFilter {
  account_name: StringFilter
}
type Query {
  accounts(account_id: Int!): Accounts
  accountsbyname(account_name: String!): [Accounts]
  accountsList: [Accounts]
  accountsFilterList(filter: AccountsFilter): [Accounts]
  accountsPaginatedList(first: Int, after: Int): [Accounts]
  accountsUsingFinancial_transactions_account_id_fkey(
    account_id: Int!
  ): Accounts
  customers(customer_id: Int!): Customers
  customersList: [Customers]
  customerByAccount(account_name: String!): Customers
  customersPaginatedList(first: Int, after: Int): [Customers]
  customers_cards(card_id: Int!): Customers_cards
  customers_cardsList: [Customers_cards]
  customers_cardsPaginatedList(first: Int, after: Int): [Customers_cards]
  customers_cardsUsingFinancial_transactions_card_id_fkey(
    card_id: Int!
  ): Customers_cards
  financial_transactions(card_id: Int!): [Financial_transactions]
  financial_transactionsList: [Financial_transactions]
  financial_transactionsPaginatedList(
    first: Int
    after: Int
  ): [Financial_transactions]
  financial_transactionsUsingFinancial_transactions_account_id_fkey(
    account_id: Int!
  ): [Financial_transactions]
}","query  {
  accountsList {
    account_id
    customer_id
    account_name
  }
}","query {
  accountsList {
    customer_id
    account_name
  }
}",Unequal,N/A
"scalar Date
scalar DateTime
type Accounts {
  account_id: Int!
  account_name: String
  customer_id: Int!
  financial_transactions: [Financial_transactions]
  other_account_details: String
}
type Customers {
  customer_address: String
  customer_email: String
  customer_first_name: String
  customer_id: Int!
  customer_last_name: String
  customer_phone: String
  other_customer_details: String
}
type Customers_cards {
  card_id: Int!
  card_number: String
  card_type_code: String!
  customer_id: Int!
  date_valid_from: DateTime
  date_valid_to: DateTime
  financial_transactions: [Financial_transactions]
  other_card_details: String
}
type Financial_transactions {
  account_id: Int!
  accounts: Accounts
  card_id: Int!
  customers_cards: Customers_cards
  other_transaction_details: String
  previous_transaction_id: Int
  transaction_amount: Float
  transaction_comment: String
  transaction_date: DateTime
  transaction_id: Int!
  transaction_type: String!
}
input StringFilter {
  eq: String
  like: String
}
input FloatFilter {
  eq: Float
  gt: Float
  lt: Float
}
input IntFilter {
  eq: Int
  ne: Int
  gt: Int
  lt: Int
}
input AccountsFilter {
  account_name: StringFilter
}
type Query {
  accounts(account_id: Int!): Accounts
  accountsbyname(account_name: String!): [Accounts]
  accountsList: [Accounts]
  accountsFilterList(filter: AccountsFilter): [Accounts]
  accountsPaginatedList(first: Int, after: Int): [Accounts]
  accountsUsingFinancial_transactions_account_id_fkey(
    account_id: Int!
  ): Accounts
  customers(customer_id: Int!): Customers
  customersList: [Customers]
  customerByAccount(account_name: String!): Customers
  customersPaginatedList(first: Int, after: Int): [Customers]
  customers_cards(card_id: Int!): Customers_cards
  customers_cardsList: [Customers_cards]
  customers_cardsPaginatedList(first: Int, after: Int): [Customers_cards]
  customers_cardsUsingFinancial_transactions_card_id_fkey(
    card_id: Int!
  ): Customers_cards
  financial_transactions(card_id: Int!): [Financial_transactions]
  financial_transactionsList: [Financial_transactions]
  financial_transactionsPaginatedList(
    first: Int
    after: Int
  ): [Financial_transactions]
  financial_transactionsUsingFinancial_transactions_account_id_fkey(
    account_id: Int!
  ): [Financial_transactions]
}","query  {
  accountsList {
    account_id
    customer_id
    account_name
  }
}","query {
  accountsList {
    account_id
    customer_id
    account_name
  }
}",Equal,N/A
"scalar Date
scalar DateTime
type Accounts {
  account_id: Int!
  account_name: String
  customer_id: Int!
  financial_transactions: [Financial_transactions]
  other_account_details: String
}
type Customers {
  customer_address: String
  customer_email: String
  customer_first_name: String
  customer_id: Int!
  customer_last_name: String
  customer_phone: String
  other_customer_details: String
}
type Customers_cards {
  card_id: Int!
  card_number: String
  card_type_code: String!
  customer_id: Int!
  date_valid_from: DateTime
  date_valid_to: DateTime
  financial_transactions: [Financial_transactions]
  other_card_details: String
}
type Financial_transactions {
  account_id: Int!
  accounts: Accounts
  card_id: Int!
  customers_cards: Customers_cards
  other_transaction_details: String
  previous_transaction_id: Int
  transaction_amount: Float
  transaction_comment: String
  transaction_date: DateTime
  transaction_id: Int!
  transaction_type: String!
}
input StringFilter {
  eq: String
  like: String
}
input FloatFilter {
  eq: Float
  gt: Float
  lt: Float
}
input IntFilter {
  eq: Int
  ne: Int
  gt: Int
  lt: Int
}
input AccountsFilter {
  account_name: StringFilter
}
type Query {
  accounts(account_id: Int!): Accounts
  accountsbyname(account_name: String!): [Accounts]
  accountsList: [Accounts]
  accountsFilterList(filter: AccountsFilter): [Accounts]
  accountsPaginatedList(first: Int, after: Int): [Accounts]
  accountsUsingFinancial_transactions_account_id_fkey(
    account_id: Int!
  ): Accounts
  customers(customer_id: Int!): Customers
  customersList: [Customers]
  customerByAccount(account_name: String!): Customers
  customersPaginatedList(first: Int, after: Int): [Customers]
  customers_cards(card_id: Int!): Customers_cards
  customers_cardsList: [Customers_cards]
  customers_cardsPaginatedList(first: Int, after: Int): [Customers_cards]
  customers_cardsUsingFinancial_transactions_card_id_fkey(
    card_id: Int!
  ): Customers_cards
  financial_transactions(card_id: Int!): [Financial_transactions]
  financial_transactionsList: [Financial_transactions]
  financial_transactionsPaginatedList(
    first: Int
    after: Int
  ): [Financial_transactions]
  financial_transactionsUsingFinancial_transactions_account_id_fkey(
    account_id: Int!
  ): [Financial_transactions]
}","query  {
  accountsList {
    account_id
    customer_id
    account_name
    other_account_details
  }
}","query {
  accountsList {
    account_id
    account_name
    other_account_details
    customer_id
  }
}",Equal,N/A
"scalar Date
scalar DateTime
type Accounts {
  account_id: Int!
  account_name: String
  customer_id: Int!
  financial_transactions: [Financial_transactions]
  other_account_details: String
}
type Customers {
  customer_address: String
  customer_email: String
  customer_first_name: String
  customer_id: Int!
  customer_last_name: String
  customer_phone: String
  other_customer_details: String
}
type Customers_cards {
  card_id: Int!
  card_number: String
  card_type_code: String!
  customer_id: Int!
  date_valid_from: DateTime
  date_valid_to: DateTime
  financial_transactions: [Financial_transactions]
  other_card_details: String
}
type Financial_transactions {
  account_id: Int!
  accounts: Accounts
  card_id: Int!
  customers_cards: Customers_cards
  other_transaction_details: String
  previous_transaction_id: Int
  transaction_amount: Float
  transaction_comment: String
  transaction_date: DateTime
  transaction_id: Int!
  transaction_type: String!
}
input StringFilter {
  eq: String
  like: String
}
input FloatFilter {
  eq: Float
  gt: Float
  lt: Float
}
input IntFilter {
  eq: Int
  ne: Int
  gt: Int
  lt: Int
}
input AccountsFilter {
  account_name: StringFilter
}
type Query {
  accounts(account_id: Int!): Accounts
  accountsbyname(account_name: String!): [Accounts]
  accountsList: [Accounts]
  accountsFilterList(filter: AccountsFilter): [Accounts]
  accountsPaginatedList(first: Int, after: Int): [Accounts]
  accountsUsingFinancial_transactions_account_id_fkey(
    account_id: Int!
  ): Accounts
  customers(customer_id: Int!): Customers
  customersList: [Customers]
  customerByAccount(account_name: String!): Customers
  customersPaginatedList(first: Int, after: Int): [Customers]
  customers_cards(card_id: Int!): Customers_cards
  customers_cardsList: [Customers_cards]
  customers_cardsPaginatedList(first: Int, after: Int): [Customers_cards]
  customers_cardsUsingFinancial_transactions_card_id_fkey(
    card_id: Int!
  ): Customers_cards
  financial_transactions(card_id: Int!): [Financial_transactions]
  financial_transactionsList: [Financial_transactions]
  financial_transactionsPaginatedList(
    first: Int
    after: Int
  ): [Financial_transactions]
  financial_transactionsUsingFinancial_transactions_account_id_fkey(
    account_id: Int!
  ): [Financial_transactions]
}","query  {
  accountsList {
    account_id
    customer_id
    account_name
    other_account_details
  }
}","query {
  accountsList {
    account_id
    account_name
    other_account_details
    customer_id
  }
}",Equal,N/A
"scalar Date
scalar DateTime
type Accounts {
  account_id: Int!
  account_name: String
  customer_id: Int!
  financial_transactions: [Financial_transactions]
  other_account_details: String
}
type Customers {
  customer_address: String
  customer_email: String
  customer_first_name: String
  customer_id: Int!
  customer_last_name: String
  customer_phone: String
  other_customer_details: String
}
type Customers_cards {
  card_id: Int!
  card_number: String
  card_type_code: String!
  customer_id: Int!
  date_valid_from: DateTime
  date_valid_to: DateTime
  financial_transactions: [Financial_transactions]
  other_card_details: String
}
type Financial_transactions {
  account_id: Int!
  accounts: Accounts
  card_id: Int!
  customers_cards: Customers_cards
  other_transaction_details: String
  previous_transaction_id: Int
  transaction_amount: Float
  transaction_comment: String
  transaction_date: DateTime
  transaction_id: Int!
  transaction_type: String!
}
input StringFilter {
  eq: String
  like: String
}
input FloatFilter {
  eq: Float
  gt: Float
  lt: Float
}
input IntFilter {
  eq: Int
  ne: Int
  gt: Int
  lt: Int
}
input AccountsFilter {
  account_name: StringFilter
}
type Query {
  accounts(account_id: Int!): Accounts
  accountsbyname(account_name: String!): [Accounts]
  accountsList: [Accounts]
  accountsFilterList(filter: AccountsFilter): [Accounts]
  accountsPaginatedList(first: Int, after: Int): [Accounts]
  accountsUsingFinancial_transactions_account_id_fkey(
    account_id: Int!
  ): Accounts
  customers(customer_id: Int!): Customers
  customersList: [Customers]
  customerByAccount(account_name: String!): Customers
  customersPaginatedList(first: Int, after: Int): [Customers]
  customers_cards(card_id: Int!): Customers_cards
  customers_cardsList: [Customers_cards]
  customers_cardsPaginatedList(first: Int, after: Int): [Customers_cards]
  customers_cardsUsingFinancial_transactions_card_id_fkey(
    card_id: Int!
  ): Customers_cards
  financial_transactions(card_id: Int!): [Financial_transactions]
  financial_transactionsList: [Financial_transactions]
  financial_transactionsPaginatedList(
    first: Int
    after: Int
  ): [Financial_transactions]
  financial_transactionsUsingFinancial_transactions_account_id_fkey(
    account_id: Int!
  ): [Financial_transactions]
}","query  {
  accountsList {
    account_id
    customer_id
    account_name
    other_account_details
  }
}","query {
  accountsList {
    account_id
    account_name
    other_account_details
    customer_id
  }
}",Equal,N/A
"scalar Date
scalar DateTime
type Accounts {
  account_id: Int!
  account_name: String
  customer_id: Int!
  financial_transactions: [Financial_transactions]
  other_account_details: String
}
type Customers {
  customer_address: String
  customer_email: String
  customer_first_name: String
  customer_id: Int!
  customer_last_name: String
  customer_phone: String
  other_customer_details: String
}
type Customers_cards {
  card_id: Int!
  card_number: String
  card_type_code: String!
  customer_id: Int!
  date_valid_from: DateTime
  date_valid_to: DateTime
  financial_transactions: [Financial_transactions]
  other_card_details: String
}
type Financial_transactions {
  account_id: Int!
  accounts: Accounts
  card_id: Int!
  customers_cards: Customers_cards
  other_transaction_details: String
  previous_transaction_id: Int
  transaction_amount: Float
  transaction_comment: String
  transaction_date: DateTime
  transaction_id: Int!
  transaction_type: String!
}
input StringFilter {
  eq: String
  like: String
}
input FloatFilter {
  eq: Float
  gt: Float
  lt: Float
}
input IntFilter {
  eq: Int
  ne: Int
  gt: Int
  lt: Int
}
input AccountsFilter {
  account_name: StringFilter
}
type Query {
  accounts(account_id: Int!): Accounts
  accountsbyname(account_name: String!): [Accounts]
  accountsList: [Accounts]
  accountsFilterList(filter: AccountsFilter): [Accounts]
  accountsPaginatedList(first: Int, after: Int): [Accounts]
  accountsUsingFinancial_transactions_account_id_fkey(
    account_id: Int!
  ): Accounts
  customers(customer_id: Int!): Customers
  customersList: [Customers]
  customerByAccount(account_name: String!): Customers
  customersPaginatedList(first: Int, after: Int): [Customers]
  customers_cards(card_id: Int!): Customers_cards
  customers_cardsList: [Customers_cards]
  customers_cardsPaginatedList(first: Int, after: Int): [Customers_cards]
  customers_cardsUsingFinancial_transactions_card_id_fkey(
    card_id: Int!
  ): Customers_cards
  financial_transactions(card_id: Int!): [Financial_transactions]
  financial_transactionsList: [Financial_transactions]
  financial_transactionsPaginatedList(
    first: Int
    after: Int
  ): [Financial_transactions]
  financial_transactionsUsingFinancial_transactions_account_id_fkey(
    account_id: Int!
  ): [Financial_transactions]
}","query  {
  accountsList {
    account_id
    customer_id
    account_name
  }
}","query {
  accountsList {
    account_id
    account_name
    customer_id
  }
}",Equal,N/A
"scalar Date
scalar DateTime
type Accounts {
  account_id: Int!
  account_name: String
  customer_id: Int!
  financial_transactions: [Financial_transactions]
  other_account_details: String
}
type Customers {
  customer_address: String
  customer_email: String
  customer_first_name: String
  customer_id: Int!
  customer_last_name: String
  customer_phone: String
  other_customer_details: String
}
type Customers_cards {
  card_id: Int!
  card_number: String
  card_type_code: String!
  customer_id: Int!
  date_valid_from: DateTime
  date_valid_to: DateTime
  financial_transactions: [Financial_transactions]
  other_card_details: String
}
type Financial_transactions {
  account_id: Int!
  accounts: Accounts
  card_id: Int!
  customers_cards: Customers_cards
  other_transaction_details: String
  previous_transaction_id: Int
  transaction_amount: Float
  transaction_comment: String
  transaction_date: DateTime
  transaction_id: Int!
  transaction_type: String!
}
input StringFilter {
  eq: String
  like: String
}
input FloatFilter {
  eq: Float
  gt: Float
  lt: Float
}
input IntFilter {
  eq: Int
  ne: Int
  gt: Int
  lt: Int
}
input AccountsFilter {
  account_name: StringFilter
}
type Query {
  accounts(account_id: Int!): Accounts
  accountsbyname(account_name: String!): [Accounts]
  accountsList: [Accounts]
  accountsFilterList(filter: AccountsFilter): [Accounts]
  accountsPaginatedList(first: Int, after: Int): [Accounts]
  accountsUsingFinancial_transactions_account_id_fkey(
    account_id: Int!
  ): Accounts
  customers(customer_id: Int!): Customers
  customersList: [Customers]
  customerByAccount(account_name: String!): Customers
  customersPaginatedList(first: Int, after: Int): [Customers]
  customers_cards(card_id: Int!): Customers_cards
  customers_cardsList: [Customers_cards]
  customers_cardsPaginatedList(first: Int, after: Int): [Customers_cards]
  customers_cardsUsingFinancial_transactions_card_id_fkey(
    card_id: Int!
  ): Customers_cards
  financial_transactions(card_id: Int!): [Financial_transactions]
  financial_transactionsList: [Financial_transactions]
  financial_transactionsPaginatedList(
    first: Int
    after: Int
  ): [Financial_transactions]
  financial_transactionsUsingFinancial_transactions_account_id_fkey(
    account_id: Int!
  ): [Financial_transactions]
}","query  {
  accountsList {
    account_id
    customer_id
    account_name
  }
}","query {
  accountsList {
    account_id
    account_name
    customer_id
  }
}",Equal,N/A
"scalar Date
scalar DateTime
type Accounts {
  account_id: Int!
  account_name: String
  customer_id: Int!
  financial_transactions: [Financial_transactions]
  other_account_details: String
}
type Customers {
  customer_address: String
  customer_email: String
  customer_first_name: String
  customer_id: Int!
  customer_last_name: String
  customer_phone: String
  other_customer_details: String
}
type Customers_cards {
  card_id: Int!
  card_number: String
  card_type_code: String!
  customer_id: Int!
  date_valid_from: DateTime
  date_valid_to: DateTime
  financial_transactions: [Financial_transactions]
  other_card_details: String
}
type Financial_transactions {
  account_id: Int!
  accounts: Accounts
  card_id: Int!
  customers_cards: Customers_cards
  other_transaction_details: String
  previous_transaction_id: Int
  transaction_amount: Float
  transaction_comment: String
  transaction_date: DateTime
  transaction_id: Int!
  transaction_type: String!
}
input StringFilter {
  eq: String
  like: String
}
input FloatFilter {
  eq: Float
  gt: Float
  lt: Float
}
input IntFilter {
  eq: Int
  ne: Int
  gt: Int
  lt: Int
}
input AccountsFilter {
  account_name: StringFilter
}
type Query {
  accounts(account_id: Int!): Accounts
  accountsbyname(account_name: String!): [Accounts]
  accountsList: [Accounts]
  accountsFilterList(filter: AccountsFilter): [Accounts]
  accountsPaginatedList(first: Int, after: Int): [Accounts]
  accountsUsingFinancial_transactions_account_id_fkey(
    account_id: Int!
  ): Accounts
  customers(customer_id: Int!): Customers
  customersList: [Customers]
  customerByAccount(account_name: String!): Customers
  customersPaginatedList(first: Int, after: Int): [Customers]
  customers_cards(card_id: Int!): Customers_cards
  customers_cardsList: [Customers_cards]
  customers_cardsPaginatedList(first: Int, after: Int): [Customers_cards]
  customers_cardsUsingFinancial_transactions_card_id_fkey(
    card_id: Int!
  ): Customers_cards
  financial_transactions(card_id: Int!): [Financial_transactions]
  financial_transactionsList: [Financial_transactions]
  financial_transactionsPaginatedList(
    first: Int
    after: Int
  ): [Financial_transactions]
  financial_transactionsUsingFinancial_transactions_account_id_fkey(
    account_id: Int!
  ): [Financial_transactions]
}","query  {
  accountsList {
    account_id
    customer_id
    account_name
  }
}","query {
  accountsList {
    account_id
    account_name
    customer_id
  }
}",Equal,N/A
"scalar Date
scalar DateTime
type Accounts {
  account_id: Int!
  account_name: String
  customer_id: Int!
  financial_transactions: [Financial_transactions]
  other_account_details: String
}
type Customers {
  customer_address: String
  customer_email: String
  customer_first_name: String
  customer_id: Int!
  customer_last_name: String
  customer_phone: String
  other_customer_details: String
}
type Customers_cards {
  card_id: Int!
  card_number: String
  card_type_code: String!
  customer_id: Int!
  date_valid_from: DateTime
  date_valid_to: DateTime
  financial_transactions: [Financial_transactions]
  other_card_details: String
}
type Financial_transactions {
  account_id: Int!
  accounts: Accounts
  card_id: Int!
  customers_cards: Customers_cards
  other_transaction_details: String
  previous_transaction_id: Int
  transaction_amount: Float
  transaction_comment: String
  transaction_date: DateTime
  transaction_id: Int!
  transaction_type: String!
}
input StringFilter {
  eq: String
  like: String
}
input FloatFilter {
  eq: Float
  gt: Float
  lt: Float
}
input IntFilter {
  eq: Int
  ne: Int
  gt: Int
  lt: Int
}
input AccountsFilter {
  account_name: StringFilter
}
type Query {
  accounts(account_id: Int!): Accounts
  accountsbyname(account_name: String!): [Accounts]
  accountsList: [Accounts]
  accountsFilterList(filter: AccountsFilter): [Accounts]
  accountsPaginatedList(first: Int, after: Int): [Accounts]
  accountsUsingFinancial_transactions_account_id_fkey(
    account_id: Int!
  ): Accounts
  customers(customer_id: Int!): Customers
  customersList: [Customers]
  customerByAccount(account_name: String!): Customers
  customersPaginatedList(first: Int, after: Int): [Customers]
  customers_cards(card_id: Int!): Customers_cards
  customers_cardsList: [Customers_cards]
  customers_cardsPaginatedList(first: Int, after: Int): [Customers_cards]
  customers_cardsUsingFinancial_transactions_card_id_fkey(
    card_id: Int!
  ): Customers_cards
  financial_transactions(card_id: Int!): [Financial_transactions]
  financial_transactionsList: [Financial_transactions]
  financial_transactionsPaginatedList(
    first: Int
    after: Int
  ): [Financial_transactions]
  financial_transactionsUsingFinancial_transactions_account_id_fkey(
    account_id: Int!
  ): [Financial_transactions]
}","query  {
  accountsList {
    account_id
    customer_id
    account_name
  }
}","query {
  accountsList {
    account_id
    customer_id
    account_name
  }
}",Equal,N/A
"scalar Date
scalar DateTime
type Accounts {
  account_id: Int!
  account_name: String
  customer_id: Int!
  financial_transactions: [Financial_transactions]
  other_account_details: String
}
type Customers {
  customer_address: String
  customer_email: String
  customer_first_name: String
  customer_id: Int!
  customer_last_name: String
  customer_phone: String
  other_customer_details: String
}
type Customers_cards {
  card_id: Int!
  card_number: String
  card_type_code: String!
  customer_id: Int!
  date_valid_from: DateTime
  date_valid_to: DateTime
  financial_transactions: [Financial_transactions]
  other_card_details: String
}
type Financial_transactions {
  account_id: Int!
  accounts: Accounts
  card_id: Int!
  customers_cards: Customers_cards
  other_transaction_details: String
  previous_transaction_id: Int
  transaction_amount: Float
  transaction_comment: String
  transaction_date: DateTime
  transaction_id: Int!
  transaction_type: String!
}
input StringFilter {
  eq: String
  like: String
}
input FloatFilter {
  eq: Float
  gt: Float
  lt: Float
}
input IntFilter {
  eq: Int
  ne: Int
  gt: Int
  lt: Int
}
input AccountsFilter {
  account_name: StringFilter
}
type Query {
  accounts(account_id: Int!): Accounts
  accountsbyname(account_name: String!): [Accounts]
  accountsList: [Accounts]
  accountsFilterList(filter: AccountsFilter): [Accounts]
  accountsPaginatedList(first: Int, after: Int): [Accounts]
  accountsUsingFinancial_transactions_account_id_fkey(
    account_id: Int!
  ): Accounts
  customers(customer_id: Int!): Customers
  customersList: [Customers]
  customerByAccount(account_name: String!): Customers
  customersPaginatedList(first: Int, after: Int): [Customers]
  customers_cards(card_id: Int!): Customers_cards
  customers_cardsList: [Customers_cards]
  customers_cardsPaginatedList(first: Int, after: Int): [Customers_cards]
  customers_cardsUsingFinancial_transactions_card_id_fkey(
    card_id: Int!
  ): Customers_cards
  financial_transactions(card_id: Int!): [Financial_transactions]
  financial_transactionsList: [Financial_transactions]
  financial_transactionsPaginatedList(
    first: Int
    after: Int
  ): [Financial_transactions]
  financial_transactionsUsingFinancial_transactions_account_id_fkey(
    account_id: Int!
  ): [Financial_transactions]
}","query  {
  accountsFilterList(filter: {account_name: {eq: ""338""}}) {
    other_account_details
  }
}","query {
  accountsbyname(account_name: ""338"") {
    other_account_details
  }
}",Equal,N/A
"scalar Date
scalar DateTime
type Accounts {
  account_id: Int!
  account_name: String
  customer_id: Int!
  financial_transactions: [Financial_transactions]
  other_account_details: String
}
type Customers {
  customer_address: String
  customer_email: String
  customer_first_name: String
  customer_id: Int!
  customer_last_name: String
  customer_phone: String
  other_customer_details: String
}
type Customers_cards {
  card_id: Int!
  card_number: String
  card_type_code: String!
  customer_id: Int!
  date_valid_from: DateTime
  date_valid_to: DateTime
  financial_transactions: [Financial_transactions]
  other_card_details: String
}
type Financial_transactions {
  account_id: Int!
  accounts: Accounts
  card_id: Int!
  customers_cards: Customers_cards
  other_transaction_details: String
  previous_transaction_id: Int
  transaction_amount: Float
  transaction_comment: String
  transaction_date: DateTime
  transaction_id: Int!
  transaction_type: String!
}
input StringFilter {
  eq: String
  like: String
}
input FloatFilter {
  eq: Float
  gt: Float
  lt: Float
}
input IntFilter {
  eq: Int
  ne: Int
  gt: Int
  lt: Int
}
input AccountsFilter {
  account_name: StringFilter
}
type Query {
  accounts(account_id: Int!): Accounts
  accountsbyname(account_name: String!): [Accounts]
  accountsList: [Accounts]
  accountsFilterList(filter: AccountsFilter): [Accounts]
  accountsPaginatedList(first: Int, after: Int): [Accounts]
  accountsUsingFinancial_transactions_account_id_fkey(
    account_id: Int!
  ): Accounts
  customers(customer_id: Int!): Customers
  customersList: [Customers]
  customerByAccount(account_name: String!): Customers
  customersPaginatedList(first: Int, after: Int): [Customers]
  customers_cards(card_id: Int!): Customers_cards
  customers_cardsList: [Customers_cards]
  customers_cardsPaginatedList(first: Int, after: Int): [Customers_cards]
  customers_cardsUsingFinancial_transactions_card_id_fkey(
    card_id: Int!
  ): Customers_cards
  financial_transactions(card_id: Int!): [Financial_transactions]
  financial_transactionsList: [Financial_transactions]
  financial_transactionsPaginatedList(
    first: Int
    after: Int
  ): [Financial_transactions]
  financial_transactionsUsingFinancial_transactions_account_id_fkey(
    account_id: Int!
  ): [Financial_transactions]
}","query  {
  customerByAccount(account_name: ""162"") {
    customer_first_name
    customer_last_name
    customer_phone
  }
}","query {
  customerByAccount(account_name: ""162"") {
    customer_first_name
    customer_last_name
    customer_phone
  }
}",Equal,N/A
"scalar Date
scalar DateTime
type Accounts {
  account_id: Int!
  account_name: String
  customer_id: Int!
  financial_transactions: [Financial_transactions]
  other_account_details: String
}
type Customers {
  customer_address: String
  customer_email: String
  customer_first_name: String
  customer_id: Int!
  customer_last_name: String
  customer_phone: String
  other_customer_details: String
}
type Customers_cards {
  card_id: Int!
  card_number: String
  card_type_code: String!
  customer_id: Int!
  date_valid_from: DateTime
  date_valid_to: DateTime
  financial_transactions: [Financial_transactions]
  other_card_details: String
}
type Financial_transactions {
  account_id: Int!
  accounts: Accounts
  card_id: Int!
  customers_cards: Customers_cards
  other_transaction_details: String
  previous_transaction_id: Int
  transaction_amount: Float
  transaction_comment: String
  transaction_date: DateTime
  transaction_id: Int!
  transaction_type: String!
}
input StringFilter {
  eq: String
  like: String
}
input FloatFilter {
  eq: Float
  gt: Float
  lt: Float
}
input IntFilter {
  eq: Int
  ne: Int
  gt: Int
  lt: Int
}
input AccountsFilter {
  account_name: StringFilter
}
type Query {
  accounts(account_id: Int!): Accounts
  accountsbyname(account_name: String!): [Accounts]
  accountsList: [Accounts]
  accountsFilterList(filter: AccountsFilter): [Accounts]
  accountsPaginatedList(first: Int, after: Int): [Accounts]
  accountsUsingFinancial_transactions_account_id_fkey(
    account_id: Int!
  ): Accounts
  customers(customer_id: Int!): Customers
  customersList: [Customers]
  customerByAccount(account_name: String!): Customers
  customersPaginatedList(first: Int, after: Int): [Customers]
  customers_cards(card_id: Int!): Customers_cards
  customers_cardsList: [Customers_cards]
  customers_cardsPaginatedList(first: Int, after: Int): [Customers_cards]
  customers_cardsUsingFinancial_transactions_card_id_fkey(
    card_id: Int!
  ): Customers_cards
  financial_transactions(card_id: Int!): [Financial_transactions]
  financial_transactionsList: [Financial_transactions]
  financial_transactionsPaginatedList(
    first: Int
    after: Int
  ): [Financial_transactions]
  financial_transactionsUsingFinancial_transactions_account_id_fkey(
    account_id: Int!
  ): [Financial_transactions]
}","query  {
  customerByAccount(account_name: ""162"") {
    customer_first_name
    customer_last_name
    customer_phone
  }
}","query {
  customerByAccount(account_name: ""162"") {
    customer_first_name
    customer_last_name
    customer_phone
  }
}",Equal,N/A
"scalar Date
scalar DateTime
type Accounts {
  account_id: Int!
  account_name: String
  customer_id: Int!
  financial_transactions: [Financial_transactions]
  other_account_details: String
}
type Customers {
  customer_address: String
  customer_email: String
  customer_first_name: String
  customer_id: Int!
  customer_last_name: String
  customer_phone: String
  other_customer_details: String
}
type Customers_cards {
  card_id: Int!
  card_number: String
  card_type_code: String!
  customer_id: Int!
  date_valid_from: DateTime
  date_valid_to: DateTime
  financial_transactions: [Financial_transactions]
  other_card_details: String
}
type Financial_transactions {
  account_id: Int!
  accounts: Accounts
  card_id: Int!
  customers_cards: Customers_cards
  other_transaction_details: String
  previous_transaction_id: Int
  transaction_amount: Float
  transaction_comment: String
  transaction_date: DateTime
  transaction_id: Int!
  transaction_type: String!
}
input StringFilter {
  eq: String
  like: String
}
input FloatFilter {
  eq: Float
  gt: Float
  lt: Float
}
input IntFilter {
  eq: Int
  ne: Int
  gt: Int
  lt: Int
}
input AccountsFilter {
  account_name: StringFilter
}
type Query {
  accounts(account_id: Int!): Accounts
  accountsbyname(account_name: String!): [Accounts]
  accountsList: [Accounts]
  accountsFilterList(filter: AccountsFilter): [Accounts]
  accountsPaginatedList(first: Int, after: Int): [Accounts]
  accountsUsingFinancial_transactions_account_id_fkey(
    account_id: Int!
  ): Accounts
  customers(customer_id: Int!): Customers
  customersList: [Customers]
  customerByAccount(account_name: String!): Customers
  customersPaginatedList(first: Int, after: Int): [Customers]
  customers_cards(card_id: Int!): Customers_cards
  customers_cardsList: [Customers_cards]
  customers_cardsPaginatedList(first: Int, after: Int): [Customers_cards]
  customers_cardsUsingFinancial_transactions_card_id_fkey(
    card_id: Int!
  ): Customers_cards
  financial_transactions(card_id: Int!): [Financial_transactions]
  financial_transactionsList: [Financial_transactions]
  financial_transactionsPaginatedList(
    first: Int
    after: Int
  ): [Financial_transactions]
  financial_transactionsUsingFinancial_transactions_account_id_fkey(
    account_id: Int!
  ): [Financial_transactions]
}","query  {
  customersList {
    customer_first_name
    customer_id
  }
}","query {
  customersList {
    customer_first_name
    customer_id
  }
}",Equal,N/A
"scalar Date
scalar DateTime
type Accounts {
  account_id: Int!
  account_name: String
  customer_id: Int!
  financial_transactions: [Financial_transactions]
  other_account_details: String
}
type Customers {
  customer_address: String
  customer_email: String
  customer_first_name: String
  customer_id: Int!
  customer_last_name: String
  customer_phone: String
  other_customer_details: String
}
type Customers_cards {
  card_id: Int!
  card_number: String
  card_type_code: String!
  customer_id: Int!
  date_valid_from: DateTime
  date_valid_to: DateTime
  financial_transactions: [Financial_transactions]
  other_card_details: String
}
type Financial_transactions {
  account_id: Int!
  accounts: Accounts
  card_id: Int!
  customers_cards: Customers_cards
  other_transaction_details: String
  previous_transaction_id: Int
  transaction_amount: Float
  transaction_comment: String
  transaction_date: DateTime
  transaction_id: Int!
  transaction_type: String!
}
input StringFilter {
  eq: String
  like: String
}
input FloatFilter {
  eq: Float
  gt: Float
  lt: Float
}
input IntFilter {
  eq: Int
  ne: Int
  gt: Int
  lt: Int
}
input AccountsFilter {
  account_name: StringFilter
}
type Query {
  accounts(account_id: Int!): Accounts
  accountsbyname(account_name: String!): [Accounts]
  accountsList: [Accounts]
  accountsFilterList(filter: AccountsFilter): [Accounts]
  accountsPaginatedList(first: Int, after: Int): [Accounts]
  accountsUsingFinancial_transactions_account_id_fkey(
    account_id: Int!
  ): Accounts
  customers(customer_id: Int!): Customers
  customersList: [Customers]
  customerByAccount(account_name: String!): Customers
  customersPaginatedList(first: Int, after: Int): [Customers]
  customers_cards(card_id: Int!): Customers_cards
  customers_cardsList: [Customers_cards]
  customers_cardsPaginatedList(first: Int, after: Int): [Customers_cards]
  customers_cardsUsingFinancial_transactions_card_id_fkey(
    card_id: Int!
  ): Customers_cards
  financial_transactions(card_id: Int!): [Financial_transactions]
  financial_transactionsList: [Financial_transactions]
  financial_transactionsPaginatedList(
    first: Int
    after: Int
  ): [Financial_transactions]
  financial_transactionsUsingFinancial_transactions_account_id_fkey(
    account_id: Int!
  ): [Financial_transactions]
}","query  {
  customersList {
    customer_first_name
    customer_id
  }
}","query {
  customersList {
    customer_first_name
    customer_id
  }
}",Equal,N/A
"scalar Date
scalar DateTime
type Accounts {
  account_id: Int!
  account_name: String
  customer_id: Int!
  financial_transactions: [Financial_transactions]
  other_account_details: String
}
type Customers {
  customer_address: String
  customer_email: String
  customer_first_name: String
  customer_id: Int!
  customer_last_name: String
  customer_phone: String
  other_customer_details: String
}
type Customers_cards {
  card_id: Int!
  card_number: String
  card_type_code: String!
  customer_id: Int!
  date_valid_from: DateTime
  date_valid_to: DateTime
  financial_transactions: [Financial_transactions]
  other_card_details: String
}
type Financial_transactions {
  account_id: Int!
  accounts: Accounts
  card_id: Int!
  customers_cards: Customers_cards
  other_transaction_details: String
  previous_transaction_id: Int
  transaction_amount: Float
  transaction_comment: String
  transaction_date: DateTime
  transaction_id: Int!
  transaction_type: String!
}
input StringFilter {
  eq: String
  like: String
}
input FloatFilter {
  eq: Float
  gt: Float
  lt: Float
}
input IntFilter {
  eq: Int
  ne: Int
  gt: Int
  lt: Int
}
input AccountsFilter {
  account_name: StringFilter
}
type Query {
  accounts(account_id: Int!): Accounts
  accountsbyname(account_name: String!): [Accounts]
  accountsList: [Accounts]
  accountsFilterList(filter: AccountsFilter): [Accounts]
  accountsPaginatedList(first: Int, after: Int): [Accounts]
  accountsUsingFinancial_transactions_account_id_fkey(
    account_id: Int!
  ): Accounts
  customers(customer_id: Int!): Customers
  customersList: [Customers]
  customerByAccount(account_name: String!): Customers
  customersPaginatedList(first: Int, after: Int): [Customers]
  customers_cards(card_id: Int!): Customers_cards
  customers_cardsList: [Customers_cards]
  customers_cardsPaginatedList(first: Int, after: Int): [Customers_cards]
  customers_cardsUsingFinancial_transactions_card_id_fkey(
    card_id: Int!
  ): Customers_cards
  financial_transactions(card_id: Int!): [Financial_transactions]
  financial_transactionsList: [Financial_transactions]
  financial_transactionsPaginatedList(
    first: Int
    after: Int
  ): [Financial_transactions]
  financial_transactionsUsingFinancial_transactions_account_id_fkey(
    account_id: Int!
  ): [Financial_transactions]
}","query  {
  customersList {
    customer_first_name
    customer_id
  }
}","query {
  customersList {
    customer_first_name
    customer_id
  }
}",Equal,N/A
"scalar Date
scalar DateTime
type Accounts {
  account_id: Int!
  account_name: String
  customer_id: Int!
  financial_transactions: [Financial_transactions]
  other_account_details: String
}
type Customers {
  customer_address: String
  customer_email: String
  customer_first_name: String
  customer_id: Int!
  customer_last_name: String
  customer_phone: String
  other_customer_details: String
}
type Customers_cards {
  card_id: Int!
  card_number: String
  card_type_code: String!
  customer_id: Int!
  date_valid_from: DateTime
  date_valid_to: DateTime
  financial_transactions: [Financial_transactions]
  other_card_details: String
}
type Financial_transactions {
  account_id: Int!
  accounts: Accounts
  card_id: Int!
  customers_cards: Customers_cards
  other_transaction_details: String
  previous_transaction_id: Int
  transaction_amount: Float
  transaction_comment: String
  transaction_date: DateTime
  transaction_id: Int!
  transaction_type: String!
}
input StringFilter {
  eq: String
  like: String
}
input FloatFilter {
  eq: Float
  gt: Float
  lt: Float
}
input IntFilter {
  eq: Int
  ne: Int
  gt: Int
  lt: Int
}
input AccountsFilter {
  account_name: StringFilter
}
type Query {
  accounts(account_id: Int!): Accounts
  accountsbyname(account_name: String!): [Accounts]
  accountsList: [Accounts]
  accountsFilterList(filter: AccountsFilter): [Accounts]
  accountsPaginatedList(first: Int, after: Int): [Accounts]
  accountsUsingFinancial_transactions_account_id_fkey(
    account_id: Int!
  ): Accounts
  customers(customer_id: Int!): Customers
  customersList: [Customers]
  customerByAccount(account_name: String!): Customers
  customersPaginatedList(first: Int, after: Int): [Customers]
  customers_cards(card_id: Int!): Customers_cards
  customers_cardsList: [Customers_cards]
  customers_cardsPaginatedList(first: Int, after: Int): [Customers_cards]
  customers_cardsUsingFinancial_transactions_card_id_fkey(
    card_id: Int!
  ): Customers_cards
  financial_transactions(card_id: Int!): [Financial_transactions]
  financial_transactionsList: [Financial_transactions]
  financial_transactionsPaginatedList(
    first: Int
    after: Int
  ): [Financial_transactions]
  financial_transactionsUsingFinancial_transactions_account_id_fkey(
    account_id: Int!
  ): [Financial_transactions]
}","query  {
  customersList {
    customer_first_name
    customer_id
  }
}","query {
  customersList {
    customer_first_name
    customer_id
  }
}",Equal,N/A
"scalar Date
scalar DateTime
type Accounts {
  account_id: Int!
  account_name: String
  customer_id: Int!
  financial_transactions: [Financial_transactions]
  other_account_details: String
}
type Customers {
  customer_address: String
  customer_email: String
  customer_first_name: String
  customer_id: Int!
  customer_last_name: String
  customer_phone: String
  other_customer_details: String
}
type Customers_cards {
  card_id: Int!
  card_number: String
  card_type_code: String!
  customer_id: Int!
  date_valid_from: DateTime
  date_valid_to: DateTime
  financial_transactions: [Financial_transactions]
  other_card_details: String
}
type Financial_transactions {
  account_id: Int!
  accounts: Accounts
  card_id: Int!
  customers_cards: Customers_cards
  other_transaction_details: String
  previous_transaction_id: Int
  transaction_amount: Float
  transaction_comment: String
  transaction_date: DateTime
  transaction_id: Int!
  transaction_type: String!
}
input StringFilter {
  eq: String
  like: String
}
input FloatFilter {
  eq: Float
  gt: Float
  lt: Float
}
input IntFilter {
  eq: Int
  ne: Int
  gt: Int
  lt: Int
}
input AccountsFilter {
  account_name: StringFilter
}
type Query {
  accounts(account_id: Int!): Accounts
  accountsbyname(account_name: String!): [Accounts]
  accountsList: [Accounts]
  accountsFilterList(filter: AccountsFilter): [Accounts]
  accountsPaginatedList(first: Int, after: Int): [Accounts]
  accountsUsingFinancial_transactions_account_id_fkey(
    account_id: Int!
  ): Accounts
  customers(customer_id: Int!): Customers
  customersList: [Customers]
  customerByAccount(account_name: String!): Customers
  customersPaginatedList(first: Int, after: Int): [Customers]
  customers_cards(card_id: Int!): Customers_cards
  customers_cardsList: [Customers_cards]
  customers_cardsPaginatedList(first: Int, after: Int): [Customers_cards]
  customers_cardsUsingFinancial_transactions_card_id_fkey(
    card_id: Int!
  ): Customers_cards
  financial_transactions(card_id: Int!): [Financial_transactions]
  financial_transactionsList: [Financial_transactions]
  financial_transactionsPaginatedList(
    first: Int
    after: Int
  ): [Financial_transactions]
  financial_transactionsUsingFinancial_transactions_account_id_fkey(
    account_id: Int!
  ): [Financial_transactions]
}","query  {
  customersList {
    customer_first_name
    customer_id
  }
}","query {
  customersList {
    customer_first_name
    customer_id
  }
}",Equal,N/A
"scalar Date
scalar DateTime
type Accounts {
  account_id: Int!
  account_name: String
  customer_id: Int!
  financial_transactions: [Financial_transactions]
  other_account_details: String
}
type Customers {
  customer_address: String
  customer_email: String
  customer_first_name: String
  customer_id: Int!
  customer_last_name: String
  customer_phone: String
  other_customer_details: String
}
type Customers_cards {
  card_id: Int!
  card_number: String
  card_type_code: String!
  customer_id: Int!
  date_valid_from: DateTime
  date_valid_to: DateTime
  financial_transactions: [Financial_transactions]
  other_card_details: String
}
type Financial_transactions {
  account_id: Int!
  accounts: Accounts
  card_id: Int!
  customers_cards: Customers_cards
  other_transaction_details: String
  previous_transaction_id: Int
  transaction_amount: Float
  transaction_comment: String
  transaction_date: DateTime
  transaction_id: Int!
  transaction_type: String!
}
input StringFilter {
  eq: String
  like: String
}
input FloatFilter {
  eq: Float
  gt: Float
  lt: Float
}
input IntFilter {
  eq: Int
  ne: Int
  gt: Int
  lt: Int
}
input AccountsFilter {
  account_name: StringFilter
}
type Query {
  accounts(account_id: Int!): Accounts
  accountsbyname(account_name: String!): [Accounts]
  accountsList: [Accounts]
  accountsFilterList(filter: AccountsFilter): [Accounts]
  accountsPaginatedList(first: Int, after: Int): [Accounts]
  accountsUsingFinancial_transactions_account_id_fkey(
    account_id: Int!
  ): Accounts
  customers(customer_id: Int!): Customers
  customersList: [Customers]
  customerByAccount(account_name: String!): Customers
  customersPaginatedList(first: Int, after: Int): [Customers]
  customers_cards(card_id: Int!): Customers_cards
  customers_cardsList: [Customers_cards]
  customers_cardsPaginatedList(first: Int, after: Int): [Customers_cards]
  customers_cardsUsingFinancial_transactions_card_id_fkey(
    card_id: Int!
  ): Customers_cards
  financial_transactions(card_id: Int!): [Financial_transactions]
  financial_transactionsList: [Financial_transactions]
  financial_transactionsPaginatedList(
    first: Int
    after: Int
  ): [Financial_transactions]
  financial_transactionsUsingFinancial_transactions_account_id_fkey(
    account_id: Int!
  ): [Financial_transactions]
}","query  {
  customersList {
    customer_first_name
    customer_id
  }
}","query {
  customersList {
    customer_first_name
    customer_id
  }
}",Equal,N/A
"scalar Date
scalar DateTime
type Accounts {
  account_id: Int!
  account_name: String
  customer_id: Int!
  financial_transactions: [Financial_transactions]
  other_account_details: String
}
type Customers {
  customer_address: String
  customer_email: String
  customer_first_name: String
  customer_id: Int!
  customer_last_name: String
  customer_phone: String
  other_customer_details: String
}
type Customers_cards {
  card_id: Int!
  card_number: String
  card_type_code: String!
  customer_id: Int!
  date_valid_from: DateTime
  date_valid_to: DateTime
  financial_transactions: [Financial_transactions]
  other_card_details: String
}
type Financial_transactions {
  account_id: Int!
  accounts: Accounts
  card_id: Int!
  customers_cards: Customers_cards
  other_transaction_details: String
  previous_transaction_id: Int
  transaction_amount: Float
  transaction_comment: String
  transaction_date: DateTime
  transaction_id: Int!
  transaction_type: String!
}
input StringFilter {
  eq: String
  like: String
}
input FloatFilter {
  eq: Float
  gt: Float
  lt: Float
}
input IntFilter {
  eq: Int
  ne: Int
  gt: Int
  lt: Int
}
input AccountsFilter {
  account_name: StringFilter
}
type Query {
  accounts(account_id: Int!): Accounts
  accountsbyname(account_name: String!): [Accounts]
  accountsList: [Accounts]
  accountsFilterList(filter: AccountsFilter): [Accounts]
  accountsPaginatedList(first: Int, after: Int): [Accounts]
  accountsUsingFinancial_transactions_account_id_fkey(
    account_id: Int!
  ): Accounts
  customers(customer_id: Int!): Customers
  customersList: [Customers]
  customerByAccount(account_name: String!): Customers
  customersPaginatedList(first: Int, after: Int): [Customers]
  customers_cards(card_id: Int!): Customers_cards
  customers_cardsList: [Customers_cards]
  customers_cardsPaginatedList(first: Int, after: Int): [Customers_cards]
  customers_cardsUsingFinancial_transactions_card_id_fkey(
    card_id: Int!
  ): Customers_cards
  financial_transactions(card_id: Int!): [Financial_transactions]
  financial_transactionsList: [Financial_transactions]
  financial_transactionsPaginatedList(
    first: Int
    after: Int
  ): [Financial_transactions]
  financial_transactionsUsingFinancial_transactions_account_id_fkey(
    account_id: Int!
  ): [Financial_transactions]
}","query  {
  customersList {
    customer_first_name
    customer_id
  }
}","query {
  customersList {
    customer_first_name
    customer_id
  }
}",Equal,N/A
"scalar Date
scalar DateTime
type Accounts {
  account_id: Int!
  account_name: String
  customer_id: Int!
  financial_transactions: [Financial_transactions]
  other_account_details: String
}
type Customers {
  customer_address: String
  customer_email: String
  customer_first_name: String
  customer_id: Int!
  customer_last_name: String
  customer_phone: String
  other_customer_details: String
}
type Customers_cards {
  card_id: Int!
  card_number: String
  card_type_code: String!
  customer_id: Int!
  date_valid_from: DateTime
  date_valid_to: DateTime
  financial_transactions: [Financial_transactions]
  other_card_details: String
}
type Financial_transactions {
  account_id: Int!
  accounts: Accounts
  card_id: Int!
  customers_cards: Customers_cards
  other_transaction_details: String
  previous_transaction_id: Int
  transaction_amount: Float
  transaction_comment: String
  transaction_date: DateTime
  transaction_id: Int!
  transaction_type: String!
}
input StringFilter {
  eq: String
  like: String
}
input FloatFilter {
  eq: Float
  gt: Float
  lt: Float
}
input IntFilter {
  eq: Int
  ne: Int
  gt: Int
  lt: Int
}
input AccountsFilter {
  account_name: StringFilter
}
type Query {
  accounts(account_id: Int!): Accounts
  accountsbyname(account_name: String!): [Accounts]
  accountsList: [Accounts]
  accountsFilterList(filter: AccountsFilter): [Accounts]
  accountsPaginatedList(first: Int, after: Int): [Accounts]
  accountsUsingFinancial_transactions_account_id_fkey(
    account_id: Int!
  ): Accounts
  customers(customer_id: Int!): Customers
  customersList: [Customers]
  customerByAccount(account_name: String!): Customers
  customersPaginatedList(first: Int, after: Int): [Customers]
  customers_cards(card_id: Int!): Customers_cards
  customers_cardsList: [Customers_cards]
  customers_cardsPaginatedList(first: Int, after: Int): [Customers_cards]
  customers_cardsUsingFinancial_transactions_card_id_fkey(
    card_id: Int!
  ): Customers_cards
  financial_transactions(card_id: Int!): [Financial_transactions]
  financial_transactionsList: [Financial_transactions]
  financial_transactionsPaginatedList(
    first: Int
    after: Int
  ): [Financial_transactions]
  financial_transactionsUsingFinancial_transactions_account_id_fkey(
    account_id: Int!
  ): [Financial_transactions]
}","query  {
  customersList {
    customer_first_name
    customer_id
  }
}","query {
  customersList {
    customer_first_name
    customer_id
  }
}",Equal,N/A
"scalar Date
scalar DateTime
type Accounts {
  account_id: Int!
  account_name: String
  customer_id: Int!
  financial_transactions: [Financial_transactions]
  other_account_details: String
}
type Customers {
  customer_address: String
  customer_email: String
  customer_first_name: String
  customer_id: Int!
  customer_last_name: String
  customer_phone: String
  other_customer_details: String
}
type Customers_cards {
  card_id: Int!
  card_number: String
  card_type_code: String!
  customer_id: Int!
  date_valid_from: DateTime
  date_valid_to: DateTime
  financial_transactions: [Financial_transactions]
  other_card_details: String
}
type Financial_transactions {
  account_id: Int!
  accounts: Accounts
  card_id: Int!
  customers_cards: Customers_cards
  other_transaction_details: String
  previous_transaction_id: Int
  transaction_amount: Float
  transaction_comment: String
  transaction_date: DateTime
  transaction_id: Int!
  transaction_type: String!
}
input StringFilter {
  eq: String
  like: String
}
input FloatFilter {
  eq: Float
  gt: Float
  lt: Float
}
input IntFilter {
  eq: Int
  ne: Int
  gt: Int
  lt: Int
}
input AccountsFilter {
  account_name: StringFilter
}
type Query {
  accounts(account_id: Int!): Accounts
  accountsbyname(account_name: String!): [Accounts]
  accountsList: [Accounts]
  accountsFilterList(filter: AccountsFilter): [Accounts]
  accountsPaginatedList(first: Int, after: Int): [Accounts]
  accountsUsingFinancial_transactions_account_id_fkey(
    account_id: Int!
  ): Accounts
  customers(customer_id: Int!): Customers
  customersList: [Customers]
  customerByAccount(account_name: String!): Customers
  customersPaginatedList(first: Int, after: Int): [Customers]
  customers_cards(card_id: Int!): Customers_cards
  customers_cardsList: [Customers_cards]
  customers_cardsPaginatedList(first: Int, after: Int): [Customers_cards]
  customers_cardsUsingFinancial_transactions_card_id_fkey(
    card_id: Int!
  ): Customers_cards
  financial_transactions(card_id: Int!): [Financial_transactions]
  financial_transactionsList: [Financial_transactions]
  financial_transactionsPaginatedList(
    first: Int
    after: Int
  ): [Financial_transactions]
  financial_transactionsUsingFinancial_transactions_account_id_fkey(
    account_id: Int!
  ): [Financial_transactions]
}","query  {
  customersList {
    customer_email
    customer_id
  }
}","query {
  customersList {
    customer_email
    customer_id
  }
}",Equal,N/A
"scalar Date
scalar DateTime
type Accounts {
  account_id: Int!
  account_name: String
  customer_id: Int!
  financial_transactions: [Financial_transactions]
  other_account_details: String
}
type Customers {
  customer_address: String
  customer_email: String
  customer_first_name: String
  customer_id: Int!
  customer_last_name: String
  customer_phone: String
  other_customer_details: String
}
type Customers_cards {
  card_id: Int!
  card_number: String
  card_type_code: String!
  customer_id: Int!
  date_valid_from: DateTime
  date_valid_to: DateTime
  financial_transactions: [Financial_transactions]
  other_card_details: String
}
type Financial_transactions {
  account_id: Int!
  accounts: Accounts
  card_id: Int!
  customers_cards: Customers_cards
  other_transaction_details: String
  previous_transaction_id: Int
  transaction_amount: Float
  transaction_comment: String
  transaction_date: DateTime
  transaction_id: Int!
  transaction_type: String!
}
input StringFilter {
  eq: String
  like: String
}
input FloatFilter {
  eq: Float
  gt: Float
  lt: Float
}
input IntFilter {
  eq: Int
  ne: Int
  gt: Int
  lt: Int
}
input AccountsFilter {
  account_name: StringFilter
}
type Query {
  accounts(account_id: Int!): Accounts
  accountsbyname(account_name: String!): [Accounts]
  accountsList: [Accounts]
  accountsFilterList(filter: AccountsFilter): [Accounts]
  accountsPaginatedList(first: Int, after: Int): [Accounts]
  accountsUsingFinancial_transactions_account_id_fkey(
    account_id: Int!
  ): Accounts
  customers(customer_id: Int!): Customers
  customersList: [Customers]
  customerByAccount(account_name: String!): Customers
  customersPaginatedList(first: Int, after: Int): [Customers]
  customers_cards(card_id: Int!): Customers_cards
  customers_cardsList: [Customers_cards]
  customers_cardsPaginatedList(first: Int, after: Int): [Customers_cards]
  customers_cardsUsingFinancial_transactions_card_id_fkey(
    card_id: Int!
  ): Customers_cards
  financial_transactions(card_id: Int!): [Financial_transactions]
  financial_transactionsList: [Financial_transactions]
  financial_transactionsPaginatedList(
    first: Int
    after: Int
  ): [Financial_transactions]
  financial_transactionsUsingFinancial_transactions_account_id_fkey(
    account_id: Int!
  ): [Financial_transactions]
}","query  {
  customersList {
    customer_email
    customer_id
  }
}","query {
  customersList {
    customer_email
    customer_id
  }
}",Equal,N/A
"scalar Date
scalar DateTime
type Accounts {
  account_id: Int!
  account_name: String
  customer_id: Int!
  financial_transactions: [Financial_transactions]
  other_account_details: String
}
type Customers {
  customer_address: String
  customer_email: String
  customer_first_name: String
  customer_id: Int!
  customer_last_name: String
  customer_phone: String
  other_customer_details: String
}
type Customers_cards {
  card_id: Int!
  card_number: String
  card_type_code: String!
  customer_id: Int!
  date_valid_from: DateTime
  date_valid_to: DateTime
  financial_transactions: [Financial_transactions]
  other_card_details: String
}
type Financial_transactions {
  account_id: Int!
  accounts: Accounts
  card_id: Int!
  customers_cards: Customers_cards
  other_transaction_details: String
  previous_transaction_id: Int
  transaction_amount: Float
  transaction_comment: String
  transaction_date: DateTime
  transaction_id: Int!
  transaction_type: String!
}
input StringFilter {
  eq: String
  like: String
}
input FloatFilter {
  eq: Float
  gt: Float
  lt: Float
}
input IntFilter {
  eq: Int
  ne: Int
  gt: Int
  lt: Int
}
input AccountsFilter {
  account_name: StringFilter
}
type Query {
  accounts(account_id: Int!): Accounts
  accountsbyname(account_name: String!): [Accounts]
  accountsList: [Accounts]
  accountsFilterList(filter: AccountsFilter): [Accounts]
  accountsPaginatedList(first: Int, after: Int): [Accounts]
  accountsUsingFinancial_transactions_account_id_fkey(
    account_id: Int!
  ): Accounts
  customers(customer_id: Int!): Customers
  customersList: [Customers]
  customerByAccount(account_name: String!): Customers
  customersPaginatedList(first: Int, after: Int): [Customers]
  customers_cards(card_id: Int!): Customers_cards
  customers_cardsList: [Customers_cards]
  customers_cardsPaginatedList(first: Int, after: Int): [Customers_cards]
  customers_cardsUsingFinancial_transactions_card_id_fkey(
    card_id: Int!
  ): Customers_cards
  financial_transactions(card_id: Int!): [Financial_transactions]
  financial_transactionsList: [Financial_transactions]
  financial_transactionsPaginatedList(
    first: Int
    after: Int
  ): [Financial_transactions]
  financial_transactionsUsingFinancial_transactions_account_id_fkey(
    account_id: Int!
  ): [Financial_transactions]
}","query  {
  customersList {
    customer_email
    customer_id
  }
}","query {
  customersList {
    customer_email
    customer_id
  }
}",Equal,N/A
"scalar Date
scalar DateTime
type Accounts {
  account_id: Int!
  account_name: String
  customer_id: Int!
  financial_transactions: [Financial_transactions]
  other_account_details: String
}
type Customers {
  customer_address: String
  customer_email: String
  customer_first_name: String
  customer_id: Int!
  customer_last_name: String
  customer_phone: String
  other_customer_details: String
}
type Customers_cards {
  card_id: Int!
  card_number: String
  card_type_code: String!
  customer_id: Int!
  date_valid_from: DateTime
  date_valid_to: DateTime
  financial_transactions: [Financial_transactions]
  other_card_details: String
}
type Financial_transactions {
  account_id: Int!
  accounts: Accounts
  card_id: Int!
  customers_cards: Customers_cards
  other_transaction_details: String
  previous_transaction_id: Int
  transaction_amount: Float
  transaction_comment: String
  transaction_date: DateTime
  transaction_id: Int!
  transaction_type: String!
}
input StringFilter {
  eq: String
  like: String
}
input FloatFilter {
  eq: Float
  gt: Float
  lt: Float
}
input IntFilter {
  eq: Int
  ne: Int
  gt: Int
  lt: Int
}
input AccountsFilter {
  account_name: StringFilter
}
type Query {
  accounts(account_id: Int!): Accounts
  accountsbyname(account_name: String!): [Accounts]
  accountsList: [Accounts]
  accountsFilterList(filter: AccountsFilter): [Accounts]
  accountsPaginatedList(first: Int, after: Int): [Accounts]
  accountsUsingFinancial_transactions_account_id_fkey(
    account_id: Int!
  ): Accounts
  customers(customer_id: Int!): Customers
  customersList: [Customers]
  customerByAccount(account_name: String!): Customers
  customersPaginatedList(first: Int, after: Int): [Customers]
  customers_cards(card_id: Int!): Customers_cards
  customers_cardsList: [Customers_cards]
  customers_cardsPaginatedList(first: Int, after: Int): [Customers_cards]
  customers_cardsUsingFinancial_transactions_card_id_fkey(
    card_id: Int!
  ): Customers_cards
  financial_transactions(card_id: Int!): [Financial_transactions]
  financial_transactionsList: [Financial_transactions]
  financial_transactionsPaginatedList(
    first: Int
    after: Int
  ): [Financial_transactions]
  financial_transactionsUsingFinancial_transactions_account_id_fkey(
    account_id: Int!
  ): [Financial_transactions]
}","query  {
  customersList {
    customer_email
    customer_id
  }
}","query {
  customersList {
    customer_email
    customer_id
  }
}",Equal,N/A
"scalar Date
scalar DateTime
type Accounts {
  account_id: Int!
  account_name: String
  customer_id: Int!
  financial_transactions: [Financial_transactions]
  other_account_details: String
}
type Customers {
  customer_address: String
  customer_email: String
  customer_first_name: String
  customer_id: Int!
  customer_last_name: String
  customer_phone: String
  other_customer_details: String
}
type Customers_cards {
  card_id: Int!
  card_number: String
  card_type_code: String!
  customer_id: Int!
  date_valid_from: DateTime
  date_valid_to: DateTime
  financial_transactions: [Financial_transactions]
  other_card_details: String
}
type Financial_transactions {
  account_id: Int!
  accounts: Accounts
  card_id: Int!
  customers_cards: Customers_cards
  other_transaction_details: String
  previous_transaction_id: Int
  transaction_amount: Float
  transaction_comment: String
  transaction_date: DateTime
  transaction_id: Int!
  transaction_type: String!
}
input StringFilter {
  eq: String
  like: String
}
input FloatFilter {
  eq: Float
  gt: Float
  lt: Float
}
input IntFilter {
  eq: Int
  ne: Int
  gt: Int
  lt: Int
}
input AccountsFilter {
  account_name: StringFilter
}
type Query {
  accounts(account_id: Int!): Accounts
  accountsbyname(account_name: String!): [Accounts]
  accountsList: [Accounts]
  accountsFilterList(filter: AccountsFilter): [Accounts]
  accountsPaginatedList(first: Int, after: Int): [Accounts]
  accountsUsingFinancial_transactions_account_id_fkey(
    account_id: Int!
  ): Accounts
  customers(customer_id: Int!): Customers
  customersList: [Customers]
  customerByAccount(account_name: String!): Customers
  customersPaginatedList(first: Int, after: Int): [Customers]
  customers_cards(card_id: Int!): Customers_cards
  customers_cardsList: [Customers_cards]
  customers_cardsPaginatedList(first: Int, after: Int): [Customers_cards]
  customers_cardsUsingFinancial_transactions_card_id_fkey(
    card_id: Int!
  ): Customers_cards
  financial_transactions(card_id: Int!): [Financial_transactions]
  financial_transactionsList: [Financial_transactions]
  financial_transactionsPaginatedList(
    first: Int
    after: Int
  ): [Financial_transactions]
  financial_transactionsUsingFinancial_transactions_account_id_fkey(
    account_id: Int!
  ): [Financial_transactions]
}","query  {
  customersList {
    customer_first_name
    customer_id
    customer_last_name
  }
}","query {
  customersList {
    customer_first_name
    customer_last_name
    customer_id
  }
}",Equal,N/A
"scalar Date
scalar DateTime
type Accounts {
  account_id: Int!
  account_name: String
  customer_id: Int!
  financial_transactions: [Financial_transactions]
  other_account_details: String
}
type Customers {
  customer_address: String
  customer_email: String
  customer_first_name: String
  customer_id: Int!
  customer_last_name: String
  customer_phone: String
  other_customer_details: String
}
type Customers_cards {
  card_id: Int!
  card_number: String
  card_type_code: String!
  customer_id: Int!
  date_valid_from: DateTime
  date_valid_to: DateTime
  financial_transactions: [Financial_transactions]
  other_card_details: String
}
type Financial_transactions {
  account_id: Int!
  accounts: Accounts
  card_id: Int!
  customers_cards: Customers_cards
  other_transaction_details: String
  previous_transaction_id: Int
  transaction_amount: Float
  transaction_comment: String
  transaction_date: DateTime
  transaction_id: Int!
  transaction_type: String!
}
input StringFilter {
  eq: String
  like: String
}
input FloatFilter {
  eq: Float
  gt: Float
  lt: Float
}
input IntFilter {
  eq: Int
  ne: Int
  gt: Int
  lt: Int
}
input AccountsFilter {
  account_name: StringFilter
}
type Query {
  accounts(account_id: Int!): Accounts
  accountsbyname(account_name: String!): [Accounts]
  accountsList: [Accounts]
  accountsFilterList(filter: AccountsFilter): [Accounts]
  accountsPaginatedList(first: Int, after: Int): [Accounts]
  accountsUsingFinancial_transactions_account_id_fkey(
    account_id: Int!
  ): Accounts
  customers(customer_id: Int!): Customers
  customersList: [Customers]
  customerByAccount(account_name: String!): Customers
  customersPaginatedList(first: Int, after: Int): [Customers]
  customers_cards(card_id: Int!): Customers_cards
  customers_cardsList: [Customers_cards]
  customers_cardsPaginatedList(first: Int, after: Int): [Customers_cards]
  customers_cardsUsingFinancial_transactions_card_id_fkey(
    card_id: Int!
  ): Customers_cards
  financial_transactions(card_id: Int!): [Financial_transactions]
  financial_transactionsList: [Financial_transactions]
  financial_transactionsPaginatedList(
    first: Int
    after: Int
  ): [Financial_transactions]
  financial_transactionsUsingFinancial_transactions_account_id_fkey(
    account_id: Int!
  ): [Financial_transactions]
}","query  {
  customersList {
    customer_first_name
    customer_id
    customer_last_name
  }
}","query {
  customersList {
    customer_first_name
    customer_last_name
    customer_id
  }
}",Equal,N/A
"scalar Date
scalar DateTime
type Accounts {
  account_id: Int!
  account_name: String
  customer_id: Int!
  financial_transactions: [Financial_transactions]
  other_account_details: String
}
type Customers {
  customer_address: String
  customer_email: String
  customer_first_name: String
  customer_id: Int!
  customer_last_name: String
  customer_phone: String
  other_customer_details: String
}
type Customers_cards {
  card_id: Int!
  card_number: String
  card_type_code: String!
  customer_id: Int!
  date_valid_from: DateTime
  date_valid_to: DateTime
  financial_transactions: [Financial_transactions]
  other_card_details: String
}
type Financial_transactions {
  account_id: Int!
  accounts: Accounts
  card_id: Int!
  customers_cards: Customers_cards
  other_transaction_details: String
  previous_transaction_id: Int
  transaction_amount: Float
  transaction_comment: String
  transaction_date: DateTime
  transaction_id: Int!
  transaction_type: String!
}
input StringFilter {
  eq: String
  like: String
}
input FloatFilter {
  eq: Float
  gt: Float
  lt: Float
}
input IntFilter {
  eq: Int
  ne: Int
  gt: Int
  lt: Int
}
input AccountsFilter {
  account_name: StringFilter
}
type Query {
  accounts(account_id: Int!): Accounts
  accountsbyname(account_name: String!): [Accounts]
  accountsList: [Accounts]
  accountsFilterList(filter: AccountsFilter): [Accounts]
  accountsPaginatedList(first: Int, after: Int): [Accounts]
  accountsUsingFinancial_transactions_account_id_fkey(
    account_id: Int!
  ): Accounts
  customers(customer_id: Int!): Customers
  customersList: [Customers]
  customerByAccount(account_name: String!): Customers
  customersPaginatedList(first: Int, after: Int): [Customers]
  customers_cards(card_id: Int!): Customers_cards
  customers_cardsList: [Customers_cards]
  customers_cardsPaginatedList(first: Int, after: Int): [Customers_cards]
  customers_cardsUsingFinancial_transactions_card_id_fkey(
    card_id: Int!
  ): Customers_cards
  financial_transactions(card_id: Int!): [Financial_transactions]
  financial_transactionsList: [Financial_transactions]
  financial_transactionsPaginatedList(
    first: Int
    after: Int
  ): [Financial_transactions]
  financial_transactionsUsingFinancial_transactions_account_id_fkey(
    account_id: Int!
  ): [Financial_transactions]
}","query  {
  customersList {
    customer_email
    customer_id
    customer_phone
  }
}","query {
  customersList {
    customer_email
    customer_phone
    customer_id
  }
}",Equal,N/A
"scalar Date
scalar DateTime
type Accounts {
  account_id: Int!
  account_name: String
  customer_id: Int!
  financial_transactions: [Financial_transactions]
  other_account_details: String
}
type Customers {
  customer_address: String
  customer_email: String
  customer_first_name: String
  customer_id: Int!
  customer_last_name: String
  customer_phone: String
  other_customer_details: String
}
type Customers_cards {
  card_id: Int!
  card_number: String
  card_type_code: String!
  customer_id: Int!
  date_valid_from: DateTime
  date_valid_to: DateTime
  financial_transactions: [Financial_transactions]
  other_card_details: String
}
type Financial_transactions {
  account_id: Int!
  accounts: Accounts
  card_id: Int!
  customers_cards: Customers_cards
  other_transaction_details: String
  previous_transaction_id: Int
  transaction_amount: Float
  transaction_comment: String
  transaction_date: DateTime
  transaction_id: Int!
  transaction_type: String!
}
input StringFilter {
  eq: String
  like: String
}
input FloatFilter {
  eq: Float
  gt: Float
  lt: Float
}
input IntFilter {
  eq: Int
  ne: Int
  gt: Int
  lt: Int
}
input AccountsFilter {
  account_name: StringFilter
}
type Query {
  accounts(account_id: Int!): Accounts
  accountsbyname(account_name: String!): [Accounts]
  accountsList: [Accounts]
  accountsFilterList(filter: AccountsFilter): [Accounts]
  accountsPaginatedList(first: Int, after: Int): [Accounts]
  accountsUsingFinancial_transactions_account_id_fkey(
    account_id: Int!
  ): Accounts
  customers(customer_id: Int!): Customers
  customersList: [Customers]
  customerByAccount(account_name: String!): Customers
  customersPaginatedList(first: Int, after: Int): [Customers]
  customers_cards(card_id: Int!): Customers_cards
  customers_cardsList: [Customers_cards]
  customers_cardsPaginatedList(first: Int, after: Int): [Customers_cards]
  customers_cardsUsingFinancial_transactions_card_id_fkey(
    card_id: Int!
  ): Customers_cards
  financial_transactions(card_id: Int!): [Financial_transactions]
  financial_transactionsList: [Financial_transactions]
  financial_transactionsPaginatedList(
    first: Int
    after: Int
  ): [Financial_transactions]
  financial_transactionsUsingFinancial_transactions_account_id_fkey(
    account_id: Int!
  ): [Financial_transactions]
}","query  {
  customersList {
    customer_email
    customer_id
    customer_phone
  }
}","query {
  customersList {
    customer_email
    customer_phone
    customer_id
  }
}",Equal,N/A
"scalar Date
scalar DateTime
type Accounts {
  account_id: Int!
  account_name: String
  customer_id: Int!
  financial_transactions: [Financial_transactions]
  other_account_details: String
}
type Customers {
  customer_address: String
  customer_email: String
  customer_first_name: String
  customer_id: Int!
  customer_last_name: String
  customer_phone: String
  other_customer_details: String
}
type Customers_cards {
  card_id: Int!
  card_number: String
  card_type_code: String!
  customer_id: Int!
  date_valid_from: DateTime
  date_valid_to: DateTime
  financial_transactions: [Financial_transactions]
  other_card_details: String
}
type Financial_transactions {
  account_id: Int!
  accounts: Accounts
  card_id: Int!
  customers_cards: Customers_cards
  other_transaction_details: String
  previous_transaction_id: Int
  transaction_amount: Float
  transaction_comment: String
  transaction_date: DateTime
  transaction_id: Int!
  transaction_type: String!
}
input StringFilter {
  eq: String
  like: String
}
input FloatFilter {
  eq: Float
  gt: Float
  lt: Float
}
input IntFilter {
  eq: Int
  ne: Int
  gt: Int
  lt: Int
}
input AccountsFilter {
  account_name: StringFilter
}
type Query {
  accounts(account_id: Int!): Accounts
  accountsbyname(account_name: String!): [Accounts]
  accountsList: [Accounts]
  accountsFilterList(filter: AccountsFilter): [Accounts]
  accountsPaginatedList(first: Int, after: Int): [Accounts]
  accountsUsingFinancial_transactions_account_id_fkey(
    account_id: Int!
  ): Accounts
  customers(customer_id: Int!): Customers
  customersList: [Customers]
  customerByAccount(account_name: String!): Customers
  customersPaginatedList(first: Int, after: Int): [Customers]
  customers_cards(card_id: Int!): Customers_cards
  customers_cardsList: [Customers_cards]
  customers_cardsPaginatedList(first: Int, after: Int): [Customers_cards]
  customers_cardsUsingFinancial_transactions_card_id_fkey(
    card_id: Int!
  ): Customers_cards
  financial_transactions(card_id: Int!): [Financial_transactions]
  financial_transactionsList: [Financial_transactions]
  financial_transactionsPaginatedList(
    first: Int
    after: Int
  ): [Financial_transactions]
  financial_transactionsUsingFinancial_transactions_account_id_fkey(
    account_id: Int!
  ): [Financial_transactions]
}","query  {
  customersList {
    customer_email
    customer_id
    customer_phone
  }
}","query {
  customersList {
    customer_email
    customer_phone
    customer_id
  }
}",Equal,N/A
"scalar Date
scalar DateTime
type Accounts {
  account_id: Int!
  account_name: String
  customer_id: Int!
  financial_transactions: [Financial_transactions]
  other_account_details: String
}
type Customers {
  customer_address: String
  customer_email: String
  customer_first_name: String
  customer_id: Int!
  customer_last_name: String
  customer_phone: String
  other_customer_details: String
}
type Customers_cards {
  card_id: Int!
  card_number: String
  card_type_code: String!
  customer_id: Int!
  date_valid_from: DateTime
  date_valid_to: DateTime
  financial_transactions: [Financial_transactions]
  other_card_details: String
}
type Financial_transactions {
  account_id: Int!
  accounts: Accounts
  card_id: Int!
  customers_cards: Customers_cards
  other_transaction_details: String
  previous_transaction_id: Int
  transaction_amount: Float
  transaction_comment: String
  transaction_date: DateTime
  transaction_id: Int!
  transaction_type: String!
}
input StringFilter {
  eq: String
  like: String
}
input FloatFilter {
  eq: Float
  gt: Float
  lt: Float
}
input IntFilter {
  eq: Int
  ne: Int
  gt: Int
  lt: Int
}
input AccountsFilter {
  account_name: StringFilter
}
type Query {
  accounts(account_id: Int!): Accounts
  accountsbyname(account_name: String!): [Accounts]
  accountsList: [Accounts]
  accountsFilterList(filter: AccountsFilter): [Accounts]
  accountsPaginatedList(first: Int, after: Int): [Accounts]
  accountsUsingFinancial_transactions_account_id_fkey(
    account_id: Int!
  ): Accounts
  customers(customer_id: Int!): Customers
  customersList: [Customers]
  customerByAccount(account_name: String!): Customers
  customersPaginatedList(first: Int, after: Int): [Customers]
  customers_cards(card_id: Int!): Customers_cards
  customers_cardsList: [Customers_cards]
  customers_cardsPaginatedList(first: Int, after: Int): [Customers_cards]
  customers_cardsUsingFinancial_transactions_card_id_fkey(
    card_id: Int!
  ): Customers_cards
  financial_transactions(card_id: Int!): [Financial_transactions]
  financial_transactionsList: [Financial_transactions]
  financial_transactionsPaginatedList(
    first: Int
    after: Int
  ): [Financial_transactions]
  financial_transactionsUsingFinancial_transactions_account_id_fkey(
    account_id: Int!
  ): [Financial_transactions]
}","query  {
  customersList {
    customer_first_name
    customer_address
    customer_last_name
  }
}","query {
  customersList {
    customer_first_name
    customer_last_name
    customer_address
  }
}",Equal,N/A
"scalar Date
scalar DateTime
type Accounts {
  account_id: Int!
  account_name: String
  customer_id: Int!
  financial_transactions: [Financial_transactions]
  other_account_details: String
}
type Customers {
  customer_address: String
  customer_email: String
  customer_first_name: String
  customer_id: Int!
  customer_last_name: String
  customer_phone: String
  other_customer_details: String
}
type Customers_cards {
  card_id: Int!
  card_number: String
  card_type_code: String!
  customer_id: Int!
  date_valid_from: DateTime
  date_valid_to: DateTime
  financial_transactions: [Financial_transactions]
  other_card_details: String
}
type Financial_transactions {
  account_id: Int!
  accounts: Accounts
  card_id: Int!
  customers_cards: Customers_cards
  other_transaction_details: String
  previous_transaction_id: Int
  transaction_amount: Float
  transaction_comment: String
  transaction_date: DateTime
  transaction_id: Int!
  transaction_type: String!
}
input StringFilter {
  eq: String
  like: String
}
input FloatFilter {
  eq: Float
  gt: Float
  lt: Float
}
input IntFilter {
  eq: Int
  ne: Int
  gt: Int
  lt: Int
}
input AccountsFilter {
  account_name: StringFilter
}
type Query {
  accounts(account_id: Int!): Accounts
  accountsbyname(account_name: String!): [Accounts]
  accountsList: [Accounts]
  accountsFilterList(filter: AccountsFilter): [Accounts]
  accountsPaginatedList(first: Int, after: Int): [Accounts]
  accountsUsingFinancial_transactions_account_id_fkey(
    account_id: Int!
  ): Accounts
  customers(customer_id: Int!): Customers
  customersList: [Customers]
  customerByAccount(account_name: String!): Customers
  customersPaginatedList(first: Int, after: Int): [Customers]
  customers_cards(card_id: Int!): Customers_cards
  customers_cardsList: [Customers_cards]
  customers_cardsPaginatedList(first: Int, after: Int): [Customers_cards]
  customers_cardsUsingFinancial_transactions_card_id_fkey(
    card_id: Int!
  ): Customers_cards
  financial_transactions(card_id: Int!): [Financial_transactions]
  financial_transactionsList: [Financial_transactions]
  financial_transactionsPaginatedList(
    first: Int
    after: Int
  ): [Financial_transactions]
  financial_transactionsUsingFinancial_transactions_account_id_fkey(
    account_id: Int!
  ): [Financial_transactions]
}","query  {
  customersList {
    customer_first_name
    customer_address
    customer_last_name
  }
}","query {
  customersList {
    customer_first_name
    customer_last_name
    customer_address
  }
}",Equal,N/A
"scalar Date
scalar DateTime
type Accounts {
  account_id: Int!
  account_name: String
  customer_id: Int!
  financial_transactions: [Financial_transactions]
  other_account_details: String
}
type Customers {
  customer_address: String
  customer_email: String
  customer_first_name: String
  customer_id: Int!
  customer_last_name: String
  customer_phone: String
  other_customer_details: String
}
type Customers_cards {
  card_id: Int!
  card_number: String
  card_type_code: String!
  customer_id: Int!
  date_valid_from: DateTime
  date_valid_to: DateTime
  financial_transactions: [Financial_transactions]
  other_card_details: String
}
type Financial_transactions {
  account_id: Int!
  accounts: Accounts
  card_id: Int!
  customers_cards: Customers_cards
  other_transaction_details: String
  previous_transaction_id: Int
  transaction_amount: Float
  transaction_comment: String
  transaction_date: DateTime
  transaction_id: Int!
  transaction_type: String!
}
input StringFilter {
  eq: String
  like: String
}
input FloatFilter {
  eq: Float
  gt: Float
  lt: Float
}
input IntFilter {
  eq: Int
  ne: Int
  gt: Int
  lt: Int
}
input AccountsFilter {
  account_name: StringFilter
}
type Query {
  accounts(account_id: Int!): Accounts
  accountsbyname(account_name: String!): [Accounts]
  accountsList: [Accounts]
  accountsFilterList(filter: AccountsFilter): [Accounts]
  accountsPaginatedList(first: Int, after: Int): [Accounts]
  accountsUsingFinancial_transactions_account_id_fkey(
    account_id: Int!
  ): Accounts
  customers(customer_id: Int!): Customers
  customersList: [Customers]
  customerByAccount(account_name: String!): Customers
  customersPaginatedList(first: Int, after: Int): [Customers]
  customers_cards(card_id: Int!): Customers_cards
  customers_cardsList: [Customers_cards]
  customers_cardsPaginatedList(first: Int, after: Int): [Customers_cards]
  customers_cardsUsingFinancial_transactions_card_id_fkey(
    card_id: Int!
  ): Customers_cards
  financial_transactions(card_id: Int!): [Financial_transactions]
  financial_transactionsList: [Financial_transactions]
  financial_transactionsPaginatedList(
    first: Int
    after: Int
  ): [Financial_transactions]
  financial_transactionsUsingFinancial_transactions_account_id_fkey(
    account_id: Int!
  ): [Financial_transactions]
}","query  {
  customersList {
    customer_first_name
    customer_address
    customer_last_name
  }
}","query {
  customersList {
    customer_first_name
    customer_last_name
    customer_address
  }
}",Equal,N/A
"scalar Date
scalar DateTime
type Accounts {
  account_id: Int!
  account_name: String
  customer_id: Int!
  financial_transactions: [Financial_transactions]
  other_account_details: String
}
type Customers {
  customer_address: String
  customer_email: String
  customer_first_name: String
  customer_id: Int!
  customer_last_name: String
  customer_phone: String
  other_customer_details: String
}
type Customers_cards {
  card_id: Int!
  card_number: String
  card_type_code: String!
  customer_id: Int!
  date_valid_from: DateTime
  date_valid_to: DateTime
  financial_transactions: [Financial_transactions]
  other_card_details: String
}
type Financial_transactions {
  account_id: Int!
  accounts: Accounts
  card_id: Int!
  customers_cards: Customers_cards
  other_transaction_details: String
  previous_transaction_id: Int
  transaction_amount: Float
  transaction_comment: String
  transaction_date: DateTime
  transaction_id: Int!
  transaction_type: String!
}
input StringFilter {
  eq: String
  like: String
}
input FloatFilter {
  eq: Float
  gt: Float
  lt: Float
}
input IntFilter {
  eq: Int
  ne: Int
  gt: Int
  lt: Int
}
input AccountsFilter {
  account_name: StringFilter
}
type Query {
  accounts(account_id: Int!): Accounts
  accountsbyname(account_name: String!): [Accounts]
  accountsList: [Accounts]
  accountsFilterList(filter: AccountsFilter): [Accounts]
  accountsPaginatedList(first: Int, after: Int): [Accounts]
  accountsUsingFinancial_transactions_account_id_fkey(
    account_id: Int!
  ): Accounts
  customers(customer_id: Int!): Customers
  customersList: [Customers]
  customerByAccount(account_name: String!): Customers
  customersPaginatedList(first: Int, after: Int): [Customers]
  customers_cards(card_id: Int!): Customers_cards
  customers_cardsList: [Customers_cards]
  customers_cardsPaginatedList(first: Int, after: Int): [Customers_cards]
  customers_cardsUsingFinancial_transactions_card_id_fkey(
    card_id: Int!
  ): Customers_cards
  financial_transactions(card_id: Int!): [Financial_transactions]
  financial_transactionsList: [Financial_transactions]
  financial_transactionsPaginatedList(
    first: Int
    after: Int
  ): [Financial_transactions]
  financial_transactionsUsingFinancial_transactions_account_id_fkey(
    account_id: Int!
  ): [Financial_transactions]
}","query  {
  customersList {
    customer_first_name
    customer_phone
    customer_last_name
    customer_email
  }
}","query {
  customersList {
    customer_first_name
    customer_last_name
    customer_phone
    customer_email
  }
}",Equal,N/A
"scalar Date
scalar DateTime
type Accounts {
  account_id: Int!
  account_name: String
  customer_id: Int!
  financial_transactions: [Financial_transactions]
  other_account_details: String
}
type Customers {
  customer_address: String
  customer_email: String
  customer_first_name: String
  customer_id: Int!
  customer_last_name: String
  customer_phone: String
  other_customer_details: String
}
type Customers_cards {
  card_id: Int!
  card_number: String
  card_type_code: String!
  customer_id: Int!
  date_valid_from: DateTime
  date_valid_to: DateTime
  financial_transactions: [Financial_transactions]
  other_card_details: String
}
type Financial_transactions {
  account_id: Int!
  accounts: Accounts
  card_id: Int!
  customers_cards: Customers_cards
  other_transaction_details: String
  previous_transaction_id: Int
  transaction_amount: Float
  transaction_comment: String
  transaction_date: DateTime
  transaction_id: Int!
  transaction_type: String!
}
input StringFilter {
  eq: String
  like: String
}
input FloatFilter {
  eq: Float
  gt: Float
  lt: Float
}
input IntFilter {
  eq: Int
  ne: Int
  gt: Int
  lt: Int
}
input AccountsFilter {
  account_name: StringFilter
}
type Query {
  accounts(account_id: Int!): Accounts
  accountsbyname(account_name: String!): [Accounts]
  accountsList: [Accounts]
  accountsFilterList(filter: AccountsFilter): [Accounts]
  accountsPaginatedList(first: Int, after: Int): [Accounts]
  accountsUsingFinancial_transactions_account_id_fkey(
    account_id: Int!
  ): Accounts
  customers(customer_id: Int!): Customers
  customersList: [Customers]
  customerByAccount(account_name: String!): Customers
  customersPaginatedList(first: Int, after: Int): [Customers]
  customers_cards(card_id: Int!): Customers_cards
  customers_cardsList: [Customers_cards]
  customers_cardsPaginatedList(first: Int, after: Int): [Customers_cards]
  customers_cardsUsingFinancial_transactions_card_id_fkey(
    card_id: Int!
  ): Customers_cards
  financial_transactions(card_id: Int!): [Financial_transactions]
  financial_transactionsList: [Financial_transactions]
  financial_transactionsPaginatedList(
    first: Int
    after: Int
  ): [Financial_transactions]
  financial_transactionsUsingFinancial_transactions_account_id_fkey(
    account_id: Int!
  ): [Financial_transactions]
}","query  {
  customersList {
    customer_first_name
    customer_phone
    customer_last_name
    customer_email
  }
}","query {
  customersList {
    customer_first_name
    customer_last_name
    customer_phone
    customer_email
  }
}",Equal,N/A
"scalar Date
scalar DateTime
type Accounts {
  account_id: Int!
  account_name: String
  customer_id: Int!
  financial_transactions: [Financial_transactions]
  other_account_details: String
}
type Customers {
  customer_address: String
  customer_email: String
  customer_first_name: String
  customer_id: Int!
  customer_last_name: String
  customer_phone: String
  other_customer_details: String
}
type Customers_cards {
  card_id: Int!
  card_number: String
  card_type_code: String!
  customer_id: Int!
  date_valid_from: DateTime
  date_valid_to: DateTime
  financial_transactions: [Financial_transactions]
  other_card_details: String
}
type Financial_transactions {
  account_id: Int!
  accounts: Accounts
  card_id: Int!
  customers_cards: Customers_cards
  other_transaction_details: String
  previous_transaction_id: Int
  transaction_amount: Float
  transaction_comment: String
  transaction_date: DateTime
  transaction_id: Int!
  transaction_type: String!
}
input StringFilter {
  eq: String
  like: String
}
input FloatFilter {
  eq: Float
  gt: Float
  lt: Float
}
input IntFilter {
  eq: Int
  ne: Int
  gt: Int
  lt: Int
}
input AccountsFilter {
  account_name: StringFilter
}
type Query {
  accounts(account_id: Int!): Accounts
  accountsbyname(account_name: String!): [Accounts]
  accountsList: [Accounts]
  accountsFilterList(filter: AccountsFilter): [Accounts]
  accountsPaginatedList(first: Int, after: Int): [Accounts]
  accountsUsingFinancial_transactions_account_id_fkey(
    account_id: Int!
  ): Accounts
  customers(customer_id: Int!): Customers
  customersList: [Customers]
  customerByAccount(account_name: String!): Customers
  customersPaginatedList(first: Int, after: Int): [Customers]
  customers_cards(card_id: Int!): Customers_cards
  customers_cardsList: [Customers_cards]
  customers_cardsPaginatedList(first: Int, after: Int): [Customers_cards]
  customers_cardsUsingFinancial_transactions_card_id_fkey(
    card_id: Int!
  ): Customers_cards
  financial_transactions(card_id: Int!): [Financial_transactions]
  financial_transactionsList: [Financial_transactions]
  financial_transactionsPaginatedList(
    first: Int
    after: Int
  ): [Financial_transactions]
  financial_transactionsUsingFinancial_transactions_account_id_fkey(
    account_id: Int!
  ): [Financial_transactions]
}","query  {
  customersList {
    customer_first_name
    customer_phone
    customer_last_name
    customer_email
  }
}","query {
  customersList {
    customer_first_name
    customer_last_name
    customer_phone
    customer_email
  }
}",Equal,N/A
"scalar Date
scalar DateTime
type Accounts {
  account_id: Int!
  account_name: String
  customer_id: Int!
  financial_transactions: [Financial_transactions]
  other_account_details: String
}
type Customers {
  customer_address: String
  customer_email: String
  customer_first_name: String
  customer_id: Int!
  customer_last_name: String
  customer_phone: String
  other_customer_details: String
}
type Customers_cards {
  card_id: Int!
  card_number: String
  card_type_code: String!
  customer_id: Int!
  date_valid_from: DateTime
  date_valid_to: DateTime
  financial_transactions: [Financial_transactions]
  other_card_details: String
}
type Financial_transactions {
  account_id: Int!
  accounts: Accounts
  card_id: Int!
  customers_cards: Customers_cards
  other_transaction_details: String
  previous_transaction_id: Int
  transaction_amount: Float
  transaction_comment: String
  transaction_date: DateTime
  transaction_id: Int!
  transaction_type: String!
}
input StringFilter {
  eq: String
  like: String
}
input FloatFilter {
  eq: Float
  gt: Float
  lt: Float
}
input IntFilter {
  eq: Int
  ne: Int
  gt: Int
  lt: Int
}
input AccountsFilter {
  account_name: StringFilter
}
type Query {
  accounts(account_id: Int!): Accounts
  accountsbyname(account_name: String!): [Accounts]
  accountsList: [Accounts]
  accountsFilterList(filter: AccountsFilter): [Accounts]
  accountsPaginatedList(first: Int, after: Int): [Accounts]
  accountsUsingFinancial_transactions_account_id_fkey(
    account_id: Int!
  ): Accounts
  customers(customer_id: Int!): Customers
  customersList: [Customers]
  customerByAccount(account_name: String!): Customers
  customersPaginatedList(first: Int, after: Int): [Customers]
  customers_cards(card_id: Int!): Customers_cards
  customers_cardsList: [Customers_cards]
  customers_cardsPaginatedList(first: Int, after: Int): [Customers_cards]
  customers_cardsUsingFinancial_transactions_card_id_fkey(
    card_id: Int!
  ): Customers_cards
  financial_transactions(card_id: Int!): [Financial_transactions]
  financial_transactionsList: [Financial_transactions]
  financial_transactionsPaginatedList(
    first: Int
    after: Int
  ): [Financial_transactions]
  financial_transactionsUsingFinancial_transactions_account_id_fkey(
    account_id: Int!
  ): [Financial_transactions]
}","query  {
  customersList {
    customer_first_name
    customer_id
    customer_last_name
    customer_email
  }
}","query {
  customersList {
    customer_first_name
    customer_last_name
    customer_email
    customer_id
  }
}",Equal,N/A
"scalar Date
scalar DateTime
type Accounts {
  account_id: Int!
  account_name: String
  customer_id: Int!
  financial_transactions: [Financial_transactions]
  other_account_details: String
}
type Customers {
  customer_address: String
  customer_email: String
  customer_first_name: String
  customer_id: Int!
  customer_last_name: String
  customer_phone: String
  other_customer_details: String
}
type Customers_cards {
  card_id: Int!
  card_number: String
  card_type_code: String!
  customer_id: Int!
  date_valid_from: DateTime
  date_valid_to: DateTime
  financial_transactions: [Financial_transactions]
  other_card_details: String
}
type Financial_transactions {
  account_id: Int!
  accounts: Accounts
  card_id: Int!
  customers_cards: Customers_cards
  other_transaction_details: String
  previous_transaction_id: Int
  transaction_amount: Float
  transaction_comment: String
  transaction_date: DateTime
  transaction_id: Int!
  transaction_type: String!
}
input StringFilter {
  eq: String
  like: String
}
input FloatFilter {
  eq: Float
  gt: Float
  lt: Float
}
input IntFilter {
  eq: Int
  ne: Int
  gt: Int
  lt: Int
}
input AccountsFilter {
  account_name: StringFilter
}
type Query {
  accounts(account_id: Int!): Accounts
  accountsbyname(account_name: String!): [Accounts]
  accountsList: [Accounts]
  accountsFilterList(filter: AccountsFilter): [Accounts]
  accountsPaginatedList(first: Int, after: Int): [Accounts]
  accountsUsingFinancial_transactions_account_id_fkey(
    account_id: Int!
  ): Accounts
  customers(customer_id: Int!): Customers
  customersList: [Customers]
  customerByAccount(account_name: String!): Customers
  customersPaginatedList(first: Int, after: Int): [Customers]
  customers_cards(card_id: Int!): Customers_cards
  customers_cardsList: [Customers_cards]
  customers_cardsPaginatedList(first: Int, after: Int): [Customers_cards]
  customers_cardsUsingFinancial_transactions_card_id_fkey(
    card_id: Int!
  ): Customers_cards
  financial_transactions(card_id: Int!): [Financial_transactions]
  financial_transactionsList: [Financial_transactions]
  financial_transactionsPaginatedList(
    first: Int
    after: Int
  ): [Financial_transactions]
  financial_transactionsUsingFinancial_transactions_account_id_fkey(
    account_id: Int!
  ): [Financial_transactions]
}","query  {
  customersList {
    customer_first_name
    customer_id
    customer_last_name
    customer_email
  }
}","query {
  customersList {
    customer_first_name
    customer_last_name
    customer_email
    customer_id
  }
}",Equal,N/A
"scalar Date
scalar DateTime
type Accounts {
  account_id: Int!
  account_name: String
  customer_id: Int!
  financial_transactions: [Financial_transactions]
  other_account_details: String
}
type Customers {
  customer_address: String
  customer_email: String
  customer_first_name: String
  customer_id: Int!
  customer_last_name: String
  customer_phone: String
  other_customer_details: String
}
type Customers_cards {
  card_id: Int!
  card_number: String
  card_type_code: String!
  customer_id: Int!
  date_valid_from: DateTime
  date_valid_to: DateTime
  financial_transactions: [Financial_transactions]
  other_card_details: String
}
type Financial_transactions {
  account_id: Int!
  accounts: Accounts
  card_id: Int!
  customers_cards: Customers_cards
  other_transaction_details: String
  previous_transaction_id: Int
  transaction_amount: Float
  transaction_comment: String
  transaction_date: DateTime
  transaction_id: Int!
  transaction_type: String!
}
input StringFilter {
  eq: String
  like: String
}
input FloatFilter {
  eq: Float
  gt: Float
  lt: Float
}
input IntFilter {
  eq: Int
  ne: Int
  gt: Int
  lt: Int
}
input AccountsFilter {
  account_name: StringFilter
}
type Query {
  accounts(account_id: Int!): Accounts
  accountsbyname(account_name: String!): [Accounts]
  accountsList: [Accounts]
  accountsFilterList(filter: AccountsFilter): [Accounts]
  accountsPaginatedList(first: Int, after: Int): [Accounts]
  accountsUsingFinancial_transactions_account_id_fkey(
    account_id: Int!
  ): Accounts
  customers(customer_id: Int!): Customers
  customersList: [Customers]
  customerByAccount(account_name: String!): Customers
  customersPaginatedList(first: Int, after: Int): [Customers]
  customers_cards(card_id: Int!): Customers_cards
  customers_cardsList: [Customers_cards]
  customers_cardsPaginatedList(first: Int, after: Int): [Customers_cards]
  customers_cardsUsingFinancial_transactions_card_id_fkey(
    card_id: Int!
  ): Customers_cards
  financial_transactions(card_id: Int!): [Financial_transactions]
  financial_transactionsList: [Financial_transactions]
  financial_transactionsPaginatedList(
    first: Int
    after: Int
  ): [Financial_transactions]
  financial_transactionsUsingFinancial_transactions_account_id_fkey(
    account_id: Int!
  ): [Financial_transactions]
}","query  {
  customersList {
    customer_first_name
    customer_id
    customer_last_name
    customer_email
  }
}","query {
  customersList {
    customer_first_name
    customer_id
    customer_email
  }
}",Unequal,N/A
"scalar Date
scalar DateTime
type Accounts {
  account_id: Int!
  account_name: String
  customer_id: Int!
  financial_transactions: [Financial_transactions]
  other_account_details: String
}
type Customers {
  customer_address: String
  customer_email: String
  customer_first_name: String
  customer_id: Int!
  customer_last_name: String
  customer_phone: String
  other_customer_details: String
}
type Customers_cards {
  card_id: Int!
  card_number: String
  card_type_code: String!
  customer_id: Int!
  date_valid_from: DateTime
  date_valid_to: DateTime
  financial_transactions: [Financial_transactions]
  other_card_details: String
}
type Financial_transactions {
  account_id: Int!
  accounts: Accounts
  card_id: Int!
  customers_cards: Customers_cards
  other_transaction_details: String
  previous_transaction_id: Int
  transaction_amount: Float
  transaction_comment: String
  transaction_date: DateTime
  transaction_id: Int!
  transaction_type: String!
}
input StringFilter {
  eq: String
  like: String
}
input FloatFilter {
  eq: Float
  gt: Float
  lt: Float
}
input IntFilter {
  eq: Int
  ne: Int
  gt: Int
  lt: Int
}
input AccountsFilter {
  account_name: StringFilter
}
type Query {
  accounts(account_id: Int!): Accounts
  accountsbyname(account_name: String!): [Accounts]
  accountsList: [Accounts]
  accountsFilterList(filter: AccountsFilter): [Accounts]
  accountsPaginatedList(first: Int, after: Int): [Accounts]
  accountsUsingFinancial_transactions_account_id_fkey(
    account_id: Int!
  ): Accounts
  customers(customer_id: Int!): Customers
  customersList: [Customers]
  customerByAccount(account_name: String!): Customers
  customersPaginatedList(first: Int, after: Int): [Customers]
  customers_cards(card_id: Int!): Customers_cards
  customers_cardsList: [Customers_cards]
  customers_cardsPaginatedList(first: Int, after: Int): [Customers_cards]
  customers_cardsUsingFinancial_transactions_card_id_fkey(
    card_id: Int!
  ): Customers_cards
  financial_transactions(card_id: Int!): [Financial_transactions]
  financial_transactionsList: [Financial_transactions]
  financial_transactionsPaginatedList(
    first: Int
    after: Int
  ): [Financial_transactions]
  financial_transactionsUsingFinancial_transactions_account_id_fkey(
    account_id: Int!
  ): [Financial_transactions]
}","query  {
  customersList {
    customer_first_name
    customer_id
    customer_last_name
    customer_email
  }
}","query {
  customersList {
    customer_first_name
    customer_last_name
    customer_id
    customer_email
  }
}",Equal,N/A
"scalar Date
scalar DateTime
type Accounts {
  account_id: Int!
  account_name: String
  customer_id: Int!
  financial_transactions: [Financial_transactions]
  other_account_details: String
}
type Customers {
  customer_address: String
  customer_email: String
  customer_first_name: String
  customer_id: Int!
  customer_last_name: String
  customer_phone: String
  other_customer_details: String
}
type Customers_cards {
  card_id: Int!
  card_number: String
  card_type_code: String!
  customer_id: Int!
  date_valid_from: DateTime
  date_valid_to: DateTime
  financial_transactions: [Financial_transactions]
  other_card_details: String
}
type Financial_transactions {
  account_id: Int!
  accounts: Accounts
  card_id: Int!
  customers_cards: Customers_cards
  other_transaction_details: String
  previous_transaction_id: Int
  transaction_amount: Float
  transaction_comment: String
  transaction_date: DateTime
  transaction_id: Int!
  transaction_type: String!
}
input StringFilter {
  eq: String
  like: String
}
input FloatFilter {
  eq: Float
  gt: Float
  lt: Float
}
input IntFilter {
  eq: Int
  ne: Int
  gt: Int
  lt: Int
}
input AccountsFilter {
  account_name: StringFilter
}
type Query {
  accounts(account_id: Int!): Accounts
  accountsbyname(account_name: String!): [Accounts]
  accountsList: [Accounts]
  accountsFilterList(filter: AccountsFilter): [Accounts]
  accountsPaginatedList(first: Int, after: Int): [Accounts]
  accountsUsingFinancial_transactions_account_id_fkey(
    account_id: Int!
  ): Accounts
  customers(customer_id: Int!): Customers
  customersList: [Customers]
  customerByAccount(account_name: String!): Customers
  customersPaginatedList(first: Int, after: Int): [Customers]
  customers_cards(card_id: Int!): Customers_cards
  customers_cardsList: [Customers_cards]
  customers_cardsPaginatedList(first: Int, after: Int): [Customers_cards]
  customers_cardsUsingFinancial_transactions_card_id_fkey(
    card_id: Int!
  ): Customers_cards
  financial_transactions(card_id: Int!): [Financial_transactions]
  financial_transactionsList: [Financial_transactions]
  financial_transactionsPaginatedList(
    first: Int
    after: Int
  ): [Financial_transactions]
  financial_transactionsUsingFinancial_transactions_account_id_fkey(
    account_id: Int!
  ): [Financial_transactions]
}","query  {
  customersList {
    customer_first_name
    customer_id
    customer_last_name
    customer_email
  }
}","query {
  customersList {
    customer_first_name
    customer_id
    customer_email
  }
}",Unequal,N/A
"scalar Date
scalar DateTime
type Accounts {
  account_id: Int!
  account_name: String
  customer_id: Int!
  financial_transactions: [Financial_transactions]
  other_account_details: String
}
type Customers {
  customer_address: String
  customer_email: String
  customer_first_name: String
  customer_id: Int!
  customer_last_name: String
  customer_phone: String
  other_customer_details: String
}
type Customers_cards {
  card_id: Int!
  card_number: String
  card_type_code: String!
  customer_id: Int!
  date_valid_from: DateTime
  date_valid_to: DateTime
  financial_transactions: [Financial_transactions]
  other_card_details: String
}
type Financial_transactions {
  account_id: Int!
  accounts: Accounts
  card_id: Int!
  customers_cards: Customers_cards
  other_transaction_details: String
  previous_transaction_id: Int
  transaction_amount: Float
  transaction_comment: String
  transaction_date: DateTime
  transaction_id: Int!
  transaction_type: String!
}
input StringFilter {
  eq: String
  like: String
}
input FloatFilter {
  eq: Float
  gt: Float
  lt: Float
}
input IntFilter {
  eq: Int
  ne: Int
  gt: Int
  lt: Int
}
input AccountsFilter {
  account_name: StringFilter
}
type Query {
  accounts(account_id: Int!): Accounts
  accountsbyname(account_name: String!): [Accounts]
  accountsList: [Accounts]
  accountsFilterList(filter: AccountsFilter): [Accounts]
  accountsPaginatedList(first: Int, after: Int): [Accounts]
  accountsUsingFinancial_transactions_account_id_fkey(
    account_id: Int!
  ): Accounts
  customers(customer_id: Int!): Customers
  customersList: [Customers]
  customerByAccount(account_name: String!): Customers
  customersPaginatedList(first: Int, after: Int): [Customers]
  customers_cards(card_id: Int!): Customers_cards
  customers_cardsList: [Customers_cards]
  customers_cardsPaginatedList(first: Int, after: Int): [Customers_cards]
  customers_cardsUsingFinancial_transactions_card_id_fkey(
    card_id: Int!
  ): Customers_cards
  financial_transactions(card_id: Int!): [Financial_transactions]
  financial_transactionsList: [Financial_transactions]
  financial_transactionsPaginatedList(
    first: Int
    after: Int
  ): [Financial_transactions]
  financial_transactionsUsingFinancial_transactions_account_id_fkey(
    account_id: Int!
  ): [Financial_transactions]
}","query  {
  customersList {
    customer_first_name
    customer_id
    customer_last_name
    customer_email
    customer_phone
  }
}","query {
  customersList {
    customer_first_name
    customer_id
    customer_phone
    customer_email
  }
}",Unequal,N/A
"scalar Date
scalar DateTime
type Accounts {
  account_id: Int!
  account_name: String
  customer_id: Int!
  financial_transactions: [Financial_transactions]
  other_account_details: String
}
type Customers {
  customer_address: String
  customer_email: String
  customer_first_name: String
  customer_id: Int!
  customer_last_name: String
  customer_phone: String
  other_customer_details: String
}
type Customers_cards {
  card_id: Int!
  card_number: String
  card_type_code: String!
  customer_id: Int!
  date_valid_from: DateTime
  date_valid_to: DateTime
  financial_transactions: [Financial_transactions]
  other_card_details: String
}
type Financial_transactions {
  account_id: Int!
  accounts: Accounts
  card_id: Int!
  customers_cards: Customers_cards
  other_transaction_details: String
  previous_transaction_id: Int
  transaction_amount: Float
  transaction_comment: String
  transaction_date: DateTime
  transaction_id: Int!
  transaction_type: String!
}
input StringFilter {
  eq: String
  like: String
}
input FloatFilter {
  eq: Float
  gt: Float
  lt: Float
}
input IntFilter {
  eq: Int
  ne: Int
  gt: Int
  lt: Int
}
input AccountsFilter {
  account_name: StringFilter
}
type Query {
  accounts(account_id: Int!): Accounts
  accountsbyname(account_name: String!): [Accounts]
  accountsList: [Accounts]
  accountsFilterList(filter: AccountsFilter): [Accounts]
  accountsPaginatedList(first: Int, after: Int): [Accounts]
  accountsUsingFinancial_transactions_account_id_fkey(
    account_id: Int!
  ): Accounts
  customers(customer_id: Int!): Customers
  customersList: [Customers]
  customerByAccount(account_name: String!): Customers
  customersPaginatedList(first: Int, after: Int): [Customers]
  customers_cards(card_id: Int!): Customers_cards
  customers_cardsList: [Customers_cards]
  customers_cardsPaginatedList(first: Int, after: Int): [Customers_cards]
  customers_cardsUsingFinancial_transactions_card_id_fkey(
    card_id: Int!
  ): Customers_cards
  financial_transactions(card_id: Int!): [Financial_transactions]
  financial_transactionsList: [Financial_transactions]
  financial_transactionsPaginatedList(
    first: Int
    after: Int
  ): [Financial_transactions]
  financial_transactionsUsingFinancial_transactions_account_id_fkey(
    account_id: Int!
  ): [Financial_transactions]
}","query  {
  customersList {
    customer_first_name
    customer_id
    customer_last_name
    customer_email
    customer_phone
  }
}","query {
  customersList {
    customer_first_name
    customer_id
    customer_phone
    customer_email
  }
}",Unequal,N/A
"scalar Date
scalar DateTime
type Accounts {
  account_id: Int!
  account_name: String
  customer_id: Int!
  financial_transactions: [Financial_transactions]
  other_account_details: String
}
type Customers {
  customer_address: String
  customer_email: String
  customer_first_name: String
  customer_id: Int!
  customer_last_name: String
  customer_phone: String
  other_customer_details: String
}
type Customers_cards {
  card_id: Int!
  card_number: String
  card_type_code: String!
  customer_id: Int!
  date_valid_from: DateTime
  date_valid_to: DateTime
  financial_transactions: [Financial_transactions]
  other_card_details: String
}
type Financial_transactions {
  account_id: Int!
  accounts: Accounts
  card_id: Int!
  customers_cards: Customers_cards
  other_transaction_details: String
  previous_transaction_id: Int
  transaction_amount: Float
  transaction_comment: String
  transaction_date: DateTime
  transaction_id: Int!
  transaction_type: String!
}
input StringFilter {
  eq: String
  like: String
}
input FloatFilter {
  eq: Float
  gt: Float
  lt: Float
}
input IntFilter {
  eq: Int
  ne: Int
  gt: Int
  lt: Int
}
input AccountsFilter {
  account_name: StringFilter
}
type Query {
  accounts(account_id: Int!): Accounts
  accountsbyname(account_name: String!): [Accounts]
  accountsList: [Accounts]
  accountsFilterList(filter: AccountsFilter): [Accounts]
  accountsPaginatedList(first: Int, after: Int): [Accounts]
  accountsUsingFinancial_transactions_account_id_fkey(
    account_id: Int!
  ): Accounts
  customers(customer_id: Int!): Customers
  customersList: [Customers]
  customerByAccount(account_name: String!): Customers
  customersPaginatedList(first: Int, after: Int): [Customers]
  customers_cards(card_id: Int!): Customers_cards
  customers_cardsList: [Customers_cards]
  customers_cardsPaginatedList(first: Int, after: Int): [Customers_cards]
  customers_cardsUsingFinancial_transactions_card_id_fkey(
    card_id: Int!
  ): Customers_cards
  financial_transactions(card_id: Int!): [Financial_transactions]
  financial_transactionsList: [Financial_transactions]
  financial_transactionsPaginatedList(
    first: Int
    after: Int
  ): [Financial_transactions]
  financial_transactionsUsingFinancial_transactions_account_id_fkey(
    account_id: Int!
  ): [Financial_transactions]
}","query  {
  customersList {
    customer_first_name
    customer_id
    customer_last_name
    customer_email
    customer_phone
  }
}","query {
  customersList {
    customer_first_name
    customer_id
    customer_phone
    customer_email
  }
}",Unequal,N/A
"scalar Date
scalar DateTime
type Accounts {
  account_id: Int!
  account_name: String
  customer_id: Int!
  financial_transactions: [Financial_transactions]
  other_account_details: String
}
type Customers {
  customer_address: String
  customer_email: String
  customer_first_name: String
  customer_id: Int!
  customer_last_name: String
  customer_phone: String
  other_customer_details: String
}
type Customers_cards {
  card_id: Int!
  card_number: String
  card_type_code: String!
  customer_id: Int!
  date_valid_from: DateTime
  date_valid_to: DateTime
  financial_transactions: [Financial_transactions]
  other_card_details: String
}
type Financial_transactions {
  account_id: Int!
  accounts: Accounts
  card_id: Int!
  customers_cards: Customers_cards
  other_transaction_details: String
  previous_transaction_id: Int
  transaction_amount: Float
  transaction_comment: String
  transaction_date: DateTime
  transaction_id: Int!
  transaction_type: String!
}
input StringFilter {
  eq: String
  like: String
}
input FloatFilter {
  eq: Float
  gt: Float
  lt: Float
}
input IntFilter {
  eq: Int
  ne: Int
  gt: Int
  lt: Int
}
input AccountsFilter {
  account_name: StringFilter
}
type Query {
  accounts(account_id: Int!): Accounts
  accountsbyname(account_name: String!): [Accounts]
  accountsList: [Accounts]
  accountsFilterList(filter: AccountsFilter): [Accounts]
  accountsPaginatedList(first: Int, after: Int): [Accounts]
  accountsUsingFinancial_transactions_account_id_fkey(
    account_id: Int!
  ): Accounts
  customers(customer_id: Int!): Customers
  customersList: [Customers]
  customerByAccount(account_name: String!): Customers
  customersPaginatedList(first: Int, after: Int): [Customers]
  customers_cards(card_id: Int!): Customers_cards
  customers_cardsList: [Customers_cards]
  customers_cardsPaginatedList(first: Int, after: Int): [Customers_cards]
  customers_cardsUsingFinancial_transactions_card_id_fkey(
    card_id: Int!
  ): Customers_cards
  financial_transactions(card_id: Int!): [Financial_transactions]
  financial_transactionsList: [Financial_transactions]
  financial_transactionsPaginatedList(
    first: Int
    after: Int
  ): [Financial_transactions]
  financial_transactionsUsingFinancial_transactions_account_id_fkey(
    account_id: Int!
  ): [Financial_transactions]
}","query  {
  customers_cardsList {
    card_id
    financial_transactions {
      transaction_amount
      transaction_date
      transaction_type
    }
  }
}","query {
  financial_transactionsList {
    card_id
    transaction_amount
    transaction_type
    transaction_date
  }
}",Unequal,N/A
"scalar Date
scalar DateTime
type Accounts {
  account_id: Int!
  account_name: String
  customer_id: Int!
  financial_transactions: [Financial_transactions]
  other_account_details: String
}
type Customers {
  customer_address: String
  customer_email: String
  customer_first_name: String
  customer_id: Int!
  customer_last_name: String
  customer_phone: String
  other_customer_details: String
}
type Customers_cards {
  card_id: Int!
  card_number: String
  card_type_code: String!
  customer_id: Int!
  date_valid_from: DateTime
  date_valid_to: DateTime
  financial_transactions: [Financial_transactions]
  other_card_details: String
}
type Financial_transactions {
  account_id: Int!
  accounts: Accounts
  card_id: Int!
  customers_cards: Customers_cards
  other_transaction_details: String
  previous_transaction_id: Int
  transaction_amount: Float
  transaction_comment: String
  transaction_date: DateTime
  transaction_id: Int!
  transaction_type: String!
}
input StringFilter {
  eq: String
  like: String
}
input FloatFilter {
  eq: Float
  gt: Float
  lt: Float
}
input IntFilter {
  eq: Int
  ne: Int
  gt: Int
  lt: Int
}
input AccountsFilter {
  account_name: StringFilter
}
type Query {
  accounts(account_id: Int!): Accounts
  accountsbyname(account_name: String!): [Accounts]
  accountsList: [Accounts]
  accountsFilterList(filter: AccountsFilter): [Accounts]
  accountsPaginatedList(first: Int, after: Int): [Accounts]
  accountsUsingFinancial_transactions_account_id_fkey(
    account_id: Int!
  ): Accounts
  customers(customer_id: Int!): Customers
  customersList: [Customers]
  customerByAccount(account_name: String!): Customers
  customersPaginatedList(first: Int, after: Int): [Customers]
  customers_cards(card_id: Int!): Customers_cards
  customers_cardsList: [Customers_cards]
  customers_cardsPaginatedList(first: Int, after: Int): [Customers_cards]
  customers_cardsUsingFinancial_transactions_card_id_fkey(
    card_id: Int!
  ): Customers_cards
  financial_transactions(card_id: Int!): [Financial_transactions]
  financial_transactionsList: [Financial_transactions]
  financial_transactionsPaginatedList(
    first: Int
    after: Int
  ): [Financial_transactions]
  financial_transactionsUsingFinancial_transactions_account_id_fkey(
    account_id: Int!
  ): [Financial_transactions]
}","query  {
  customers_cardsList {
    card_id
    financial_transactions {
      transaction_amount
      transaction_date
      transaction_type
    }
  }
}","query {
  financial_transactionsList {
    card_id
    transaction_amount
    transaction_type
    transaction_date
  }
}",Unequal,N/A
"scalar Date
scalar DateTime
type Accounts {
  account_id: Int!
  account_name: String
  customer_id: Int!
  financial_transactions: [Financial_transactions]
  other_account_details: String
}
type Customers {
  customer_address: String
  customer_email: String
  customer_first_name: String
  customer_id: Int!
  customer_last_name: String
  customer_phone: String
  other_customer_details: String
}
type Customers_cards {
  card_id: Int!
  card_number: String
  card_type_code: String!
  customer_id: Int!
  date_valid_from: DateTime
  date_valid_to: DateTime
  financial_transactions: [Financial_transactions]
  other_card_details: String
}
type Financial_transactions {
  account_id: Int!
  accounts: Accounts
  card_id: Int!
  customers_cards: Customers_cards
  other_transaction_details: String
  previous_transaction_id: Int
  transaction_amount: Float
  transaction_comment: String
  transaction_date: DateTime
  transaction_id: Int!
  transaction_type: String!
}
input StringFilter {
  eq: String
  like: String
}
input FloatFilter {
  eq: Float
  gt: Float
  lt: Float
}
input IntFilter {
  eq: Int
  ne: Int
  gt: Int
  lt: Int
}
input AccountsFilter {
  account_name: StringFilter
}
type Query {
  accounts(account_id: Int!): Accounts
  accountsbyname(account_name: String!): [Accounts]
  accountsList: [Accounts]
  accountsFilterList(filter: AccountsFilter): [Accounts]
  accountsPaginatedList(first: Int, after: Int): [Accounts]
  accountsUsingFinancial_transactions_account_id_fkey(
    account_id: Int!
  ): Accounts
  customers(customer_id: Int!): Customers
  customersList: [Customers]
  customerByAccount(account_name: String!): Customers
  customersPaginatedList(first: Int, after: Int): [Customers]
  customers_cards(card_id: Int!): Customers_cards
  customers_cardsList: [Customers_cards]
  customers_cardsPaginatedList(first: Int, after: Int): [Customers_cards]
  customers_cardsUsingFinancial_transactions_card_id_fkey(
    card_id: Int!
  ): Customers_cards
  financial_transactions(card_id: Int!): [Financial_transactions]
  financial_transactionsList: [Financial_transactions]
  financial_transactionsPaginatedList(
    first: Int
    after: Int
  ): [Financial_transactions]
  financial_transactionsUsingFinancial_transactions_account_id_fkey(
    account_id: Int!
  ): [Financial_transactions]
}","query  {
  financial_transactions(card_id: 6) {
    transaction_amount
    transaction_date
  }
}","query {
  financial_transactions(card_id: 6) {
    transaction_amount
    transaction_date
  }
}",Equal,N/A
"scalar Date
scalar DateTime
type Accounts {
  account_id: Int!
  account_name: String
  customer_id: Int!
  financial_transactions: [Financial_transactions]
  other_account_details: String
}
type Customers {
  customer_address: String
  customer_email: String
  customer_first_name: String
  customer_id: Int!
  customer_last_name: String
  customer_phone: String
  other_customer_details: String
}
type Customers_cards {
  card_id: Int!
  card_number: String
  card_type_code: String!
  customer_id: Int!
  date_valid_from: DateTime
  date_valid_to: DateTime
  financial_transactions: [Financial_transactions]
  other_card_details: String
}
type Financial_transactions {
  account_id: Int!
  accounts: Accounts
  card_id: Int!
  customers_cards: Customers_cards
  other_transaction_details: String
  previous_transaction_id: Int
  transaction_amount: Float
  transaction_comment: String
  transaction_date: DateTime
  transaction_id: Int!
  transaction_type: String!
}
input StringFilter {
  eq: String
  like: String
}
input FloatFilter {
  eq: Float
  gt: Float
  lt: Float
}
input IntFilter {
  eq: Int
  ne: Int
  gt: Int
  lt: Int
}
input AccountsFilter {
  account_name: StringFilter
}
type Query {
  accounts(account_id: Int!): Accounts
  accountsbyname(account_name: String!): [Accounts]
  accountsList: [Accounts]
  accountsFilterList(filter: AccountsFilter): [Accounts]
  accountsPaginatedList(first: Int, after: Int): [Accounts]
  accountsUsingFinancial_transactions_account_id_fkey(
    account_id: Int!
  ): Accounts
  customers(customer_id: Int!): Customers
  customersList: [Customers]
  customerByAccount(account_name: String!): Customers
  customersPaginatedList(first: Int, after: Int): [Customers]
  customers_cards(card_id: Int!): Customers_cards
  customers_cardsList: [Customers_cards]
  customers_cardsPaginatedList(first: Int, after: Int): [Customers_cards]
  customers_cardsUsingFinancial_transactions_card_id_fkey(
    card_id: Int!
  ): Customers_cards
  financial_transactions(card_id: Int!): [Financial_transactions]
  financial_transactionsList: [Financial_transactions]
  financial_transactionsPaginatedList(
    first: Int
    after: Int
  ): [Financial_transactions]
  financial_transactionsUsingFinancial_transactions_account_id_fkey(
    account_id: Int!
  ): [Financial_transactions]
}","query  {
  financial_transactions(card_id: 6) {
    transaction_amount
    transaction_date
  }
}","query {
  financial_transactions(card_id: 6) {
    transaction_amount
    transaction_date
  }
}",Equal,N/A
"scalar Date
scalar DateTime
type Accounts {
  account_id: Int!
  account_name: String
  customer_id: Int!
  financial_transactions: [Financial_transactions]
  other_account_details: String
}
type Customers {
  customer_address: String
  customer_email: String
  customer_first_name: String
  customer_id: Int!
  customer_last_name: String
  customer_phone: String
  other_customer_details: String
}
type Customers_cards {
  card_id: Int!
  card_number: String
  card_type_code: String!
  customer_id: Int!
  date_valid_from: DateTime
  date_valid_to: DateTime
  financial_transactions: [Financial_transactions]
  other_card_details: String
}
type Financial_transactions {
  account_id: Int!
  accounts: Accounts
  card_id: Int!
  customers_cards: Customers_cards
  other_transaction_details: String
  previous_transaction_id: Int
  transaction_amount: Float
  transaction_comment: String
  transaction_date: DateTime
  transaction_id: Int!
  transaction_type: String!
}
input StringFilter {
  eq: String
  like: String
}
input FloatFilter {
  eq: Float
  gt: Float
  lt: Float
}
input IntFilter {
  eq: Int
  ne: Int
  gt: Int
  lt: Int
}
input AccountsFilter {
  account_name: StringFilter
}
type Query {
  accounts(account_id: Int!): Accounts
  accountsbyname(account_name: String!): [Accounts]
  accountsList: [Accounts]
  accountsFilterList(filter: AccountsFilter): [Accounts]
  accountsPaginatedList(first: Int, after: Int): [Accounts]
  accountsUsingFinancial_transactions_account_id_fkey(
    account_id: Int!
  ): Accounts
  customers(customer_id: Int!): Customers
  customersList: [Customers]
  customerByAccount(account_name: String!): Customers
  customersPaginatedList(first: Int, after: Int): [Customers]
  customers_cards(card_id: Int!): Customers_cards
  customers_cardsList: [Customers_cards]
  customers_cardsPaginatedList(first: Int, after: Int): [Customers_cards]
  customers_cardsUsingFinancial_transactions_card_id_fkey(
    card_id: Int!
  ): Customers_cards
  financial_transactions(card_id: Int!): [Financial_transactions]
  financial_transactionsList: [Financial_transactions]
  financial_transactionsPaginatedList(
    first: Int
    after: Int
  ): [Financial_transactions]
  financial_transactionsUsingFinancial_transactions_account_id_fkey(
    account_id: Int!
  ): [Financial_transactions]
}","query  {
  financial_transactions(card_id: 6) {
    transaction_amount
    transaction_date
  }
}","query {
  financial_transactions(card_id: 6) {
    transaction_amount
    transaction_date
  }
}",Equal,N/A
"scalar Date
scalar DateTime
type Accounts {
  account_id: Int!
  account_name: String
  customer_id: Int!
  financial_transactions: [Financial_transactions]
  other_account_details: String
}
type Customers {
  customer_address: String
  customer_email: String
  customer_first_name: String
  customer_id: Int!
  customer_last_name: String
  customer_phone: String
  other_customer_details: String
}
type Customers_cards {
  card_id: Int!
  card_number: String
  card_type_code: String!
  customer_id: Int!
  date_valid_from: DateTime
  date_valid_to: DateTime
  financial_transactions: [Financial_transactions]
  other_card_details: String
}
type Financial_transactions {
  account_id: Int!
  accounts: Accounts
  card_id: Int!
  customers_cards: Customers_cards
  other_transaction_details: String
  previous_transaction_id: Int
  transaction_amount: Float
  transaction_comment: String
  transaction_date: DateTime
  transaction_id: Int!
  transaction_type: String!
}
input StringFilter {
  eq: String
  like: String
}
input FloatFilter {
  eq: Float
  gt: Float
  lt: Float
}
input IntFilter {
  eq: Int
  ne: Int
  gt: Int
  lt: Int
}
input AccountsFilter {
  account_name: StringFilter
}
type Query {
  accounts(account_id: Int!): Accounts
  accountsbyname(account_name: String!): [Accounts]
  accountsList: [Accounts]
  accountsFilterList(filter: AccountsFilter): [Accounts]
  accountsPaginatedList(first: Int, after: Int): [Accounts]
  accountsUsingFinancial_transactions_account_id_fkey(
    account_id: Int!
  ): Accounts
  customers(customer_id: Int!): Customers
  customersList: [Customers]
  customerByAccount(account_name: String!): Customers
  customersPaginatedList(first: Int, after: Int): [Customers]
  customers_cards(card_id: Int!): Customers_cards
  customers_cardsList: [Customers_cards]
  customers_cardsPaginatedList(first: Int, after: Int): [Customers_cards]
  customers_cardsUsingFinancial_transactions_card_id_fkey(
    card_id: Int!
  ): Customers_cards
  financial_transactions(card_id: Int!): [Financial_transactions]
  financial_transactionsList: [Financial_transactions]
  financial_transactionsPaginatedList(
    first: Int
    after: Int
  ): [Financial_transactions]
  financial_transactionsUsingFinancial_transactions_account_id_fkey(
    account_id: Int!
  ): [Financial_transactions]
}","query  {
  financial_transactions(card_id: 6) {
    transaction_amount
    transaction_date
  }
}","query {
  financial_transactions(card_id: 6) {
    transaction_amount
    transaction_date
  }
}",Equal,N/A
"scalar Date
scalar DateTime
type Accounts {
  account_id: Int!
  account_name: String
  customer_id: Int!
  financial_transactions: [Financial_transactions]
  other_account_details: String
}
type Customers {
  customer_address: String
  customer_email: String
  customer_first_name: String
  customer_id: Int!
  customer_last_name: String
  customer_phone: String
  other_customer_details: String
}
type Customers_cards {
  card_id: Int!
  card_number: String
  card_type_code: String!
  customer_id: Int!
  date_valid_from: DateTime
  date_valid_to: DateTime
  financial_transactions: [Financial_transactions]
  other_card_details: String
}
type Financial_transactions {
  account_id: Int!
  accounts: Accounts
  card_id: Int!
  customers_cards: Customers_cards
  other_transaction_details: String
  previous_transaction_id: Int
  transaction_amount: Float
  transaction_comment: String
  transaction_date: DateTime
  transaction_id: Int!
  transaction_type: String!
}
input StringFilter {
  eq: String
  like: String
}
input FloatFilter {
  eq: Float
  gt: Float
  lt: Float
}
input IntFilter {
  eq: Int
  ne: Int
  gt: Int
  lt: Int
}
input AccountsFilter {
  account_name: StringFilter
}
type Query {
  accounts(account_id: Int!): Accounts
  accountsbyname(account_name: String!): [Accounts]
  accountsList: [Accounts]
  accountsFilterList(filter: AccountsFilter): [Accounts]
  accountsPaginatedList(first: Int, after: Int): [Accounts]
  accountsUsingFinancial_transactions_account_id_fkey(
    account_id: Int!
  ): Accounts
  customers(customer_id: Int!): Customers
  customersList: [Customers]
  customerByAccount(account_name: String!): Customers
  customersPaginatedList(first: Int, after: Int): [Customers]
  customers_cards(card_id: Int!): Customers_cards
  customers_cardsList: [Customers_cards]
  customers_cardsPaginatedList(first: Int, after: Int): [Customers_cards]
  customers_cardsUsingFinancial_transactions_card_id_fkey(
    card_id: Int!
  ): Customers_cards
  financial_transactions(card_id: Int!): [Financial_transactions]
  financial_transactionsList: [Financial_transactions]
  financial_transactionsPaginatedList(
    first: Int
    after: Int
  ): [Financial_transactions]
  financial_transactionsUsingFinancial_transactions_account_id_fkey(
    account_id: Int!
  ): [Financial_transactions]
}","query  {
  financial_transactions(card_id: 6) {
    transaction_type
  }
}","query {
  financial_transactions(card_id: 6) {
    transaction_type
  }
}",Equal,N/A
"scalar Date
scalar DateTime
type Accounts {
  account_id: Int!
  account_name: String
  customer_id: Int!
  financial_transactions: [Financial_transactions]
  other_account_details: String
}
type Customers {
  customer_address: String
  customer_email: String
  customer_first_name: String
  customer_id: Int!
  customer_last_name: String
  customer_phone: String
  other_customer_details: String
}
type Customers_cards {
  card_id: Int!
  card_number: String
  card_type_code: String!
  customer_id: Int!
  date_valid_from: DateTime
  date_valid_to: DateTime
  financial_transactions: [Financial_transactions]
  other_card_details: String
}
type Financial_transactions {
  account_id: Int!
  accounts: Accounts
  card_id: Int!
  customers_cards: Customers_cards
  other_transaction_details: String
  previous_transaction_id: Int
  transaction_amount: Float
  transaction_comment: String
  transaction_date: DateTime
  transaction_id: Int!
  transaction_type: String!
}
input StringFilter {
  eq: String
  like: String
}
input FloatFilter {
  eq: Float
  gt: Float
  lt: Float
}
input IntFilter {
  eq: Int
  ne: Int
  gt: Int
  lt: Int
}
input AccountsFilter {
  account_name: StringFilter
}
type Query {
  accounts(account_id: Int!): Accounts
  accountsbyname(account_name: String!): [Accounts]
  accountsList: [Accounts]
  accountsFilterList(filter: AccountsFilter): [Accounts]
  accountsPaginatedList(first: Int, after: Int): [Accounts]
  accountsUsingFinancial_transactions_account_id_fkey(
    account_id: Int!
  ): Accounts
  customers(customer_id: Int!): Customers
  customersList: [Customers]
  customerByAccount(account_name: String!): Customers
  customersPaginatedList(first: Int, after: Int): [Customers]
  customers_cards(card_id: Int!): Customers_cards
  customers_cardsList: [Customers_cards]
  customers_cardsPaginatedList(first: Int, after: Int): [Customers_cards]
  customers_cardsUsingFinancial_transactions_card_id_fkey(
    card_id: Int!
  ): Customers_cards
  financial_transactions(card_id: Int!): [Financial_transactions]
  financial_transactionsList: [Financial_transactions]
  financial_transactionsPaginatedList(
    first: Int
    after: Int
  ): [Financial_transactions]
  financial_transactionsUsingFinancial_transactions_account_id_fkey(
    account_id: Int!
  ): [Financial_transactions]
}","query  {
  financial_transactions(card_id: 6) {
    transaction_type
  }
}","query {
  financial_transactions(card_id: 6) {
    transaction_type
  }
}",Equal,N/A
"scalar Date
scalar DateTime
type Accounts {
  account_id: Int!
  account_name: String
  customer_id: Int!
  financial_transactions: [Financial_transactions]
  other_account_details: String
}
type Customers {
  customer_address: String
  customer_email: String
  customer_first_name: String
  customer_id: Int!
  customer_last_name: String
  customer_phone: String
  other_customer_details: String
}
type Customers_cards {
  card_id: Int!
  card_number: String
  card_type_code: String!
  customer_id: Int!
  date_valid_from: DateTime
  date_valid_to: DateTime
  financial_transactions: [Financial_transactions]
  other_card_details: String
}
type Financial_transactions {
  account_id: Int!
  accounts: Accounts
  card_id: Int!
  customers_cards: Customers_cards
  other_transaction_details: String
  previous_transaction_id: Int
  transaction_amount: Float
  transaction_comment: String
  transaction_date: DateTime
  transaction_id: Int!
  transaction_type: String!
}
input StringFilter {
  eq: String
  like: String
}
input FloatFilter {
  eq: Float
  gt: Float
  lt: Float
}
input IntFilter {
  eq: Int
  ne: Int
  gt: Int
  lt: Int
}
input AccountsFilter {
  account_name: StringFilter
}
type Query {
  accounts(account_id: Int!): Accounts
  accountsbyname(account_name: String!): [Accounts]
  accountsList: [Accounts]
  accountsFilterList(filter: AccountsFilter): [Accounts]
  accountsPaginatedList(first: Int, after: Int): [Accounts]
  accountsUsingFinancial_transactions_account_id_fkey(
    account_id: Int!
  ): Accounts
  customers(customer_id: Int!): Customers
  customersList: [Customers]
  customerByAccount(account_name: String!): Customers
  customersPaginatedList(first: Int, after: Int): [Customers]
  customers_cards(card_id: Int!): Customers_cards
  customers_cardsList: [Customers_cards]
  customers_cardsPaginatedList(first: Int, after: Int): [Customers_cards]
  customers_cardsUsingFinancial_transactions_card_id_fkey(
    card_id: Int!
  ): Customers_cards
  financial_transactions(card_id: Int!): [Financial_transactions]
  financial_transactionsList: [Financial_transactions]
  financial_transactionsPaginatedList(
    first: Int
    after: Int
  ): [Financial_transactions]
  financial_transactionsUsingFinancial_transactions_account_id_fkey(
    account_id: Int!
  ): [Financial_transactions]
}","query  {
  financial_transactions(card_id: 6) {
    transaction_type
    transaction_id
  }
}","query {
  financial_transactions(card_id: 6) {
    transaction_type
    transaction_id
  }
}",Equal,N/A
"scalar Date
scalar DateTime
type Accounts {
  account_id: Int!
  account_name: String
  customer_id: Int!
  financial_transactions: [Financial_transactions]
  other_account_details: String
}
type Customers {
  customer_address: String
  customer_email: String
  customer_first_name: String
  customer_id: Int!
  customer_last_name: String
  customer_phone: String
  other_customer_details: String
}
type Customers_cards {
  card_id: Int!
  card_number: String
  card_type_code: String!
  customer_id: Int!
  date_valid_from: DateTime
  date_valid_to: DateTime
  financial_transactions: [Financial_transactions]
  other_card_details: String
}
type Financial_transactions {
  account_id: Int!
  accounts: Accounts
  card_id: Int!
  customers_cards: Customers_cards
  other_transaction_details: String
  previous_transaction_id: Int
  transaction_amount: Float
  transaction_comment: String
  transaction_date: DateTime
  transaction_id: Int!
  transaction_type: String!
}
input StringFilter {
  eq: String
  like: String
}
input FloatFilter {
  eq: Float
  gt: Float
  lt: Float
}
input IntFilter {
  eq: Int
  ne: Int
  gt: Int
  lt: Int
}
input AccountsFilter {
  account_name: StringFilter
}
type Query {
  accounts(account_id: Int!): Accounts
  accountsbyname(account_name: String!): [Accounts]
  accountsList: [Accounts]
  accountsFilterList(filter: AccountsFilter): [Accounts]
  accountsPaginatedList(first: Int, after: Int): [Accounts]
  accountsUsingFinancial_transactions_account_id_fkey(
    account_id: Int!
  ): Accounts
  customers(customer_id: Int!): Customers
  customersList: [Customers]
  customerByAccount(account_name: String!): Customers
  customersPaginatedList(first: Int, after: Int): [Customers]
  customers_cards(card_id: Int!): Customers_cards
  customers_cardsList: [Customers_cards]
  customers_cardsPaginatedList(first: Int, after: Int): [Customers_cards]
  customers_cardsUsingFinancial_transactions_card_id_fkey(
    card_id: Int!
  ): Customers_cards
  financial_transactions(card_id: Int!): [Financial_transactions]
  financial_transactionsList: [Financial_transactions]
  financial_transactionsPaginatedList(
    first: Int
    after: Int
  ): [Financial_transactions]
  financial_transactionsUsingFinancial_transactions_account_id_fkey(
    account_id: Int!
  ): [Financial_transactions]
}","query  {
  financial_transactions(card_id: 6) {
    transaction_type
    transaction_id
  }
}","query {
  financial_transactions(card_id: 6) {
    transaction_type
    transaction_id
  }
}",Equal,N/A
"type Artwork {
  artwork_id: Int!
  name: String
  nomination: [Nomination]
  type: String
}
type Festival_detail {
  chair_name: String
  festival_id: Int!
  festival_name: String
  location: String
  nomination: [Nomination]
  num_of_audience: Int
  year: Int
}
type Nomination {
  artwork: Artwork
  artwork_id: Int!
  festival_detail: Festival_detail
  festival_id: Int!
  result: String
}
input StringFilter {
  eq: String
  like: String
}
input festival_id_Filter {
  eq: Int
}
input IntFilter {
  eq: Int
  ne: Int
  gt: Int
  lt: Int
}
input NominationFilter {
  result: StringFilter
  festival_id: festival_id_Filter
}
input Festival_detailFilter{
  num_of_audience: IntFilter
}
type Query {
  artwork(artwork_id: Int!): Artwork
  artworkList: [Artwork]
  artworkPaginatedList(first: Int, after: Int): [Artwork]
  artworkUsingNomination_artwork_id_fkey(artwork_id: Int!): Artwork
  festival_detail(festival_id: Int!): Festival_detail
  filtered_festival_detail(filter: Festival_detailFilter): [Festival_detail]
  festival_detailList: [Festival_detail]
  festival_detail_by_year(year: Int!): [Festival_detail]
  festival_detailUsingNomination_festival_id_fkey(
    festival_id: Int!
  ): Festival_detail
  nomination(artwork_id: Int!, festival_id: Int!): Nomination
  nominationList: [Nomination]
  filtered_nominationList(filter: NominationFilter): [Nomination]
  nominationPaginatedList(first: Int, after: Int): [Nomination]
  nominationUsingNomination_artwork_id_fkey(artwork_id: Int!): [Nomination]
  nominationUsingNomination_festival_id_fkey(festival_id: Int!): [Nomination]
}","query  {
  filtered_nominationList(filter: {result: {eq: ""Won""}}) {
    artwork {
      artwork_id
      name
    }
  }
}","query {
  nominationList {
    artwork {
      artwork_id
      name
    }
  }
}",Unequal,N/A
"type Artwork {
  artwork_id: Int!
  name: String
  nomination: [Nomination]
  type: String
}
type Festival_detail {
  chair_name: String
  festival_id: Int!
  festival_name: String
  location: String
  nomination: [Nomination]
  num_of_audience: Int
  year: Int
}
type Nomination {
  artwork: Artwork
  artwork_id: Int!
  festival_detail: Festival_detail
  festival_id: Int!
  result: String
}
input StringFilter {
  eq: String
  like: String
}
input festival_id_Filter {
  eq: Int
}
input IntFilter {
  eq: Int
  ne: Int
  gt: Int
  lt: Int
}
input NominationFilter {
  result: StringFilter
  festival_id: festival_id_Filter
}
input Festival_detailFilter{
  num_of_audience: IntFilter
}
type Query {
  artwork(artwork_id: Int!): Artwork
  artworkList: [Artwork]
  artworkPaginatedList(first: Int, after: Int): [Artwork]
  artworkUsingNomination_artwork_id_fkey(artwork_id: Int!): Artwork
  festival_detail(festival_id: Int!): Festival_detail
  filtered_festival_detail(filter: Festival_detailFilter): [Festival_detail]
  festival_detailList: [Festival_detail]
  festival_detail_by_year(year: Int!): [Festival_detail]
  festival_detailUsingNomination_festival_id_fkey(
    festival_id: Int!
  ): Festival_detail
  nomination(artwork_id: Int!, festival_id: Int!): Nomination
  nominationList: [Nomination]
  filtered_nominationList(filter: NominationFilter): [Nomination]
  nominationPaginatedList(first: Int, after: Int): [Nomination]
  nominationUsingNomination_artwork_id_fkey(artwork_id: Int!): [Nomination]
  nominationUsingNomination_festival_id_fkey(festival_id: Int!): [Nomination]
}","query  {
  filtered_nominationList(filter: {result: {eq: ""Won""}}) {
    artwork {
      artwork_id
      name
    }
  }
}","query {
  nominationList {
    artwork_id
    artwork {
      name
    }
  }
}",Unequal,N/A
"type Artwork {
  artwork_id: Int!
  name: String
  nomination: [Nomination]
  type: String
}
type Festival_detail {
  chair_name: String
  festival_id: Int!
  festival_name: String
  location: String
  nomination: [Nomination]
  num_of_audience: Int
  year: Int
}
type Nomination {
  artwork: Artwork
  artwork_id: Int!
  festival_detail: Festival_detail
  festival_id: Int!
  result: String
}
input StringFilter {
  eq: String
  like: String
}
input festival_id_Filter {
  eq: Int
}
input IntFilter {
  eq: Int
  ne: Int
  gt: Int
  lt: Int
}
input NominationFilter {
  result: StringFilter
  festival_id: festival_id_Filter
}
input Festival_detailFilter{
  num_of_audience: IntFilter
}
type Query {
  artwork(artwork_id: Int!): Artwork
  artworkList: [Artwork]
  artworkPaginatedList(first: Int, after: Int): [Artwork]
  artworkUsingNomination_artwork_id_fkey(artwork_id: Int!): Artwork
  festival_detail(festival_id: Int!): Festival_detail
  filtered_festival_detail(filter: Festival_detailFilter): [Festival_detail]
  festival_detailList: [Festival_detail]
  festival_detail_by_year(year: Int!): [Festival_detail]
  festival_detailUsingNomination_festival_id_fkey(
    festival_id: Int!
  ): Festival_detail
  nomination(artwork_id: Int!, festival_id: Int!): Nomination
  nominationList: [Nomination]
  filtered_nominationList(filter: NominationFilter): [Nomination]
  nominationPaginatedList(first: Int, after: Int): [Nomination]
  nominationUsingNomination_artwork_id_fkey(artwork_id: Int!): [Nomination]
  nominationUsingNomination_festival_id_fkey(festival_id: Int!): [Nomination]
}","query  {
  filtered_nominationList(filter: {result: {eq: ""Won""}}) {
    artwork {
      artwork_id
      name
    }
  }
}","query {
  nominationList {
    artwork_id
    artwork {
      name
    }
  }
}",Unequal,N/A
"type Artwork {
  artwork_id: Int!
  name: String
  nomination: [Nomination]
  type: String
}
type Festival_detail {
  chair_name: String
  festival_id: Int!
  festival_name: String
  location: String
  nomination: [Nomination]
  num_of_audience: Int
  year: Int
}
type Nomination {
  artwork: Artwork
  artwork_id: Int!
  festival_detail: Festival_detail
  festival_id: Int!
  result: String
}
input StringFilter {
  eq: String
  like: String
}
input festival_id_Filter {
  eq: Int
}
input IntFilter {
  eq: Int
  ne: Int
  gt: Int
  lt: Int
}
input NominationFilter {
  result: StringFilter
  festival_id: festival_id_Filter
}
input Festival_detailFilter{
  num_of_audience: IntFilter
}
type Query {
  artwork(artwork_id: Int!): Artwork
  artworkList: [Artwork]
  artworkPaginatedList(first: Int, after: Int): [Artwork]
  artworkUsingNomination_artwork_id_fkey(artwork_id: Int!): Artwork
  festival_detail(festival_id: Int!): Festival_detail
  filtered_festival_detail(filter: Festival_detailFilter): [Festival_detail]
  festival_detailList: [Festival_detail]
  festival_detail_by_year(year: Int!): [Festival_detail]
  festival_detailUsingNomination_festival_id_fkey(
    festival_id: Int!
  ): Festival_detail
  nomination(artwork_id: Int!, festival_id: Int!): Nomination
  nominationList: [Nomination]
  filtered_nominationList(filter: NominationFilter): [Nomination]
  nominationPaginatedList(first: Int, after: Int): [Nomination]
  nominationUsingNomination_artwork_id_fkey(artwork_id: Int!): [Nomination]
  nominationUsingNomination_festival_id_fkey(festival_id: Int!): [Nomination]
}","query  {
  festival_detail_by_year(year: 2007) {
    chair_name
  }
}","query {
  festival_detail_by_year(year: 2007) {
    chair_name
  }
}",Equal,N/A
"type Artwork {
  artwork_id: Int!
  name: String
  nomination: [Nomination]
  type: String
}
type Festival_detail {
  chair_name: String
  festival_id: Int!
  festival_name: String
  location: String
  nomination: [Nomination]
  num_of_audience: Int
  year: Int
}
type Nomination {
  artwork: Artwork
  artwork_id: Int!
  festival_detail: Festival_detail
  festival_id: Int!
  result: String
}
input StringFilter {
  eq: String
  like: String
}
input festival_id_Filter {
  eq: Int
}
input IntFilter {
  eq: Int
  ne: Int
  gt: Int
  lt: Int
}
input NominationFilter {
  result: StringFilter
  festival_id: festival_id_Filter
}
input Festival_detailFilter{
  num_of_audience: IntFilter
}
type Query {
  artwork(artwork_id: Int!): Artwork
  artworkList: [Artwork]
  artworkPaginatedList(first: Int, after: Int): [Artwork]
  artworkUsingNomination_artwork_id_fkey(artwork_id: Int!): Artwork
  festival_detail(festival_id: Int!): Festival_detail
  filtered_festival_detail(filter: Festival_detailFilter): [Festival_detail]
  festival_detailList: [Festival_detail]
  festival_detail_by_year(year: Int!): [Festival_detail]
  festival_detailUsingNomination_festival_id_fkey(
    festival_id: Int!
  ): Festival_detail
  nomination(artwork_id: Int!, festival_id: Int!): Nomination
  nominationList: [Nomination]
  filtered_nominationList(filter: NominationFilter): [Nomination]
  nominationPaginatedList(first: Int, after: Int): [Nomination]
  nominationUsingNomination_artwork_id_fkey(artwork_id: Int!): [Nomination]
  nominationUsingNomination_festival_id_fkey(festival_id: Int!): [Nomination]
}","query  {
  festival_detail_by_year(year: 2007) {
    chair_name
  }
}","query {
  festival_detail_by_year(year: 2007) {
    chair_name
  }
}",Equal,N/A
"type Artwork {
  artwork_id: Int!
  name: String
  nomination: [Nomination]
  type: String
}
type Festival_detail {
  chair_name: String
  festival_id: Int!
  festival_name: String
  location: String
  nomination: [Nomination]
  num_of_audience: Int
  year: Int
}
type Nomination {
  artwork: Artwork
  artwork_id: Int!
  festival_detail: Festival_detail
  festival_id: Int!
  result: String
}
input StringFilter {
  eq: String
  like: String
}
input festival_id_Filter {
  eq: Int
}
input IntFilter {
  eq: Int
  ne: Int
  gt: Int
  lt: Int
}
input NominationFilter {
  result: StringFilter
  festival_id: festival_id_Filter
}
input Festival_detailFilter{
  num_of_audience: IntFilter
}
type Query {
  artwork(artwork_id: Int!): Artwork
  artworkList: [Artwork]
  artworkPaginatedList(first: Int, after: Int): [Artwork]
  artworkUsingNomination_artwork_id_fkey(artwork_id: Int!): Artwork
  festival_detail(festival_id: Int!): Festival_detail
  filtered_festival_detail(filter: Festival_detailFilter): [Festival_detail]
  festival_detailList: [Festival_detail]
  festival_detail_by_year(year: Int!): [Festival_detail]
  festival_detailUsingNomination_festival_id_fkey(
    festival_id: Int!
  ): Festival_detail
  nomination(artwork_id: Int!, festival_id: Int!): Nomination
  nominationList: [Nomination]
  filtered_nominationList(filter: NominationFilter): [Nomination]
  nominationPaginatedList(first: Int, after: Int): [Nomination]
  nominationUsingNomination_artwork_id_fkey(artwork_id: Int!): [Nomination]
  nominationUsingNomination_festival_id_fkey(festival_id: Int!): [Nomination]
}","query  {
  festival_detail_by_year(year: 2007) {
    chair_name
  }
}","query {
  festival_detail_by_year(year: 2007) {
    chair_name
  }
}",Equal,N/A
"type Artwork {
  artwork_id: Int!
  name: String
  nomination: [Nomination]
  type: String
}
type Festival_detail {
  chair_name: String
  festival_id: Int!
  festival_name: String
  location: String
  nomination: [Nomination]
  num_of_audience: Int
  year: Int
}
type Nomination {
  artwork: Artwork
  artwork_id: Int!
  festival_detail: Festival_detail
  festival_id: Int!
  result: String
}
input StringFilter {
  eq: String
  like: String
}
input festival_id_Filter {
  eq: Int
}
input IntFilter {
  eq: Int
  ne: Int
  gt: Int
  lt: Int
}
input NominationFilter {
  result: StringFilter
  festival_id: festival_id_Filter
}
input Festival_detailFilter{
  num_of_audience: IntFilter
}
type Query {
  artwork(artwork_id: Int!): Artwork
  artworkList: [Artwork]
  artworkPaginatedList(first: Int, after: Int): [Artwork]
  artworkUsingNomination_artwork_id_fkey(artwork_id: Int!): Artwork
  festival_detail(festival_id: Int!): Festival_detail
  filtered_festival_detail(filter: Festival_detailFilter): [Festival_detail]
  festival_detailList: [Festival_detail]
  festival_detail_by_year(year: Int!): [Festival_detail]
  festival_detailUsingNomination_festival_id_fkey(
    festival_id: Int!
  ): Festival_detail
  nomination(artwork_id: Int!, festival_id: Int!): Nomination
  nominationList: [Nomination]
  filtered_nominationList(filter: NominationFilter): [Nomination]
  nominationPaginatedList(first: Int, after: Int): [Nomination]
  nominationUsingNomination_artwork_id_fkey(artwork_id: Int!): [Nomination]
  nominationUsingNomination_festival_id_fkey(festival_id: Int!): [Nomination]
}","query  {
  festival_detail_by_year(year: 2008) {
    chair_name
    location
    festival_name
  }
}","query {
  festival_detail_by_year(year: 2008) {
    location
    festival_name
    chair_name
  }
}",Equal,N/A
"type Artwork {
  artwork_id: Int!
  name: String
  nomination: [Nomination]
  type: String
}
type Festival_detail {
  chair_name: String
  festival_id: Int!
  festival_name: String
  location: String
  nomination: [Nomination]
  num_of_audience: Int
  year: Int
}
type Nomination {
  artwork: Artwork
  artwork_id: Int!
  festival_detail: Festival_detail
  festival_id: Int!
  result: String
}
input StringFilter {
  eq: String
  like: String
}
input festival_id_Filter {
  eq: Int
}
input IntFilter {
  eq: Int
  ne: Int
  gt: Int
  lt: Int
}
input NominationFilter {
  result: StringFilter
  festival_id: festival_id_Filter
}
input Festival_detailFilter{
  num_of_audience: IntFilter
}
type Query {
  artwork(artwork_id: Int!): Artwork
  artworkList: [Artwork]
  artworkPaginatedList(first: Int, after: Int): [Artwork]
  artworkUsingNomination_artwork_id_fkey(artwork_id: Int!): Artwork
  festival_detail(festival_id: Int!): Festival_detail
  filtered_festival_detail(filter: Festival_detailFilter): [Festival_detail]
  festival_detailList: [Festival_detail]
  festival_detail_by_year(year: Int!): [Festival_detail]
  festival_detailUsingNomination_festival_id_fkey(
    festival_id: Int!
  ): Festival_detail
  nomination(artwork_id: Int!, festival_id: Int!): Nomination
  nominationList: [Nomination]
  filtered_nominationList(filter: NominationFilter): [Nomination]
  nominationPaginatedList(first: Int, after: Int): [Nomination]
  nominationUsingNomination_artwork_id_fkey(artwork_id: Int!): [Nomination]
  nominationUsingNomination_festival_id_fkey(festival_id: Int!): [Nomination]
}","query  {
  festival_detail_by_year(year: 2008) {
    chair_name
    location
    festival_name
  }
}","query {
  festival_detail_by_year(year: 2008) {
    location
    festival_name
    chair_name
  }
}",Equal,N/A
"type Artwork {
  artwork_id: Int!
  name: String
  nomination: [Nomination]
  type: String
}
type Festival_detail {
  chair_name: String
  festival_id: Int!
  festival_name: String
  location: String
  nomination: [Nomination]
  num_of_audience: Int
  year: Int
}
type Nomination {
  artwork: Artwork
  artwork_id: Int!
  festival_detail: Festival_detail
  festival_id: Int!
  result: String
}
input StringFilter {
  eq: String
  like: String
}
input festival_id_Filter {
  eq: Int
}
input IntFilter {
  eq: Int
  ne: Int
  gt: Int
  lt: Int
}
input NominationFilter {
  result: StringFilter
  festival_id: festival_id_Filter
}
input Festival_detailFilter{
  num_of_audience: IntFilter
}
type Query {
  artwork(artwork_id: Int!): Artwork
  artworkList: [Artwork]
  artworkPaginatedList(first: Int, after: Int): [Artwork]
  artworkUsingNomination_artwork_id_fkey(artwork_id: Int!): Artwork
  festival_detail(festival_id: Int!): Festival_detail
  filtered_festival_detail(filter: Festival_detailFilter): [Festival_detail]
  festival_detailList: [Festival_detail]
  festival_detail_by_year(year: Int!): [Festival_detail]
  festival_detailUsingNomination_festival_id_fkey(
    festival_id: Int!
  ): Festival_detail
  nomination(artwork_id: Int!, festival_id: Int!): Nomination
  nominationList: [Nomination]
  filtered_nominationList(filter: NominationFilter): [Nomination]
  nominationPaginatedList(first: Int, after: Int): [Nomination]
  nominationUsingNomination_artwork_id_fkey(artwork_id: Int!): [Nomination]
  nominationUsingNomination_festival_id_fkey(festival_id: Int!): [Nomination]
}","query  {
  festival_detail_by_year(year: 2007) {
    chair_name
    nomination {
      artwork_id
      result
    }
  }
}","query {
  nominationList {
    festival_detail {
      festival_id
      year
    }
    artwork {
      artwork_id
      name
    }
    result
  }
}",Unequal,N/A
"type Artwork {
  artwork_id: Int!
  name: String
  nomination: [Nomination]
  type: String
}
type Festival_detail {
  chair_name: String
  festival_id: Int!
  festival_name: String
  location: String
  nomination: [Nomination]
  num_of_audience: Int
  year: Int
}
type Nomination {
  artwork: Artwork
  artwork_id: Int!
  festival_detail: Festival_detail
  festival_id: Int!
  result: String
}
input StringFilter {
  eq: String
  like: String
}
input festival_id_Filter {
  eq: Int
}
input IntFilter {
  eq: Int
  ne: Int
  gt: Int
  lt: Int
}
input NominationFilter {
  result: StringFilter
  festival_id: festival_id_Filter
}
input Festival_detailFilter{
  num_of_audience: IntFilter
}
type Query {
  artwork(artwork_id: Int!): Artwork
  artworkList: [Artwork]
  artworkPaginatedList(first: Int, after: Int): [Artwork]
  artworkUsingNomination_artwork_id_fkey(artwork_id: Int!): Artwork
  festival_detail(festival_id: Int!): Festival_detail
  filtered_festival_detail(filter: Festival_detailFilter): [Festival_detail]
  festival_detailList: [Festival_detail]
  festival_detail_by_year(year: Int!): [Festival_detail]
  festival_detailUsingNomination_festival_id_fkey(
    festival_id: Int!
  ): Festival_detail
  nomination(artwork_id: Int!, festival_id: Int!): Nomination
  nominationList: [Nomination]
  filtered_nominationList(filter: NominationFilter): [Nomination]
  nominationPaginatedList(first: Int, after: Int): [Nomination]
  nominationUsingNomination_artwork_id_fkey(artwork_id: Int!): [Nomination]
  nominationUsingNomination_festival_id_fkey(festival_id: Int!): [Nomination]
}","query  {
  filtered_festival_detail(filter: {num_of_audience: {gt: 160}}) {
    chair_name
    location
    year
  }
}","query {
  filtered_festival_detail(filter: {num_of_audience: {gt: 160}}) {
    year
    location
    chair_name
  }
}",Equal,N/A
"type Artwork {
  artwork_id: Int!
  name: String
  nomination: [Nomination]
  type: String
}
type Festival_detail {
  chair_name: String
  festival_id: Int!
  festival_name: String
  location: String
  nomination: [Nomination]
  num_of_audience: Int
  year: Int
}
type Nomination {
  artwork: Artwork
  artwork_id: Int!
  festival_detail: Festival_detail
  festival_id: Int!
  result: String
}
input StringFilter {
  eq: String
  like: String
}
input festival_id_Filter {
  eq: Int
}
input IntFilter {
  eq: Int
  ne: Int
  gt: Int
  lt: Int
}
input NominationFilter {
  result: StringFilter
  festival_id: festival_id_Filter
}
input Festival_detailFilter{
  num_of_audience: IntFilter
}
type Query {
  artwork(artwork_id: Int!): Artwork
  artworkList: [Artwork]
  artworkPaginatedList(first: Int, after: Int): [Artwork]
  artworkUsingNomination_artwork_id_fkey(artwork_id: Int!): Artwork
  festival_detail(festival_id: Int!): Festival_detail
  filtered_festival_detail(filter: Festival_detailFilter): [Festival_detail]
  festival_detailList: [Festival_detail]
  festival_detail_by_year(year: Int!): [Festival_detail]
  festival_detailUsingNomination_festival_id_fkey(
    festival_id: Int!
  ): Festival_detail
  nomination(artwork_id: Int!, festival_id: Int!): Nomination
  nominationList: [Nomination]
  filtered_nominationList(filter: NominationFilter): [Nomination]
  nominationPaginatedList(first: Int, after: Int): [Nomination]
  nominationUsingNomination_artwork_id_fkey(artwork_id: Int!): [Nomination]
  nominationUsingNomination_festival_id_fkey(festival_id: Int!): [Nomination]
}","query  {
  filtered_festival_detail(filter: {num_of_audience: {gt: 160}}) {
    chair_name
    location
    year
  }
}","query {
  filtered_festival_detail(filter: {num_of_audience: {gt: 160}}) {
    chair_name
    festival_id
    festival_name
    location
    year
  }
}",Unequal,N/A
"type Artwork {
  artwork_id: Int!
  name: String
  nomination: [Nomination]
  type: String
}
type Festival_detail {
  chair_name: String
  festival_id: Int!
  festival_name: String
  location: String
  nomination: [Nomination]
  num_of_audience: Int
  year: Int
}
type Nomination {
  artwork: Artwork
  artwork_id: Int!
  festival_detail: Festival_detail
  festival_id: Int!
  result: String
}
input StringFilter {
  eq: String
  like: String
}
input festival_id_Filter {
  eq: Int
}
input IntFilter {
  eq: Int
  ne: Int
  gt: Int
  lt: Int
}
input NominationFilter {
  result: StringFilter
  festival_id: festival_id_Filter
}
input Festival_detailFilter{
  num_of_audience: IntFilter
}
type Query {
  artwork(artwork_id: Int!): Artwork
  artworkList: [Artwork]
  artworkPaginatedList(first: Int, after: Int): [Artwork]
  artworkUsingNomination_artwork_id_fkey(artwork_id: Int!): Artwork
  festival_detail(festival_id: Int!): Festival_detail
  filtered_festival_detail(filter: Festival_detailFilter): [Festival_detail]
  festival_detailList: [Festival_detail]
  festival_detail_by_year(year: Int!): [Festival_detail]
  festival_detailUsingNomination_festival_id_fkey(
    festival_id: Int!
  ): Festival_detail
  nomination(artwork_id: Int!, festival_id: Int!): Nomination
  nominationList: [Nomination]
  filtered_nominationList(filter: NominationFilter): [Nomination]
  nominationPaginatedList(first: Int, after: Int): [Nomination]
  nominationUsingNomination_artwork_id_fkey(artwork_id: Int!): [Nomination]
  nominationUsingNomination_festival_id_fkey(festival_id: Int!): [Nomination]
}","query  {
  filtered_festival_detail(filter: {num_of_audience: {gt: 160}}) {
    chair_name
    location
    year
  }
}","query {
  festival_detailList {
    year
    location
    chair_name
    num_of_audience
  }
}",Unequal,N/A
"type Artwork {
  artwork_id: Int!
  name: String
  nomination: [Nomination]
  type: String
}
type Festival_detail {
  chair_name: String
  festival_id: Int!
  festival_name: String
  location: String
  nomination: [Nomination]
  num_of_audience: Int
  year: Int
}
type Nomination {
  artwork: Artwork
  artwork_id: Int!
  festival_detail: Festival_detail
  festival_id: Int!
  result: String
}
input StringFilter {
  eq: String
  like: String
}
input festival_id_Filter {
  eq: Int
}
input IntFilter {
  eq: Int
  ne: Int
  gt: Int
  lt: Int
}
input NominationFilter {
  result: StringFilter
  festival_id: festival_id_Filter
}
input Festival_detailFilter{
  num_of_audience: IntFilter
}
type Query {
  artwork(artwork_id: Int!): Artwork
  artworkList: [Artwork]
  artworkPaginatedList(first: Int, after: Int): [Artwork]
  artworkUsingNomination_artwork_id_fkey(artwork_id: Int!): Artwork
  festival_detail(festival_id: Int!): Festival_detail
  filtered_festival_detail(filter: Festival_detailFilter): [Festival_detail]
  festival_detailList: [Festival_detail]
  festival_detail_by_year(year: Int!): [Festival_detail]
  festival_detailUsingNomination_festival_id_fkey(
    festival_id: Int!
  ): Festival_detail
  nomination(artwork_id: Int!, festival_id: Int!): Nomination
  nominationList: [Nomination]
  filtered_nominationList(filter: NominationFilter): [Nomination]
  nominationPaginatedList(first: Int, after: Int): [Nomination]
  nominationUsingNomination_artwork_id_fkey(artwork_id: Int!): [Nomination]
  nominationUsingNomination_festival_id_fkey(festival_id: Int!): [Nomination]
}","query  {
  artworkList {
    name
    nomination {
      result
    }
  }
}","query {
  artworkList {
    name
    nomination {
      result
    }
  }
}",Equal,N/A
"type Artwork {
  artwork_id: Int!
  name: String
  nomination: [Nomination]
  type: String
}
type Festival_detail {
  chair_name: String
  festival_id: Int!
  festival_name: String
  location: String
  nomination: [Nomination]
  num_of_audience: Int
  year: Int
}
type Nomination {
  artwork: Artwork
  artwork_id: Int!
  festival_detail: Festival_detail
  festival_id: Int!
  result: String
}
input StringFilter {
  eq: String
  like: String
}
input festival_id_Filter {
  eq: Int
}
input IntFilter {
  eq: Int
  ne: Int
  gt: Int
  lt: Int
}
input NominationFilter {
  result: StringFilter
  festival_id: festival_id_Filter
}
input Festival_detailFilter{
  num_of_audience: IntFilter
}
type Query {
  artwork(artwork_id: Int!): Artwork
  artworkList: [Artwork]
  artworkPaginatedList(first: Int, after: Int): [Artwork]
  artworkUsingNomination_artwork_id_fkey(artwork_id: Int!): Artwork
  festival_detail(festival_id: Int!): Festival_detail
  filtered_festival_detail(filter: Festival_detailFilter): [Festival_detail]
  festival_detailList: [Festival_detail]
  festival_detail_by_year(year: Int!): [Festival_detail]
  festival_detailUsingNomination_festival_id_fkey(
    festival_id: Int!
  ): Festival_detail
  nomination(artwork_id: Int!, festival_id: Int!): Nomination
  nominationList: [Nomination]
  filtered_nominationList(filter: NominationFilter): [Nomination]
  nominationPaginatedList(first: Int, after: Int): [Nomination]
  nominationUsingNomination_artwork_id_fkey(artwork_id: Int!): [Nomination]
  nominationUsingNomination_festival_id_fkey(festival_id: Int!): [Nomination]
}","query  {
  artworkList {
    name
    nomination {
      result
    }
  }
}","query {
  artworkList {
    name
    nomination {
      result
    }
  }
}",Equal,N/A
"type Artwork {
  artwork_id: Int!
  name: String
  nomination: [Nomination]
  type: String
}
type Festival_detail {
  chair_name: String
  festival_id: Int!
  festival_name: String
  location: String
  nomination: [Nomination]
  num_of_audience: Int
  year: Int
}
type Nomination {
  artwork: Artwork
  artwork_id: Int!
  festival_detail: Festival_detail
  festival_id: Int!
  result: String
}
input StringFilter {
  eq: String
  like: String
}
input festival_id_Filter {
  eq: Int
}
input IntFilter {
  eq: Int
  ne: Int
  gt: Int
  lt: Int
}
input NominationFilter {
  result: StringFilter
  festival_id: festival_id_Filter
}
input Festival_detailFilter{
  num_of_audience: IntFilter
}
type Query {
  artwork(artwork_id: Int!): Artwork
  artworkList: [Artwork]
  artworkPaginatedList(first: Int, after: Int): [Artwork]
  artworkUsingNomination_artwork_id_fkey(artwork_id: Int!): Artwork
  festival_detail(festival_id: Int!): Festival_detail
  filtered_festival_detail(filter: Festival_detailFilter): [Festival_detail]
  festival_detailList: [Festival_detail]
  festival_detail_by_year(year: Int!): [Festival_detail]
  festival_detailUsingNomination_festival_id_fkey(
    festival_id: Int!
  ): Festival_detail
  nomination(artwork_id: Int!, festival_id: Int!): Nomination
  nominationList: [Nomination]
  filtered_nominationList(filter: NominationFilter): [Nomination]
  nominationPaginatedList(first: Int, after: Int): [Nomination]
  nominationUsingNomination_artwork_id_fkey(artwork_id: Int!): [Nomination]
  nominationUsingNomination_festival_id_fkey(festival_id: Int!): [Nomination]
}","query  {
  filtered_festival_detail(filter: {num_of_audience: {gt: 155}}) {
    year
    location
  }
}","query {
  filtered_festival_detail(filter: {num_of_audience: {gt: 155}}) {
    year
    location
  }
}",Equal,N/A
"type Artwork {
  artwork_id: Int!
  name: String
  nomination: [Nomination]
  type: String
}
type Festival_detail {
  chair_name: String
  festival_id: Int!
  festival_name: String
  location: String
  nomination: [Nomination]
  num_of_audience: Int
  year: Int
}
type Nomination {
  artwork: Artwork
  artwork_id: Int!
  festival_detail: Festival_detail
  festival_id: Int!
  result: String
}
input StringFilter {
  eq: String
  like: String
}
input festival_id_Filter {
  eq: Int
}
input IntFilter {
  eq: Int
  ne: Int
  gt: Int
  lt: Int
}
input NominationFilter {
  result: StringFilter
  festival_id: festival_id_Filter
}
input Festival_detailFilter{
  num_of_audience: IntFilter
}
type Query {
  artwork(artwork_id: Int!): Artwork
  artworkList: [Artwork]
  artworkPaginatedList(first: Int, after: Int): [Artwork]
  artworkUsingNomination_artwork_id_fkey(artwork_id: Int!): Artwork
  festival_detail(festival_id: Int!): Festival_detail
  filtered_festival_detail(filter: Festival_detailFilter): [Festival_detail]
  festival_detailList: [Festival_detail]
  festival_detail_by_year(year: Int!): [Festival_detail]
  festival_detailUsingNomination_festival_id_fkey(
    festival_id: Int!
  ): Festival_detail
  nomination(artwork_id: Int!, festival_id: Int!): Nomination
  nominationList: [Nomination]
  filtered_nominationList(filter: NominationFilter): [Nomination]
  nominationPaginatedList(first: Int, after: Int): [Nomination]
  nominationUsingNomination_artwork_id_fkey(artwork_id: Int!): [Nomination]
  nominationUsingNomination_festival_id_fkey(festival_id: Int!): [Nomination]
}","query  {
  filtered_festival_detail(filter: {num_of_audience: {gt: 155}}) {
    year
    location
  }
}","query {
  filtered_festival_detail(filter: {num_of_audience: {gt: 155}}) {
    festival_name
    year
    location
  }
}",Unequal,N/A
"type Architect {
  bridge: [Bridge]
  gender: String
  id: String!
  mill: [Mill]
  name: String
  nationality: String
}
type Bridge {
  architect: Architect
  architect_id: String
  id: String!
  length_feet: Float
  length_meters: Float
  location: String
  name: String
}
type Mill {
  architect: Architect
  architect_id: String
  built_year: String
  id: String!
  location: String
  name: String
  notes: String
  type: String
}
input StringFilter {
  eq: String
  like: String
}
input FloatFilter {
  eq: Float
  gt: Float
  lt: Float
}
input IntFilter {
  eq: Int
  ne: Int
  gt: Int
  lt: Int
}
input ArchitectFilter {
  gender: StringFilter
  nationality: StringFilter
}
input bridgeFilter {
  location: StringFilter
  length_feet: FloatFilter
}
input millFilter {
  location: StringFilter
  built_year: StringFilter
  type: StringFilter
}
type Query {
  architect(id: String!): Architect
  architectList: [Architect]
  architectPaginatedList(first: Int, after: Int): [Architect]
  architectUsingBridge_architect_id_fkey(architect_id: String!): Architect
  architectUsingMill_architect_id_fkey(architect_id: String!): Architect
  bridge(id: String!): Bridge
  bridgeList: [Bridge]
  bridgePaginatedList(first: Int, after: Int): [Bridge]
  bridgeUsingBridge_architect_id_fkey(id: String!): [Bridge]
  mill(id: String!): Mill
  millList: [Mill]
  architectList_filter(filter: ArchitectFilter): [Architect]
  bridgeList_filter(filter: bridgeFilter): [Bridge]
  millList_filter(filter: millFilter): [Mill]
  millPaginatedList(first: Int, after: Int): [Mill]
  millUsingMill_architect_id_fkey(id: String!): [Mill]
}","query  {
  bridgeList_filter(filter: {length_feet: {gt: 212}}) {
    architect {
      name
      gender
      nationality
    }
  }
}","query {
  bridgeList_filter(filter: {length_feet: {gt: 212}}) {
    architect {
      name
      gender
      nationality
    }
  }
}",Equal,N/A
"type Architect {
  bridge: [Bridge]
  gender: String
  id: String!
  mill: [Mill]
  name: String
  nationality: String
}
type Bridge {
  architect: Architect
  architect_id: String
  id: String!
  length_feet: Float
  length_meters: Float
  location: String
  name: String
}
type Mill {
  architect: Architect
  architect_id: String
  built_year: String
  id: String!
  location: String
  name: String
  notes: String
  type: String
}
input StringFilter {
  eq: String
  like: String
}
input FloatFilter {
  eq: Float
  gt: Float
  lt: Float
}
input IntFilter {
  eq: Int
  ne: Int
  gt: Int
  lt: Int
}
input ArchitectFilter {
  gender: StringFilter
  nationality: StringFilter
}
input bridgeFilter {
  location: StringFilter
  length_feet: FloatFilter
}
input millFilter {
  location: StringFilter
  built_year: StringFilter
  type: StringFilter
}
type Query {
  architect(id: String!): Architect
  architectList: [Architect]
  architectPaginatedList(first: Int, after: Int): [Architect]
  architectUsingBridge_architect_id_fkey(architect_id: String!): Architect
  architectUsingMill_architect_id_fkey(architect_id: String!): Architect
  bridge(id: String!): Bridge
  bridgeList: [Bridge]
  bridgePaginatedList(first: Int, after: Int): [Bridge]
  bridgeUsingBridge_architect_id_fkey(id: String!): [Bridge]
  mill(id: String!): Mill
  millList: [Mill]
  architectList_filter(filter: ArchitectFilter): [Architect]
  bridgeList_filter(filter: bridgeFilter): [Bridge]
  millList_filter(filter: millFilter): [Mill]
  millPaginatedList(first: Int, after: Int): [Mill]
  millUsingMill_architect_id_fkey(id: String!): [Mill]
}","query  {
  bridgeList_filter(filter: {length_feet: {gt: 212}}) {
    architect {
      name
      gender
      nationality
    }
  }
}","query {
  bridgeList_filter(filter: {length_feet: {gt: 212}}) {
    architect_id
  }
  architectList {
    id
    name
    gender
    nationality
  }
}",Unequal,N/A
"type Architect {
  bridge: [Bridge]
  gender: String
  id: String!
  mill: [Mill]
  name: String
  nationality: String
}
type Bridge {
  architect: Architect
  architect_id: String
  id: String!
  length_feet: Float
  length_meters: Float
  location: String
  name: String
}
type Mill {
  architect: Architect
  architect_id: String
  built_year: String
  id: String!
  location: String
  name: String
  notes: String
  type: String
}
input StringFilter {
  eq: String
  like: String
}
input FloatFilter {
  eq: Float
  gt: Float
  lt: Float
}
input IntFilter {
  eq: Int
  ne: Int
  gt: Int
  lt: Int
}
input ArchitectFilter {
  gender: StringFilter
  nationality: StringFilter
}
input bridgeFilter {
  location: StringFilter
  length_feet: FloatFilter
}
input millFilter {
  location: StringFilter
  built_year: StringFilter
  type: StringFilter
}
type Query {
  architect(id: String!): Architect
  architectList: [Architect]
  architectPaginatedList(first: Int, after: Int): [Architect]
  architectUsingBridge_architect_id_fkey(architect_id: String!): Architect
  architectUsingMill_architect_id_fkey(architect_id: String!): Architect
  bridge(id: String!): Bridge
  bridgeList: [Bridge]
  bridgePaginatedList(first: Int, after: Int): [Bridge]
  bridgeUsingBridge_architect_id_fkey(id: String!): [Bridge]
  mill(id: String!): Mill
  millList: [Mill]
  architectList_filter(filter: ArchitectFilter): [Architect]
  bridgeList_filter(filter: bridgeFilter): [Bridge]
  millList_filter(filter: millFilter): [Mill]
  millPaginatedList(first: Int, after: Int): [Mill]
  millUsingMill_architect_id_fkey(id: String!): [Mill]
}","query  {
  bridgeList_filter(filter: {length_feet: {gt: 212}}) {
    architect {
      name
      gender
      nationality
    }
  }
}","query {
  bridgeList_filter(filter: {length_feet: {gt: 212}}) {
    architect_id
  }
  architectList {
    id
    name
    gender
    nationality
  }
}",Unequal,N/A
"type Architect {
  bridge: [Bridge]
  gender: String
  id: String!
  mill: [Mill]
  name: String
  nationality: String
}
type Bridge {
  architect: Architect
  architect_id: String
  id: String!
  length_feet: Float
  length_meters: Float
  location: String
  name: String
}
type Mill {
  architect: Architect
  architect_id: String
  built_year: String
  id: String!
  location: String
  name: String
  notes: String
  type: String
}
input StringFilter {
  eq: String
  like: String
}
input FloatFilter {
  eq: Float
  gt: Float
  lt: Float
}
input IntFilter {
  eq: Int
  ne: Int
  gt: Int
  lt: Int
}
input ArchitectFilter {
  gender: StringFilter
  nationality: StringFilter
}
input bridgeFilter {
  location: StringFilter
  length_feet: FloatFilter
}
input millFilter {
  location: StringFilter
  built_year: StringFilter
  type: StringFilter
}
type Query {
  architect(id: String!): Architect
  architectList: [Architect]
  architectPaginatedList(first: Int, after: Int): [Architect]
  architectUsingBridge_architect_id_fkey(architect_id: String!): Architect
  architectUsingMill_architect_id_fkey(architect_id: String!): Architect
  bridge(id: String!): Bridge
  bridgeList: [Bridge]
  bridgePaginatedList(first: Int, after: Int): [Bridge]
  bridgeUsingBridge_architect_id_fkey(id: String!): [Bridge]
  mill(id: String!): Mill
  millList: [Mill]
  architectList_filter(filter: ArchitectFilter): [Architect]
  bridgeList_filter(filter: bridgeFilter): [Bridge]
  millList_filter(filter: millFilter): [Mill]
  millPaginatedList(first: Int, after: Int): [Mill]
  millUsingMill_architect_id_fkey(id: String!): [Mill]
}","query  {
  bridgeList_filter(filter: {length_feet: {gt: 212}}) {
    architect {
      mill {
        location
        name
      }
    }
  }
}","query {
  millList {
    name
    location
    architect_id
  }
  bridgeList {
    architect_id
    length_feet
  }
}",Unequal,N/A
"type Allergy_type {
  allergy: String!
  allergytype: String
  student: [Student]
}
type Student {
  advisor: Int
  age: Int
  allergy_type: [Allergy_type]
  city_code: String
  fname: String
  lname: String
  major: Int
  sex: String
  stuid: Int!
}
input StringFilter {
  eq: String
  like: String
}
input FloatFilter {
  eq: Float
  gt: Float
  lt: Float
}
input IntFilter {
  eq: Int
  ne: Int
  gt: Int
  lt: Int
}
input allergyTypeFilter {
  allergytype: StringFilter
}
input studentListFilter {
  advisor: IntFilter
  major: IntFilter
  sex: StringFilter
  city_code: StringFilter
  stuid: IntFilter
}
type Query {
  allergy_type(allergy: String!): Allergy_type
  allergy_typeList: [Allergy_type]
  allergy_typePaginatedList(first: Int, after: Int): [Allergy_type]
  studentViaHas_allergy(allergy: String!): [Student]
  allergy_typeViaHas_allergy(stuid: Int!): [Allergy_type]
  student(stuid: Int!): Student
  studentList: [Student]
  studentPaginatedList(first: Int, after: Int): [Student]
  allergytypeList_filter(filter: allergyTypeFilter): [Allergy_type]
  studentList_Filter(filter: studentListFilter): [Student]
}","query  {
  allergy_type(allergy: ""Cat"") {
    student {
      sex
    }
  }
}","query {
  studentList {
    stuid
    sex
    allergy_type {
      allergy
    }
  }
}",Unequal,N/A
"type Allergy_type {
  allergy: String!
  allergytype: String
  student: [Student]
}
type Student {
  advisor: Int
  age: Int
  allergy_type: [Allergy_type]
  city_code: String
  fname: String
  lname: String
  major: Int
  sex: String
  stuid: Int!
}
input StringFilter {
  eq: String
  like: String
}
input FloatFilter {
  eq: Float
  gt: Float
  lt: Float
}
input IntFilter {
  eq: Int
  ne: Int
  gt: Int
  lt: Int
}
input allergyTypeFilter {
  allergytype: StringFilter
}
input studentListFilter {
  advisor: IntFilter
  major: IntFilter
  sex: StringFilter
  city_code: StringFilter
  stuid: IntFilter
}
type Query {
  allergy_type(allergy: String!): Allergy_type
  allergy_typeList: [Allergy_type]
  allergy_typePaginatedList(first: Int, after: Int): [Allergy_type]
  studentViaHas_allergy(allergy: String!): [Student]
  allergy_typeViaHas_allergy(stuid: Int!): [Allergy_type]
  student(stuid: Int!): Student
  studentList: [Student]
  studentPaginatedList(first: Int, after: Int): [Student]
  allergytypeList_filter(filter: allergyTypeFilter): [Allergy_type]
  studentList_Filter(filter: studentListFilter): [Student]
}","query  {
  allergy_type(allergy: ""Cat"") {
    student {
      sex
    }
  }
}","query {
  allergy_type(allergy: ""Cat"") {
    student {
      sex
    }
  }
}",Equal,N/A
"type Allergy_type {
  allergy: String!
  allergytype: String
  student: [Student]
}
type Student {
  advisor: Int
  age: Int
  allergy_type: [Allergy_type]
  city_code: String
  fname: String
  lname: String
  major: Int
  sex: String
  stuid: Int!
}
input StringFilter {
  eq: String
  like: String
}
input FloatFilter {
  eq: Float
  gt: Float
  lt: Float
}
input IntFilter {
  eq: Int
  ne: Int
  gt: Int
  lt: Int
}
input allergyTypeFilter {
  allergytype: StringFilter
}
input studentListFilter {
  advisor: IntFilter
  major: IntFilter
  sex: StringFilter
  city_code: StringFilter
  stuid: IntFilter
}
type Query {
  allergy_type(allergy: String!): Allergy_type
  allergy_typeList: [Allergy_type]
  allergy_typePaginatedList(first: Int, after: Int): [Allergy_type]
  studentViaHas_allergy(allergy: String!): [Student]
  allergy_typeViaHas_allergy(stuid: Int!): [Allergy_type]
  student(stuid: Int!): Student
  studentList: [Student]
  studentPaginatedList(first: Int, after: Int): [Student]
  allergytypeList_filter(filter: allergyTypeFilter): [Allergy_type]
  studentList_Filter(filter: studentListFilter): [Student]
}","query  {
  allergy_type(allergy: ""Cat"") {
    student {
      sex
    }
  }
}","query {
  studentList {
    stuid
    fname
    lname
    sex
    allergy_type {
      allergy
      allergytype
    }
  }
}",Unequal,N/A
"type Allergy_type {
  allergy: String!
  allergytype: String
  student: [Student]
}
type Student {
  advisor: Int
  age: Int
  allergy_type: [Allergy_type]
  city_code: String
  fname: String
  lname: String
  major: Int
  sex: String
  stuid: Int!
}
input StringFilter {
  eq: String
  like: String
}
input FloatFilter {
  eq: Float
  gt: Float
  lt: Float
}
input IntFilter {
  eq: Int
  ne: Int
  gt: Int
  lt: Int
}
input allergyTypeFilter {
  allergytype: StringFilter
}
input studentListFilter {
  advisor: IntFilter
  major: IntFilter
  sex: StringFilter
  city_code: StringFilter
  stuid: IntFilter
}
type Query {
  allergy_type(allergy: String!): Allergy_type
  allergy_typeList: [Allergy_type]
  allergy_typePaginatedList(first: Int, after: Int): [Allergy_type]
  studentViaHas_allergy(allergy: String!): [Student]
  allergy_typeViaHas_allergy(stuid: Int!): [Allergy_type]
  student(stuid: Int!): Student
  studentList: [Student]
  studentPaginatedList(first: Int, after: Int): [Student]
  allergytypeList_filter(filter: allergyTypeFilter): [Allergy_type]
  studentList_Filter(filter: studentListFilter): [Student]
}","query  {
  allergy_type(allergy: ""Cat"") {
    student {
      sex
    }
  }
}","query {
  allergy_type(allergy: ""Cat"") {
    student {
      sex
    }
  }
}",Equal,N/A
"type Allergy_type {
  allergy: String!
  allergytype: String
  student: [Student]
}
type Student {
  advisor: Int
  age: Int
  allergy_type: [Allergy_type]
  city_code: String
  fname: String
  lname: String
  major: Int
  sex: String
  stuid: Int!
}
input StringFilter {
  eq: String
  like: String
}
input FloatFilter {
  eq: Float
  gt: Float
  lt: Float
}
input IntFilter {
  eq: Int
  ne: Int
  gt: Int
  lt: Int
}
input allergyTypeFilter {
  allergytype: StringFilter
}
input studentListFilter {
  advisor: IntFilter
  major: IntFilter
  sex: StringFilter
  city_code: StringFilter
  stuid: IntFilter
}
type Query {
  allergy_type(allergy: String!): Allergy_type
  allergy_typeList: [Allergy_type]
  allergy_typePaginatedList(first: Int, after: Int): [Allergy_type]
  studentViaHas_allergy(allergy: String!): [Student]
  allergy_typeViaHas_allergy(stuid: Int!): [Allergy_type]
  student(stuid: Int!): Student
  studentList: [Student]
  studentPaginatedList(first: Int, after: Int): [Student]
  allergytypeList_filter(filter: allergyTypeFilter): [Allergy_type]
  studentList_Filter(filter: studentListFilter): [Student]
}","query  {
  studentList_Filter(filter: {stuid: {eq: 1002}}) {
    allergy_type {
      student {
        lname
        fname
      }
    }
  }
}","query {
  student(stuid: 1002) {
    allergy_type {
      allergytype
    }
  }
}",Unequal,N/A
"type Allergy_type {
  allergy: String!
  allergytype: String
  student: [Student]
}
type Student {
  advisor: Int
  age: Int
  allergy_type: [Allergy_type]
  city_code: String
  fname: String
  lname: String
  major: Int
  sex: String
  stuid: Int!
}
input StringFilter {
  eq: String
  like: String
}
input FloatFilter {
  eq: Float
  gt: Float
  lt: Float
}
input IntFilter {
  eq: Int
  ne: Int
  gt: Int
  lt: Int
}
input allergyTypeFilter {
  allergytype: StringFilter
}
input studentListFilter {
  advisor: IntFilter
  major: IntFilter
  sex: StringFilter
  city_code: StringFilter
  stuid: IntFilter
}
type Query {
  allergy_type(allergy: String!): Allergy_type
  allergy_typeList: [Allergy_type]
  allergy_typePaginatedList(first: Int, after: Int): [Allergy_type]
  studentViaHas_allergy(allergy: String!): [Student]
  allergy_typeViaHas_allergy(stuid: Int!): [Allergy_type]
  student(stuid: Int!): Student
  studentList: [Student]
  studentPaginatedList(first: Int, after: Int): [Student]
  allergytypeList_filter(filter: allergyTypeFilter): [Allergy_type]
  studentList_Filter(filter: studentListFilter): [Student]
}","query  {
  studentList_Filter(filter: {stuid: {eq: 1002}}) {
    allergy_type {
      student {
        lname
        fname
      }
    }
  }
}","query {
  student(stuid: 1002) {
    allergy_type {
      allergytype
    }
  }
}",Unequal,N/A
"scalar Date
scalar DateTime
type Complaints {
  complaint_id: Int!
  complaint_outcome_code: String!
  complaint_status_code: String!
  complaint_type_code: String!
  customer_id: Int!
  customers: Customers
  date_complaint_closed: DateTime
  date_complaint_raised: DateTime
  product_id: Int!
  products: Products
  staff: Staff
  staff_id: Int!
}
type Customers {
  address_line_1: String
  address_line_2: String
  complaints: [Complaints]
  customer_id: Int!
  customer_type_code: String!
  email_address: String
  phone_number: String
  state: String
  town_city: String
}
type Products {
  complaints: [Complaints]
  date_product_discontinued: DateTime
  date_product_first_available: DateTime
  parent_product_id: Int
  product_category_code: String!
  product_description: String
  product_id: Int!
  product_name: String
  product_price: Float
}
type Staff {
  complaints: [Complaints]
  email_address: String
  first_name: String
  gender: String
  last_name: String
  phone_number: String
  staff_id: Int!
}
type Query {
  complaints(staff_id: Int!): [Complaints]
  complaintsList: [Complaints]
  complaintsPaginatedList(first: Int, after: Int): [Complaints]
  complaintsUsingComplaints_customer_id_fkey(customer_id: Int!): [Complaints]
  complaintsUsingComplaints_product_id_fkey(product_id: Int!): [Complaints]
  customers(customer_id: Int!): Customers
  customersList: [Customers]
  customersPaginatedList(first: Int, after: Int): [Customers]
  customersUsingComplaints_customer_id_fkey(customer_id: Int!): Customers
  products(product_id: Int!): Products
  productsList: [Products]
  productsPaginatedList(first: Int, after: Int): [Products]
  productsUsingComplaints_product_id_fkey(product_id: Int!): Products
  staff(staff_id: Int!): Staff
  staffList: [Staff]
  staffPaginatedList(first: Int, after: Int): [Staff]
  staffUsingComplaints_staff_id_fkey(staff_id: Int!): Staff
}","query  {
  complaintsList {
    complaint_id
    customer_id
  }
}","query {
  complaintsList {
    customer_id
    complaint_id
  }
}",Equal,N/A
"scalar Date
scalar DateTime
type Complaints {
  complaint_id: Int!
  complaint_outcome_code: String!
  complaint_status_code: String!
  complaint_type_code: String!
  customer_id: Int!
  customers: Customers
  date_complaint_closed: DateTime
  date_complaint_raised: DateTime
  product_id: Int!
  products: Products
  staff: Staff
  staff_id: Int!
}
type Customers {
  address_line_1: String
  address_line_2: String
  complaints: [Complaints]
  customer_id: Int!
  customer_type_code: String!
  email_address: String
  phone_number: String
  state: String
  town_city: String
}
type Products {
  complaints: [Complaints]
  date_product_discontinued: DateTime
  date_product_first_available: DateTime
  parent_product_id: Int
  product_category_code: String!
  product_description: String
  product_id: Int!
  product_name: String
  product_price: Float
}
type Staff {
  complaints: [Complaints]
  email_address: String
  first_name: String
  gender: String
  last_name: String
  phone_number: String
  staff_id: Int!
}
type Query {
  complaints(staff_id: Int!): [Complaints]
  complaintsList: [Complaints]
  complaintsPaginatedList(first: Int, after: Int): [Complaints]
  complaintsUsingComplaints_customer_id_fkey(customer_id: Int!): [Complaints]
  complaintsUsingComplaints_product_id_fkey(product_id: Int!): [Complaints]
  customers(customer_id: Int!): Customers
  customersList: [Customers]
  customersPaginatedList(first: Int, after: Int): [Customers]
  customersUsingComplaints_customer_id_fkey(customer_id: Int!): Customers
  products(product_id: Int!): Products
  productsList: [Products]
  productsPaginatedList(first: Int, after: Int): [Products]
  productsUsingComplaints_product_id_fkey(product_id: Int!): Products
  staff(staff_id: Int!): Staff
  staffList: [Staff]
  staffPaginatedList(first: Int, after: Int): [Staff]
  staffUsingComplaints_staff_id_fkey(staff_id: Int!): Staff
}","query  {
  complaintsList {
    complaint_id
    customer_id
  }
}","query {
  complaintsList {
    complaint_id
    customer_id
  }
}",Equal,N/A
"scalar Date
scalar DateTime
type Complaints {
  complaint_id: Int!
  complaint_outcome_code: String!
  complaint_status_code: String!
  complaint_type_code: String!
  customer_id: Int!
  customers: Customers
  date_complaint_closed: DateTime
  date_complaint_raised: DateTime
  product_id: Int!
  products: Products
  staff: Staff
  staff_id: Int!
}
type Customers {
  address_line_1: String
  address_line_2: String
  complaints: [Complaints]
  customer_id: Int!
  customer_type_code: String!
  email_address: String
  phone_number: String
  state: String
  town_city: String
}
type Products {
  complaints: [Complaints]
  date_product_discontinued: DateTime
  date_product_first_available: DateTime
  parent_product_id: Int
  product_category_code: String!
  product_description: String
  product_id: Int!
  product_name: String
  product_price: Float
}
type Staff {
  complaints: [Complaints]
  email_address: String
  first_name: String
  gender: String
  last_name: String
  phone_number: String
  staff_id: Int!
}
type Query {
  complaints(staff_id: Int!): [Complaints]
  complaintsList: [Complaints]
  complaintsPaginatedList(first: Int, after: Int): [Complaints]
  complaintsUsingComplaints_customer_id_fkey(customer_id: Int!): [Complaints]
  complaintsUsingComplaints_product_id_fkey(product_id: Int!): [Complaints]
  customers(customer_id: Int!): Customers
  customersList: [Customers]
  customersPaginatedList(first: Int, after: Int): [Customers]
  customersUsingComplaints_customer_id_fkey(customer_id: Int!): Customers
  products(product_id: Int!): Products
  productsList: [Products]
  productsPaginatedList(first: Int, after: Int): [Products]
  productsUsingComplaints_product_id_fkey(product_id: Int!): Products
  staff(staff_id: Int!): Staff
  staffList: [Staff]
  staffPaginatedList(first: Int, after: Int): [Staff]
  staffUsingComplaints_staff_id_fkey(staff_id: Int!): Staff
}","query  {
  complaintsList {
    complaint_id
    customer_id
    date_complaint_raised
  }
}","query {
  complaintsList {
    complaint_id
    customer_id
    date_complaint_raised
  }
}",Equal,N/A
"scalar Date
scalar DateTime
type Complaints {
  complaint_id: Int!
  complaint_outcome_code: String!
  complaint_status_code: String!
  complaint_type_code: String!
  customer_id: Int!
  customers: Customers
  date_complaint_closed: DateTime
  date_complaint_raised: DateTime
  product_id: Int!
  products: Products
  staff: Staff
  staff_id: Int!
}
type Customers {
  address_line_1: String
  address_line_2: String
  complaints: [Complaints]
  customer_id: Int!
  customer_type_code: String!
  email_address: String
  phone_number: String
  state: String
  town_city: String
}
type Products {
  complaints: [Complaints]
  date_product_discontinued: DateTime
  date_product_first_available: DateTime
  parent_product_id: Int
  product_category_code: String!
  product_description: String
  product_id: Int!
  product_name: String
  product_price: Float
}
type Staff {
  complaints: [Complaints]
  email_address: String
  first_name: String
  gender: String
  last_name: String
  phone_number: String
  staff_id: Int!
}
type Query {
  complaints(staff_id: Int!): [Complaints]
  complaintsList: [Complaints]
  complaintsPaginatedList(first: Int, after: Int): [Complaints]
  complaintsUsingComplaints_customer_id_fkey(customer_id: Int!): [Complaints]
  complaintsUsingComplaints_product_id_fkey(product_id: Int!): [Complaints]
  customers(customer_id: Int!): Customers
  customersList: [Customers]
  customersPaginatedList(first: Int, after: Int): [Customers]
  customersUsingComplaints_customer_id_fkey(customer_id: Int!): Customers
  products(product_id: Int!): Products
  productsList: [Products]
  productsPaginatedList(first: Int, after: Int): [Products]
  productsUsingComplaints_product_id_fkey(product_id: Int!): Products
  staff(staff_id: Int!): Staff
  staffList: [Staff]
  staffPaginatedList(first: Int, after: Int): [Staff]
  staffUsingComplaints_staff_id_fkey(staff_id: Int!): Staff
}","query  {
  complaintsList {
    complaint_id
    customer_id
    date_complaint_raised
  }
}","query {
  complaintsList {
    complaint_id
    customer_id
    date_complaint_raised
  }
}",Equal,N/A
"scalar Date
scalar DateTime
type Complaints {
  complaint_id: Int!
  complaint_outcome_code: String!
  complaint_status_code: String!
  complaint_type_code: String!
  customer_id: Int!
  customers: Customers
  date_complaint_closed: DateTime
  date_complaint_raised: DateTime
  product_id: Int!
  products: Products
  staff: Staff
  staff_id: Int!
}
type Customers {
  address_line_1: String
  address_line_2: String
  complaints: [Complaints]
  customer_id: Int!
  customer_type_code: String!
  email_address: String
  phone_number: String
  state: String
  town_city: String
}
type Products {
  complaints: [Complaints]
  date_product_discontinued: DateTime
  date_product_first_available: DateTime
  parent_product_id: Int
  product_category_code: String!
  product_description: String
  product_id: Int!
  product_name: String
  product_price: Float
}
type Staff {
  complaints: [Complaints]
  email_address: String
  first_name: String
  gender: String
  last_name: String
  phone_number: String
  staff_id: Int!
}
type Query {
  complaints(staff_id: Int!): [Complaints]
  complaintsList: [Complaints]
  complaintsPaginatedList(first: Int, after: Int): [Complaints]
  complaintsUsingComplaints_customer_id_fkey(customer_id: Int!): [Complaints]
  complaintsUsingComplaints_product_id_fkey(product_id: Int!): [Complaints]
  customers(customer_id: Int!): Customers
  customersList: [Customers]
  customersPaginatedList(first: Int, after: Int): [Customers]
  customersUsingComplaints_customer_id_fkey(customer_id: Int!): Customers
  products(product_id: Int!): Products
  productsList: [Products]
  productsPaginatedList(first: Int, after: Int): [Products]
  productsUsingComplaints_product_id_fkey(product_id: Int!): Products
  staff(staff_id: Int!): Staff
  staffList: [Staff]
  staffPaginatedList(first: Int, after: Int): [Staff]
  staffUsingComplaints_staff_id_fkey(staff_id: Int!): Staff
}","query  {
  complaintsList {
    complaint_id
    customer_id
    date_complaint_raised
  }
}","query {
  complaintsList {
    complaint_id
    customer_id
    date_complaint_raised
  }
}",Equal,N/A
"scalar Date
scalar DateTime
type Complaints {
  complaint_id: Int!
  complaint_outcome_code: String!
  complaint_status_code: String!
  complaint_type_code: String!
  customer_id: Int!
  customers: Customers
  date_complaint_closed: DateTime
  date_complaint_raised: DateTime
  product_id: Int!
  products: Products
  staff: Staff
  staff_id: Int!
}
type Customers {
  address_line_1: String
  address_line_2: String
  complaints: [Complaints]
  customer_id: Int!
  customer_type_code: String!
  email_address: String
  phone_number: String
  state: String
  town_city: String
}
type Products {
  complaints: [Complaints]
  date_product_discontinued: DateTime
  date_product_first_available: DateTime
  parent_product_id: Int
  product_category_code: String!
  product_description: String
  product_id: Int!
  product_name: String
  product_price: Float
}
type Staff {
  complaints: [Complaints]
  email_address: String
  first_name: String
  gender: String
  last_name: String
  phone_number: String
  staff_id: Int!
}
type Query {
  complaints(staff_id: Int!): [Complaints]
  complaintsList: [Complaints]
  complaintsPaginatedList(first: Int, after: Int): [Complaints]
  complaintsUsingComplaints_customer_id_fkey(customer_id: Int!): [Complaints]
  complaintsUsingComplaints_product_id_fkey(product_id: Int!): [Complaints]
  customers(customer_id: Int!): Customers
  customersList: [Customers]
  customersPaginatedList(first: Int, after: Int): [Customers]
  customersUsingComplaints_customer_id_fkey(customer_id: Int!): Customers
  products(product_id: Int!): Products
  productsList: [Products]
  productsPaginatedList(first: Int, after: Int): [Products]
  productsUsingComplaints_product_id_fkey(product_id: Int!): Products
  staff(staff_id: Int!): Staff
  staffList: [Staff]
  staffPaginatedList(first: Int, after: Int): [Staff]
  staffUsingComplaints_staff_id_fkey(staff_id: Int!): Staff
}","query  {
  complaintsList {
    complaint_id
    customer_id
    date_complaint_raised
  }
}","query {
  complaintsList {
    complaint_id
    customer_id
    date_complaint_raised
  }
}",Equal,N/A
"scalar Date
scalar DateTime
type Complaints {
  complaint_id: Int!
  complaint_outcome_code: String!
  complaint_status_code: String!
  complaint_type_code: String!
  customer_id: Int!
  customers: Customers
  date_complaint_closed: DateTime
  date_complaint_raised: DateTime
  product_id: Int!
  products: Products
  staff: Staff
  staff_id: Int!
}
type Customers {
  address_line_1: String
  address_line_2: String
  complaints: [Complaints]
  customer_id: Int!
  customer_type_code: String!
  email_address: String
  phone_number: String
  state: String
  town_city: String
}
type Products {
  complaints: [Complaints]
  date_product_discontinued: DateTime
  date_product_first_available: DateTime
  parent_product_id: Int
  product_category_code: String!
  product_description: String
  product_id: Int!
  product_name: String
  product_price: Float
}
type Staff {
  complaints: [Complaints]
  email_address: String
  first_name: String
  gender: String
  last_name: String
  phone_number: String
  staff_id: Int!
}
type Query {
  complaints(staff_id: Int!): [Complaints]
  complaintsList: [Complaints]
  complaintsPaginatedList(first: Int, after: Int): [Complaints]
  complaintsUsingComplaints_customer_id_fkey(customer_id: Int!): [Complaints]
  complaintsUsingComplaints_product_id_fkey(product_id: Int!): [Complaints]
  customers(customer_id: Int!): Customers
  customersList: [Customers]
  customersPaginatedList(first: Int, after: Int): [Customers]
  customersUsingComplaints_customer_id_fkey(customer_id: Int!): Customers
  products(product_id: Int!): Products
  productsList: [Products]
  productsPaginatedList(first: Int, after: Int): [Products]
  productsUsingComplaints_product_id_fkey(product_id: Int!): Products
  staff(staff_id: Int!): Staff
  staffList: [Staff]
  staffPaginatedList(first: Int, after: Int): [Staff]
  staffUsingComplaints_staff_id_fkey(staff_id: Int!): Staff
}","query  {
  complaintsList {
    complaint_id
    customer_id
    date_complaint_raised
  }
}","query {
  complaintsList {
    complaint_id
    customer_id
    date_complaint_raised
  }
}",Equal,N/A
"scalar Date
scalar DateTime
type Complaints {
  complaint_id: Int!
  complaint_outcome_code: String!
  complaint_status_code: String!
  complaint_type_code: String!
  customer_id: Int!
  customers: Customers
  date_complaint_closed: DateTime
  date_complaint_raised: DateTime
  product_id: Int!
  products: Products
  staff: Staff
  staff_id: Int!
}
type Customers {
  address_line_1: String
  address_line_2: String
  complaints: [Complaints]
  customer_id: Int!
  customer_type_code: String!
  email_address: String
  phone_number: String
  state: String
  town_city: String
}
type Products {
  complaints: [Complaints]
  date_product_discontinued: DateTime
  date_product_first_available: DateTime
  parent_product_id: Int
  product_category_code: String!
  product_description: String
  product_id: Int!
  product_name: String
  product_price: Float
}
type Staff {
  complaints: [Complaints]
  email_address: String
  first_name: String
  gender: String
  last_name: String
  phone_number: String
  staff_id: Int!
}
type Query {
  complaints(staff_id: Int!): [Complaints]
  complaintsList: [Complaints]
  complaintsPaginatedList(first: Int, after: Int): [Complaints]
  complaintsUsingComplaints_customer_id_fkey(customer_id: Int!): [Complaints]
  complaintsUsingComplaints_product_id_fkey(product_id: Int!): [Complaints]
  customers(customer_id: Int!): Customers
  customersList: [Customers]
  customersPaginatedList(first: Int, after: Int): [Customers]
  customersUsingComplaints_customer_id_fkey(customer_id: Int!): Customers
  products(product_id: Int!): Products
  productsList: [Products]
  productsPaginatedList(first: Int, after: Int): [Products]
  productsUsingComplaints_product_id_fkey(product_id: Int!): Products
  staff(staff_id: Int!): Staff
  staffList: [Staff]
  staffPaginatedList(first: Int, after: Int): [Staff]
  staffUsingComplaints_staff_id_fkey(staff_id: Int!): Staff
}","query  {
  complaintsList {
    complaint_id
    customer_id
    date_complaint_raised
  }
}","query {
  complaintsList {
    complaint_id
    customer_id
    date_complaint_raised
  }
}",Equal,N/A
"scalar Date
scalar DateTime
type Complaints {
  complaint_id: Int!
  complaint_outcome_code: String!
  complaint_status_code: String!
  complaint_type_code: String!
  customer_id: Int!
  customers: Customers
  date_complaint_closed: DateTime
  date_complaint_raised: DateTime
  product_id: Int!
  products: Products
  staff: Staff
  staff_id: Int!
}
type Customers {
  address_line_1: String
  address_line_2: String
  complaints: [Complaints]
  customer_id: Int!
  customer_type_code: String!
  email_address: String
  phone_number: String
  state: String
  town_city: String
}
type Products {
  complaints: [Complaints]
  date_product_discontinued: DateTime
  date_product_first_available: DateTime
  parent_product_id: Int
  product_category_code: String!
  product_description: String
  product_id: Int!
  product_name: String
  product_price: Float
}
type Staff {
  complaints: [Complaints]
  email_address: String
  first_name: String
  gender: String
  last_name: String
  phone_number: String
  staff_id: Int!
}
type Query {
  complaints(staff_id: Int!): [Complaints]
  complaintsList: [Complaints]
  complaintsPaginatedList(first: Int, after: Int): [Complaints]
  complaintsUsingComplaints_customer_id_fkey(customer_id: Int!): [Complaints]
  complaintsUsingComplaints_product_id_fkey(product_id: Int!): [Complaints]
  customers(customer_id: Int!): Customers
  customersList: [Customers]
  customersPaginatedList(first: Int, after: Int): [Customers]
  customersUsingComplaints_customer_id_fkey(customer_id: Int!): Customers
  products(product_id: Int!): Products
  productsList: [Products]
  productsPaginatedList(first: Int, after: Int): [Products]
  productsUsingComplaints_product_id_fkey(product_id: Int!): Products
  staff(staff_id: Int!): Staff
  staffList: [Staff]
  staffPaginatedList(first: Int, after: Int): [Staff]
  staffUsingComplaints_staff_id_fkey(staff_id: Int!): Staff
}","query  {
  complaintsList {
    complaint_id
    customer_id
    date_complaint_raised
  }
}","query {
  complaintsList {
    complaint_id
    customer_id
    date_complaint_raised
  }
}",Equal,N/A
"scalar Date
scalar DateTime
type Complaints {
  complaint_id: Int!
  complaint_outcome_code: String!
  complaint_status_code: String!
  complaint_type_code: String!
  customer_id: Int!
  customers: Customers
  date_complaint_closed: DateTime
  date_complaint_raised: DateTime
  product_id: Int!
  products: Products
  staff: Staff
  staff_id: Int!
}
type Customers {
  address_line_1: String
  address_line_2: String
  complaints: [Complaints]
  customer_id: Int!
  customer_type_code: String!
  email_address: String
  phone_number: String
  state: String
  town_city: String
}
type Products {
  complaints: [Complaints]
  date_product_discontinued: DateTime
  date_product_first_available: DateTime
  parent_product_id: Int
  product_category_code: String!
  product_description: String
  product_id: Int!
  product_name: String
  product_price: Float
}
type Staff {
  complaints: [Complaints]
  email_address: String
  first_name: String
  gender: String
  last_name: String
  phone_number: String
  staff_id: Int!
}
type Query {
  complaints(staff_id: Int!): [Complaints]
  complaintsList: [Complaints]
  complaintsPaginatedList(first: Int, after: Int): [Complaints]
  complaintsUsingComplaints_customer_id_fkey(customer_id: Int!): [Complaints]
  complaintsUsingComplaints_product_id_fkey(product_id: Int!): [Complaints]
  customers(customer_id: Int!): Customers
  customersList: [Customers]
  customersPaginatedList(first: Int, after: Int): [Customers]
  customersUsingComplaints_customer_id_fkey(customer_id: Int!): Customers
  products(product_id: Int!): Products
  productsList: [Products]
  productsPaginatedList(first: Int, after: Int): [Products]
  productsUsingComplaints_product_id_fkey(product_id: Int!): Products
  staff(staff_id: Int!): Staff
  staffList: [Staff]
  staffPaginatedList(first: Int, after: Int): [Staff]
  staffUsingComplaints_staff_id_fkey(staff_id: Int!): Staff
}","query  {
  complaintsList {
    complaint_id
    date_complaint_raised
  }
}","query {
  complaintsList {
    complaint_id
    date_complaint_raised
  }
}",Equal,N/A
"scalar Date
scalar DateTime
type Complaints {
  complaint_id: Int!
  complaint_outcome_code: String!
  complaint_status_code: String!
  complaint_type_code: String!
  customer_id: Int!
  customers: Customers
  date_complaint_closed: DateTime
  date_complaint_raised: DateTime
  product_id: Int!
  products: Products
  staff: Staff
  staff_id: Int!
}
type Customers {
  address_line_1: String
  address_line_2: String
  complaints: [Complaints]
  customer_id: Int!
  customer_type_code: String!
  email_address: String
  phone_number: String
  state: String
  town_city: String
}
type Products {
  complaints: [Complaints]
  date_product_discontinued: DateTime
  date_product_first_available: DateTime
  parent_product_id: Int
  product_category_code: String!
  product_description: String
  product_id: Int!
  product_name: String
  product_price: Float
}
type Staff {
  complaints: [Complaints]
  email_address: String
  first_name: String
  gender: String
  last_name: String
  phone_number: String
  staff_id: Int!
}
type Query {
  complaints(staff_id: Int!): [Complaints]
  complaintsList: [Complaints]
  complaintsPaginatedList(first: Int, after: Int): [Complaints]
  complaintsUsingComplaints_customer_id_fkey(customer_id: Int!): [Complaints]
  complaintsUsingComplaints_product_id_fkey(product_id: Int!): [Complaints]
  customers(customer_id: Int!): Customers
  customersList: [Customers]
  customersPaginatedList(first: Int, after: Int): [Customers]
  customersUsingComplaints_customer_id_fkey(customer_id: Int!): Customers
  products(product_id: Int!): Products
  productsList: [Products]
  productsPaginatedList(first: Int, after: Int): [Products]
  productsUsingComplaints_product_id_fkey(product_id: Int!): Products
  staff(staff_id: Int!): Staff
  staffList: [Staff]
  staffPaginatedList(first: Int, after: Int): [Staff]
  staffUsingComplaints_staff_id_fkey(staff_id: Int!): Staff
}","query  {
  complaintsList {
    complaint_id
    date_complaint_raised
  }
}","query {
  complaintsList {
    complaint_id
    date_complaint_raised
  }
}",Equal,N/A
"scalar Date
scalar DateTime
type Complaints {
  complaint_id: Int!
  complaint_outcome_code: String!
  complaint_status_code: String!
  complaint_type_code: String!
  customer_id: Int!
  customers: Customers
  date_complaint_closed: DateTime
  date_complaint_raised: DateTime
  product_id: Int!
  products: Products
  staff: Staff
  staff_id: Int!
}
type Customers {
  address_line_1: String
  address_line_2: String
  complaints: [Complaints]
  customer_id: Int!
  customer_type_code: String!
  email_address: String
  phone_number: String
  state: String
  town_city: String
}
type Products {
  complaints: [Complaints]
  date_product_discontinued: DateTime
  date_product_first_available: DateTime
  parent_product_id: Int
  product_category_code: String!
  product_description: String
  product_id: Int!
  product_name: String
  product_price: Float
}
type Staff {
  complaints: [Complaints]
  email_address: String
  first_name: String
  gender: String
  last_name: String
  phone_number: String
  staff_id: Int!
}
type Query {
  complaints(staff_id: Int!): [Complaints]
  complaintsList: [Complaints]
  complaintsPaginatedList(first: Int, after: Int): [Complaints]
  complaintsUsingComplaints_customer_id_fkey(customer_id: Int!): [Complaints]
  complaintsUsingComplaints_product_id_fkey(product_id: Int!): [Complaints]
  customers(customer_id: Int!): Customers
  customersList: [Customers]
  customersPaginatedList(first: Int, after: Int): [Customers]
  customersUsingComplaints_customer_id_fkey(customer_id: Int!): Customers
  products(product_id: Int!): Products
  productsList: [Products]
  productsPaginatedList(first: Int, after: Int): [Products]
  productsUsingComplaints_product_id_fkey(product_id: Int!): Products
  staff(staff_id: Int!): Staff
  staffList: [Staff]
  staffPaginatedList(first: Int, after: Int): [Staff]
  staffUsingComplaints_staff_id_fkey(staff_id: Int!): Staff
}","query  {
  complaintsList {
    complaint_id
    date_complaint_raised
  }
}","query ComplaintsQuery {
  complaintsList {
    complaint_id
    date_complaint_raised
  }
}",Unequal,N/A
"scalar Date
scalar DateTime
type Complaints {
  complaint_id: Int!
  complaint_outcome_code: String!
  complaint_status_code: String!
  complaint_type_code: String!
  customer_id: Int!
  customers: Customers
  date_complaint_closed: DateTime
  date_complaint_raised: DateTime
  product_id: Int!
  products: Products
  staff: Staff
  staff_id: Int!
}
type Customers {
  address_line_1: String
  address_line_2: String
  complaints: [Complaints]
  customer_id: Int!
  customer_type_code: String!
  email_address: String
  phone_number: String
  state: String
  town_city: String
}
type Products {
  complaints: [Complaints]
  date_product_discontinued: DateTime
  date_product_first_available: DateTime
  parent_product_id: Int
  product_category_code: String!
  product_description: String
  product_id: Int!
  product_name: String
  product_price: Float
}
type Staff {
  complaints: [Complaints]
  email_address: String
  first_name: String
  gender: String
  last_name: String
  phone_number: String
  staff_id: Int!
}
type Query {
  complaints(staff_id: Int!): [Complaints]
  complaintsList: [Complaints]
  complaintsPaginatedList(first: Int, after: Int): [Complaints]
  complaintsUsingComplaints_customer_id_fkey(customer_id: Int!): [Complaints]
  complaintsUsingComplaints_product_id_fkey(product_id: Int!): [Complaints]
  customers(customer_id: Int!): Customers
  customersList: [Customers]
  customersPaginatedList(first: Int, after: Int): [Customers]
  customersUsingComplaints_customer_id_fkey(customer_id: Int!): Customers
  products(product_id: Int!): Products
  productsList: [Products]
  productsPaginatedList(first: Int, after: Int): [Products]
  productsUsingComplaints_product_id_fkey(product_id: Int!): Products
  staff(staff_id: Int!): Staff
  staffList: [Staff]
  staffPaginatedList(first: Int, after: Int): [Staff]
  staffUsingComplaints_staff_id_fkey(staff_id: Int!): Staff
}","query  {
  complaintsList {
    complaint_id
    date_complaint_raised
  }
}","query {
  complaintsList {
    complaint_id
    date_complaint_raised
  }
}",Equal,N/A
"scalar Date
scalar DateTime
type Complaints {
  complaint_id: Int!
  complaint_outcome_code: String!
  complaint_status_code: String!
  complaint_type_code: String!
  customer_id: Int!
  customers: Customers
  date_complaint_closed: DateTime
  date_complaint_raised: DateTime
  product_id: Int!
  products: Products
  staff: Staff
  staff_id: Int!
}
type Customers {
  address_line_1: String
  address_line_2: String
  complaints: [Complaints]
  customer_id: Int!
  customer_type_code: String!
  email_address: String
  phone_number: String
  state: String
  town_city: String
}
type Products {
  complaints: [Complaints]
  date_product_discontinued: DateTime
  date_product_first_available: DateTime
  parent_product_id: Int
  product_category_code: String!
  product_description: String
  product_id: Int!
  product_name: String
  product_price: Float
}
type Staff {
  complaints: [Complaints]
  email_address: String
  first_name: String
  gender: String
  last_name: String
  phone_number: String
  staff_id: Int!
}
type Query {
  complaints(staff_id: Int!): [Complaints]
  complaintsList: [Complaints]
  complaintsPaginatedList(first: Int, after: Int): [Complaints]
  complaintsUsingComplaints_customer_id_fkey(customer_id: Int!): [Complaints]
  complaintsUsingComplaints_product_id_fkey(product_id: Int!): [Complaints]
  customers(customer_id: Int!): Customers
  customersList: [Customers]
  customersPaginatedList(first: Int, after: Int): [Customers]
  customersUsingComplaints_customer_id_fkey(customer_id: Int!): Customers
  products(product_id: Int!): Products
  productsList: [Products]
  productsPaginatedList(first: Int, after: Int): [Products]
  productsUsingComplaints_product_id_fkey(product_id: Int!): Products
  staff(staff_id: Int!): Staff
  staffList: [Staff]
  staffPaginatedList(first: Int, after: Int): [Staff]
  staffUsingComplaints_staff_id_fkey(staff_id: Int!): Staff
}","query  {
  complaintsList {
    complaint_id
    date_complaint_raised
  }
}","query {
  complaintsList {
    complaint_id
    date_complaint_raised
  }
}",Equal,N/A
"scalar Date
scalar DateTime
type Complaints {
  complaint_id: Int!
  complaint_outcome_code: String!
  complaint_status_code: String!
  complaint_type_code: String!
  customer_id: Int!
  customers: Customers
  date_complaint_closed: DateTime
  date_complaint_raised: DateTime
  product_id: Int!
  products: Products
  staff: Staff
  staff_id: Int!
}
type Customers {
  address_line_1: String
  address_line_2: String
  complaints: [Complaints]
  customer_id: Int!
  customer_type_code: String!
  email_address: String
  phone_number: String
  state: String
  town_city: String
}
type Products {
  complaints: [Complaints]
  date_product_discontinued: DateTime
  date_product_first_available: DateTime
  parent_product_id: Int
  product_category_code: String!
  product_description: String
  product_id: Int!
  product_name: String
  product_price: Float
}
type Staff {
  complaints: [Complaints]
  email_address: String
  first_name: String
  gender: String
  last_name: String
  phone_number: String
  staff_id: Int!
}
type Query {
  complaints(staff_id: Int!): [Complaints]
  complaintsList: [Complaints]
  complaintsPaginatedList(first: Int, after: Int): [Complaints]
  complaintsUsingComplaints_customer_id_fkey(customer_id: Int!): [Complaints]
  complaintsUsingComplaints_product_id_fkey(product_id: Int!): [Complaints]
  customers(customer_id: Int!): Customers
  customersList: [Customers]
  customersPaginatedList(first: Int, after: Int): [Customers]
  customersUsingComplaints_customer_id_fkey(customer_id: Int!): Customers
  products(product_id: Int!): Products
  productsList: [Products]
  productsPaginatedList(first: Int, after: Int): [Products]
  productsUsingComplaints_product_id_fkey(product_id: Int!): Products
  staff(staff_id: Int!): Staff
  staffList: [Staff]
  staffPaginatedList(first: Int, after: Int): [Staff]
  staffUsingComplaints_staff_id_fkey(staff_id: Int!): Staff
}","query  {
  complaintsList {
    complaint_id
    date_complaint_raised
  }
}","query {
  complaintsList {
    complaint_id
    date_complaint_raised
  }
}",Equal,N/A
"scalar Date
scalar DateTime
type Complaints {
  complaint_id: Int!
  complaint_outcome_code: String!
  complaint_status_code: String!
  complaint_type_code: String!
  customer_id: Int!
  customers: Customers
  date_complaint_closed: DateTime
  date_complaint_raised: DateTime
  product_id: Int!
  products: Products
  staff: Staff
  staff_id: Int!
}
type Customers {
  address_line_1: String
  address_line_2: String
  complaints: [Complaints]
  customer_id: Int!
  customer_type_code: String!
  email_address: String
  phone_number: String
  state: String
  town_city: String
}
type Products {
  complaints: [Complaints]
  date_product_discontinued: DateTime
  date_product_first_available: DateTime
  parent_product_id: Int
  product_category_code: String!
  product_description: String
  product_id: Int!
  product_name: String
  product_price: Float
}
type Staff {
  complaints: [Complaints]
  email_address: String
  first_name: String
  gender: String
  last_name: String
  phone_number: String
  staff_id: Int!
}
type Query {
  complaints(staff_id: Int!): [Complaints]
  complaintsList: [Complaints]
  complaintsPaginatedList(first: Int, after: Int): [Complaints]
  complaintsUsingComplaints_customer_id_fkey(customer_id: Int!): [Complaints]
  complaintsUsingComplaints_product_id_fkey(product_id: Int!): [Complaints]
  customers(customer_id: Int!): Customers
  customersList: [Customers]
  customersPaginatedList(first: Int, after: Int): [Customers]
  customersUsingComplaints_customer_id_fkey(customer_id: Int!): Customers
  products(product_id: Int!): Products
  productsList: [Products]
  productsPaginatedList(first: Int, after: Int): [Products]
  productsUsingComplaints_product_id_fkey(product_id: Int!): Products
  staff(staff_id: Int!): Staff
  staffList: [Staff]
  staffPaginatedList(first: Int, after: Int): [Staff]
  staffUsingComplaints_staff_id_fkey(staff_id: Int!): Staff
}","query  {
  complaintsList {
    complaint_id
    date_complaint_raised
  }
}","query {
  complaintsList {
    complaint_id
    date_complaint_raised
  }
}",Equal,N/A
"scalar Date
scalar DateTime
type Complaints {
  complaint_id: Int!
  complaint_outcome_code: String!
  complaint_status_code: String!
  complaint_type_code: String!
  customer_id: Int!
  customers: Customers
  date_complaint_closed: DateTime
  date_complaint_raised: DateTime
  product_id: Int!
  products: Products
  staff: Staff
  staff_id: Int!
}
type Customers {
  address_line_1: String
  address_line_2: String
  complaints: [Complaints]
  customer_id: Int!
  customer_type_code: String!
  email_address: String
  phone_number: String
  state: String
  town_city: String
}
type Products {
  complaints: [Complaints]
  date_product_discontinued: DateTime
  date_product_first_available: DateTime
  parent_product_id: Int
  product_category_code: String!
  product_description: String
  product_id: Int!
  product_name: String
  product_price: Float
}
type Staff {
  complaints: [Complaints]
  email_address: String
  first_name: String
  gender: String
  last_name: String
  phone_number: String
  staff_id: Int!
}
type Query {
  complaints(staff_id: Int!): [Complaints]
  complaintsList: [Complaints]
  complaintsPaginatedList(first: Int, after: Int): [Complaints]
  complaintsUsingComplaints_customer_id_fkey(customer_id: Int!): [Complaints]
  complaintsUsingComplaints_product_id_fkey(product_id: Int!): [Complaints]
  customers(customer_id: Int!): Customers
  customersList: [Customers]
  customersPaginatedList(first: Int, after: Int): [Customers]
  customersUsingComplaints_customer_id_fkey(customer_id: Int!): Customers
  products(product_id: Int!): Products
  productsList: [Products]
  productsPaginatedList(first: Int, after: Int): [Products]
  productsUsingComplaints_product_id_fkey(product_id: Int!): Products
  staff(staff_id: Int!): Staff
  staffList: [Staff]
  staffPaginatedList(first: Int, after: Int): [Staff]
  staffUsingComplaints_staff_id_fkey(staff_id: Int!): Staff
}","query  {
  complaintsList {
    complaint_id
    date_complaint_raised
  }
}","query {
  complaintsList {
    complaint_id
    date_complaint_raised
  }
}",Equal,N/A
"scalar Date
scalar DateTime
type Complaints {
  complaint_id: Int!
  complaint_outcome_code: String!
  complaint_status_code: String!
  complaint_type_code: String!
  customer_id: Int!
  customers: Customers
  date_complaint_closed: DateTime
  date_complaint_raised: DateTime
  product_id: Int!
  products: Products
  staff: Staff
  staff_id: Int!
}
type Customers {
  address_line_1: String
  address_line_2: String
  complaints: [Complaints]
  customer_id: Int!
  customer_type_code: String!
  email_address: String
  phone_number: String
  state: String
  town_city: String
}
type Products {
  complaints: [Complaints]
  date_product_discontinued: DateTime
  date_product_first_available: DateTime
  parent_product_id: Int
  product_category_code: String!
  product_description: String
  product_id: Int!
  product_name: String
  product_price: Float
}
type Staff {
  complaints: [Complaints]
  email_address: String
  first_name: String
  gender: String
  last_name: String
  phone_number: String
  staff_id: Int!
}
type Query {
  complaints(staff_id: Int!): [Complaints]
  complaintsList: [Complaints]
  complaintsPaginatedList(first: Int, after: Int): [Complaints]
  complaintsUsingComplaints_customer_id_fkey(customer_id: Int!): [Complaints]
  complaintsUsingComplaints_product_id_fkey(product_id: Int!): [Complaints]
  customers(customer_id: Int!): Customers
  customersList: [Customers]
  customersPaginatedList(first: Int, after: Int): [Customers]
  customersUsingComplaints_customer_id_fkey(customer_id: Int!): Customers
  products(product_id: Int!): Products
  productsList: [Products]
  productsPaginatedList(first: Int, after: Int): [Products]
  productsUsingComplaints_product_id_fkey(product_id: Int!): Products
  staff(staff_id: Int!): Staff
  staffList: [Staff]
  staffPaginatedList(first: Int, after: Int): [Staff]
  staffUsingComplaints_staff_id_fkey(staff_id: Int!): Staff
}","query  {
  complaintsList {
    complaint_id
    date_complaint_raised
  }
}","query {
  complaintsList {
    complaint_id
    date_complaint_raised
  }
}",Equal,N/A
"scalar Date
scalar DateTime
type Complaints {
  complaint_id: Int!
  complaint_outcome_code: String!
  complaint_status_code: String!
  complaint_type_code: String!
  customer_id: Int!
  customers: Customers
  date_complaint_closed: DateTime
  date_complaint_raised: DateTime
  product_id: Int!
  products: Products
  staff: Staff
  staff_id: Int!
}
type Customers {
  address_line_1: String
  address_line_2: String
  complaints: [Complaints]
  customer_id: Int!
  customer_type_code: String!
  email_address: String
  phone_number: String
  state: String
  town_city: String
}
type Products {
  complaints: [Complaints]
  date_product_discontinued: DateTime
  date_product_first_available: DateTime
  parent_product_id: Int
  product_category_code: String!
  product_description: String
  product_id: Int!
  product_name: String
  product_price: Float
}
type Staff {
  complaints: [Complaints]
  email_address: String
  first_name: String
  gender: String
  last_name: String
  phone_number: String
  staff_id: Int!
}
type Query {
  complaints(staff_id: Int!): [Complaints]
  complaintsList: [Complaints]
  complaintsPaginatedList(first: Int, after: Int): [Complaints]
  complaintsUsingComplaints_customer_id_fkey(customer_id: Int!): [Complaints]
  complaintsUsingComplaints_product_id_fkey(product_id: Int!): [Complaints]
  customers(customer_id: Int!): Customers
  customersList: [Customers]
  customersPaginatedList(first: Int, after: Int): [Customers]
  customersUsingComplaints_customer_id_fkey(customer_id: Int!): Customers
  products(product_id: Int!): Products
  productsList: [Products]
  productsPaginatedList(first: Int, after: Int): [Products]
  productsUsingComplaints_product_id_fkey(product_id: Int!): Products
  staff(staff_id: Int!): Staff
  staffList: [Staff]
  staffPaginatedList(first: Int, after: Int): [Staff]
  staffUsingComplaints_staff_id_fkey(staff_id: Int!): Staff
}","query  {
  complaintsList {
    complaint_id
    date_complaint_raised
  }
}","query {
  complaintsList {
    complaint_id
    date_complaint_raised
  }
}",Equal,N/A
"scalar Date
scalar DateTime
type Complaints {
  complaint_id: Int!
  complaint_outcome_code: String!
  complaint_status_code: String!
  complaint_type_code: String!
  customer_id: Int!
  customers: Customers
  date_complaint_closed: DateTime
  date_complaint_raised: DateTime
  product_id: Int!
  products: Products
  staff: Staff
  staff_id: Int!
}
type Customers {
  address_line_1: String
  address_line_2: String
  complaints: [Complaints]
  customer_id: Int!
  customer_type_code: String!
  email_address: String
  phone_number: String
  state: String
  town_city: String
}
type Products {
  complaints: [Complaints]
  date_product_discontinued: DateTime
  date_product_first_available: DateTime
  parent_product_id: Int
  product_category_code: String!
  product_description: String
  product_id: Int!
  product_name: String
  product_price: Float
}
type Staff {
  complaints: [Complaints]
  email_address: String
  first_name: String
  gender: String
  last_name: String
  phone_number: String
  staff_id: Int!
}
type Query {
  complaints(staff_id: Int!): [Complaints]
  complaintsList: [Complaints]
  complaintsPaginatedList(first: Int, after: Int): [Complaints]
  complaintsUsingComplaints_customer_id_fkey(customer_id: Int!): [Complaints]
  complaintsUsingComplaints_product_id_fkey(product_id: Int!): [Complaints]
  customers(customer_id: Int!): Customers
  customersList: [Customers]
  customersPaginatedList(first: Int, after: Int): [Customers]
  customersUsingComplaints_customer_id_fkey(customer_id: Int!): Customers
  products(product_id: Int!): Products
  productsList: [Products]
  productsPaginatedList(first: Int, after: Int): [Products]
  productsUsingComplaints_product_id_fkey(product_id: Int!): Products
  staff(staff_id: Int!): Staff
  staffList: [Staff]
  staffPaginatedList(first: Int, after: Int): [Staff]
  staffUsingComplaints_staff_id_fkey(staff_id: Int!): Staff
}","query  {
  complaintsList {
    complaint_id
    date_complaint_raised
  }
}","query {
  complaintsList {
    complaint_id
    date_complaint_raised
  }
}",Equal,N/A
"scalar Date
scalar DateTime
type Complaints {
  complaint_id: Int!
  complaint_outcome_code: String!
  complaint_status_code: String!
  complaint_type_code: String!
  customer_id: Int!
  customers: Customers
  date_complaint_closed: DateTime
  date_complaint_raised: DateTime
  product_id: Int!
  products: Products
  staff: Staff
  staff_id: Int!
}
type Customers {
  address_line_1: String
  address_line_2: String
  complaints: [Complaints]
  customer_id: Int!
  customer_type_code: String!
  email_address: String
  phone_number: String
  state: String
  town_city: String
}
type Products {
  complaints: [Complaints]
  date_product_discontinued: DateTime
  date_product_first_available: DateTime
  parent_product_id: Int
  product_category_code: String!
  product_description: String
  product_id: Int!
  product_name: String
  product_price: Float
}
type Staff {
  complaints: [Complaints]
  email_address: String
  first_name: String
  gender: String
  last_name: String
  phone_number: String
  staff_id: Int!
}
type Query {
  complaints(staff_id: Int!): [Complaints]
  complaintsList: [Complaints]
  complaintsPaginatedList(first: Int, after: Int): [Complaints]
  complaintsUsingComplaints_customer_id_fkey(customer_id: Int!): [Complaints]
  complaintsUsingComplaints_product_id_fkey(product_id: Int!): [Complaints]
  customers(customer_id: Int!): Customers
  customersList: [Customers]
  customersPaginatedList(first: Int, after: Int): [Customers]
  customersUsingComplaints_customer_id_fkey(customer_id: Int!): Customers
  products(product_id: Int!): Products
  productsList: [Products]
  productsPaginatedList(first: Int, after: Int): [Products]
  productsUsingComplaints_product_id_fkey(product_id: Int!): Products
  staff(staff_id: Int!): Staff
  staffList: [Staff]
  staffPaginatedList(first: Int, after: Int): [Staff]
  staffUsingComplaints_staff_id_fkey(staff_id: Int!): Staff
}","query  {
  complaintsList {
    complaint_id
    date_complaint_raised
  }
}","query {
  complaintsList {
    complaint_id
    date_complaint_raised
  }
}",Equal,N/A
"scalar Date
scalar DateTime
type Complaints {
  complaint_id: Int!
  complaint_outcome_code: String!
  complaint_status_code: String!
  complaint_type_code: String!
  customer_id: Int!
  customers: Customers
  date_complaint_closed: DateTime
  date_complaint_raised: DateTime
  product_id: Int!
  products: Products
  staff: Staff
  staff_id: Int!
}
type Customers {
  address_line_1: String
  address_line_2: String
  complaints: [Complaints]
  customer_id: Int!
  customer_type_code: String!
  email_address: String
  phone_number: String
  state: String
  town_city: String
}
type Products {
  complaints: [Complaints]
  date_product_discontinued: DateTime
  date_product_first_available: DateTime
  parent_product_id: Int
  product_category_code: String!
  product_description: String
  product_id: Int!
  product_name: String
  product_price: Float
}
type Staff {
  complaints: [Complaints]
  email_address: String
  first_name: String
  gender: String
  last_name: String
  phone_number: String
  staff_id: Int!
}
type Query {
  complaints(staff_id: Int!): [Complaints]
  complaintsList: [Complaints]
  complaintsPaginatedList(first: Int, after: Int): [Complaints]
  complaintsUsingComplaints_customer_id_fkey(customer_id: Int!): [Complaints]
  complaintsUsingComplaints_product_id_fkey(product_id: Int!): [Complaints]
  customers(customer_id: Int!): Customers
  customersList: [Customers]
  customersPaginatedList(first: Int, after: Int): [Customers]
  customersUsingComplaints_customer_id_fkey(customer_id: Int!): Customers
  products(product_id: Int!): Products
  productsList: [Products]
  productsPaginatedList(first: Int, after: Int): [Products]
  productsUsingComplaints_product_id_fkey(product_id: Int!): Products
  staff(staff_id: Int!): Staff
  staffList: [Staff]
  staffPaginatedList(first: Int, after: Int): [Staff]
  staffUsingComplaints_staff_id_fkey(staff_id: Int!): Staff
}","query  {
  complaintsList {
    complaint_id
    date_complaint_raised
    date_complaint_closed
  }
}","query ComplaintsQuery {
  complaintsList {
    complaint_id
    date_complaint_raised
    date_complaint_closed
  }
}",Unequal,N/A
"scalar Date
scalar DateTime
type Complaints {
  complaint_id: Int!
  complaint_outcome_code: String!
  complaint_status_code: String!
  complaint_type_code: String!
  customer_id: Int!
  customers: Customers
  date_complaint_closed: DateTime
  date_complaint_raised: DateTime
  product_id: Int!
  products: Products
  staff: Staff
  staff_id: Int!
}
type Customers {
  address_line_1: String
  address_line_2: String
  complaints: [Complaints]
  customer_id: Int!
  customer_type_code: String!
  email_address: String
  phone_number: String
  state: String
  town_city: String
}
type Products {
  complaints: [Complaints]
  date_product_discontinued: DateTime
  date_product_first_available: DateTime
  parent_product_id: Int
  product_category_code: String!
  product_description: String
  product_id: Int!
  product_name: String
  product_price: Float
}
type Staff {
  complaints: [Complaints]
  email_address: String
  first_name: String
  gender: String
  last_name: String
  phone_number: String
  staff_id: Int!
}
type Query {
  complaints(staff_id: Int!): [Complaints]
  complaintsList: [Complaints]
  complaintsPaginatedList(first: Int, after: Int): [Complaints]
  complaintsUsingComplaints_customer_id_fkey(customer_id: Int!): [Complaints]
  complaintsUsingComplaints_product_id_fkey(product_id: Int!): [Complaints]
  customers(customer_id: Int!): Customers
  customersList: [Customers]
  customersPaginatedList(first: Int, after: Int): [Customers]
  customersUsingComplaints_customer_id_fkey(customer_id: Int!): Customers
  products(product_id: Int!): Products
  productsList: [Products]
  productsPaginatedList(first: Int, after: Int): [Products]
  productsUsingComplaints_product_id_fkey(product_id: Int!): Products
  staff(staff_id: Int!): Staff
  staffList: [Staff]
  staffPaginatedList(first: Int, after: Int): [Staff]
  staffUsingComplaints_staff_id_fkey(staff_id: Int!): Staff
}","query  {
  complaintsList {
    complaint_id
    date_complaint_raised
    date_complaint_closed
  }
}","query {
  complaintsList {
    complaint_id
    date_complaint_raised
    date_complaint_closed
  }
}",Equal,N/A
"scalar Date
scalar DateTime
type Complaints {
  complaint_id: Int!
  complaint_outcome_code: String!
  complaint_status_code: String!
  complaint_type_code: String!
  customer_id: Int!
  customers: Customers
  date_complaint_closed: DateTime
  date_complaint_raised: DateTime
  product_id: Int!
  products: Products
  staff: Staff
  staff_id: Int!
}
type Customers {
  address_line_1: String
  address_line_2: String
  complaints: [Complaints]
  customer_id: Int!
  customer_type_code: String!
  email_address: String
  phone_number: String
  state: String
  town_city: String
}
type Products {
  complaints: [Complaints]
  date_product_discontinued: DateTime
  date_product_first_available: DateTime
  parent_product_id: Int
  product_category_code: String!
  product_description: String
  product_id: Int!
  product_name: String
  product_price: Float
}
type Staff {
  complaints: [Complaints]
  email_address: String
  first_name: String
  gender: String
  last_name: String
  phone_number: String
  staff_id: Int!
}
type Query {
  complaints(staff_id: Int!): [Complaints]
  complaintsList: [Complaints]
  complaintsPaginatedList(first: Int, after: Int): [Complaints]
  complaintsUsingComplaints_customer_id_fkey(customer_id: Int!): [Complaints]
  complaintsUsingComplaints_product_id_fkey(product_id: Int!): [Complaints]
  customers(customer_id: Int!): Customers
  customersList: [Customers]
  customersPaginatedList(first: Int, after: Int): [Customers]
  customersUsingComplaints_customer_id_fkey(customer_id: Int!): Customers
  products(product_id: Int!): Products
  productsList: [Products]
  productsPaginatedList(first: Int, after: Int): [Products]
  productsUsingComplaints_product_id_fkey(product_id: Int!): Products
  staff(staff_id: Int!): Staff
  staffList: [Staff]
  staffPaginatedList(first: Int, after: Int): [Staff]
  staffUsingComplaints_staff_id_fkey(staff_id: Int!): Staff
}","query  {
  complaintsList {
    complaint_id
    date_complaint_raised
    date_complaint_closed
  }
}","query {
  complaintsList {
    complaint_id
    date_complaint_raised
    date_complaint_closed
  }
}",Equal,N/A
"scalar Date
scalar DateTime
type Complaints {
  complaint_id: Int!
  complaint_outcome_code: String!
  complaint_status_code: String!
  complaint_type_code: String!
  customer_id: Int!
  customers: Customers
  date_complaint_closed: DateTime
  date_complaint_raised: DateTime
  product_id: Int!
  products: Products
  staff: Staff
  staff_id: Int!
}
type Customers {
  address_line_1: String
  address_line_2: String
  complaints: [Complaints]
  customer_id: Int!
  customer_type_code: String!
  email_address: String
  phone_number: String
  state: String
  town_city: String
}
type Products {
  complaints: [Complaints]
  date_product_discontinued: DateTime
  date_product_first_available: DateTime
  parent_product_id: Int
  product_category_code: String!
  product_description: String
  product_id: Int!
  product_name: String
  product_price: Float
}
type Staff {
  complaints: [Complaints]
  email_address: String
  first_name: String
  gender: String
  last_name: String
  phone_number: String
  staff_id: Int!
}
type Query {
  complaints(staff_id: Int!): [Complaints]
  complaintsList: [Complaints]
  complaintsPaginatedList(first: Int, after: Int): [Complaints]
  complaintsUsingComplaints_customer_id_fkey(customer_id: Int!): [Complaints]
  complaintsUsingComplaints_product_id_fkey(product_id: Int!): [Complaints]
  customers(customer_id: Int!): Customers
  customersList: [Customers]
  customersPaginatedList(first: Int, after: Int): [Customers]
  customersUsingComplaints_customer_id_fkey(customer_id: Int!): Customers
  products(product_id: Int!): Products
  productsList: [Products]
  productsPaginatedList(first: Int, after: Int): [Products]
  productsUsingComplaints_product_id_fkey(product_id: Int!): Products
  staff(staff_id: Int!): Staff
  staffList: [Staff]
  staffPaginatedList(first: Int, after: Int): [Staff]
  staffUsingComplaints_staff_id_fkey(staff_id: Int!): Staff
}","query  {
  complaintsList {
    complaint_id
    date_complaint_raised
    date_complaint_closed
  }
}","query {
  complaintsList {
    complaint_id
    complaint_outcome_code
    complaint_status_code
    complaint_type_code
    customer_id
    date_complaint_closed
    date_complaint_raised
    product_id
    staff_id
  }
}",Unequal,N/A
"scalar Date
scalar DateTime
type Complaints {
  complaint_id: Int!
  complaint_outcome_code: String!
  complaint_status_code: String!
  complaint_type_code: String!
  customer_id: Int!
  customers: Customers
  date_complaint_closed: DateTime
  date_complaint_raised: DateTime
  product_id: Int!
  products: Products
  staff: Staff
  staff_id: Int!
}
type Customers {
  address_line_1: String
  address_line_2: String
  complaints: [Complaints]
  customer_id: Int!
  customer_type_code: String!
  email_address: String
  phone_number: String
  state: String
  town_city: String
}
type Products {
  complaints: [Complaints]
  date_product_discontinued: DateTime
  date_product_first_available: DateTime
  parent_product_id: Int
  product_category_code: String!
  product_description: String
  product_id: Int!
  product_name: String
  product_price: Float
}
type Staff {
  complaints: [Complaints]
  email_address: String
  first_name: String
  gender: String
  last_name: String
  phone_number: String
  staff_id: Int!
}
type Query {
  complaints(staff_id: Int!): [Complaints]
  complaintsList: [Complaints]
  complaintsPaginatedList(first: Int, after: Int): [Complaints]
  complaintsUsingComplaints_customer_id_fkey(customer_id: Int!): [Complaints]
  complaintsUsingComplaints_product_id_fkey(product_id: Int!): [Complaints]
  customers(customer_id: Int!): Customers
  customersList: [Customers]
  customersPaginatedList(first: Int, after: Int): [Customers]
  customersUsingComplaints_customer_id_fkey(customer_id: Int!): Customers
  products(product_id: Int!): Products
  productsList: [Products]
  productsPaginatedList(first: Int, after: Int): [Products]
  productsUsingComplaints_product_id_fkey(product_id: Int!): Products
  staff(staff_id: Int!): Staff
  staffList: [Staff]
  staffPaginatedList(first: Int, after: Int): [Staff]
  staffUsingComplaints_staff_id_fkey(staff_id: Int!): Staff
}","query  {
  complaintsList {
    complaint_id
    date_complaint_raised
    date_complaint_closed
  }
}","query {
  complaintsList {
    complaint_id
    date_complaint_raised
    date_complaint_closed
  }
}",Equal,N/A
"scalar Date
scalar DateTime
type Complaints {
  complaint_id: Int!
  complaint_outcome_code: String!
  complaint_status_code: String!
  complaint_type_code: String!
  customer_id: Int!
  customers: Customers
  date_complaint_closed: DateTime
  date_complaint_raised: DateTime
  product_id: Int!
  products: Products
  staff: Staff
  staff_id: Int!
}
type Customers {
  address_line_1: String
  address_line_2: String
  complaints: [Complaints]
  customer_id: Int!
  customer_type_code: String!
  email_address: String
  phone_number: String
  state: String
  town_city: String
}
type Products {
  complaints: [Complaints]
  date_product_discontinued: DateTime
  date_product_first_available: DateTime
  parent_product_id: Int
  product_category_code: String!
  product_description: String
  product_id: Int!
  product_name: String
  product_price: Float
}
type Staff {
  complaints: [Complaints]
  email_address: String
  first_name: String
  gender: String
  last_name: String
  phone_number: String
  staff_id: Int!
}
type Query {
  complaints(staff_id: Int!): [Complaints]
  complaintsList: [Complaints]
  complaintsPaginatedList(first: Int, after: Int): [Complaints]
  complaintsUsingComplaints_customer_id_fkey(customer_id: Int!): [Complaints]
  complaintsUsingComplaints_product_id_fkey(product_id: Int!): [Complaints]
  customers(customer_id: Int!): Customers
  customersList: [Customers]
  customersPaginatedList(first: Int, after: Int): [Customers]
  customersUsingComplaints_customer_id_fkey(customer_id: Int!): Customers
  products(product_id: Int!): Products
  productsList: [Products]
  productsPaginatedList(first: Int, after: Int): [Products]
  productsUsingComplaints_product_id_fkey(product_id: Int!): Products
  staff(staff_id: Int!): Staff
  staffList: [Staff]
  staffPaginatedList(first: Int, after: Int): [Staff]
  staffUsingComplaints_staff_id_fkey(staff_id: Int!): Staff
}","query  {
  complaintsList {
    complaint_id
    date_complaint_raised
    date_complaint_closed
  }
}","query {
  complaintsList {
    complaint_id
    date_complaint_raised
    date_complaint_closed
  }
}",Equal,N/A
"scalar Date
scalar DateTime
type Complaints {
  complaint_id: Int!
  complaint_outcome_code: String!
  complaint_status_code: String!
  complaint_type_code: String!
  customer_id: Int!
  customers: Customers
  date_complaint_closed: DateTime
  date_complaint_raised: DateTime
  product_id: Int!
  products: Products
  staff: Staff
  staff_id: Int!
}
type Customers {
  address_line_1: String
  address_line_2: String
  complaints: [Complaints]
  customer_id: Int!
  customer_type_code: String!
  email_address: String
  phone_number: String
  state: String
  town_city: String
}
type Products {
  complaints: [Complaints]
  date_product_discontinued: DateTime
  date_product_first_available: DateTime
  parent_product_id: Int
  product_category_code: String!
  product_description: String
  product_id: Int!
  product_name: String
  product_price: Float
}
type Staff {
  complaints: [Complaints]
  email_address: String
  first_name: String
  gender: String
  last_name: String
  phone_number: String
  staff_id: Int!
}
type Query {
  complaints(staff_id: Int!): [Complaints]
  complaintsList: [Complaints]
  complaintsPaginatedList(first: Int, after: Int): [Complaints]
  complaintsUsingComplaints_customer_id_fkey(customer_id: Int!): [Complaints]
  complaintsUsingComplaints_product_id_fkey(product_id: Int!): [Complaints]
  customers(customer_id: Int!): Customers
  customersList: [Customers]
  customersPaginatedList(first: Int, after: Int): [Customers]
  customersUsingComplaints_customer_id_fkey(customer_id: Int!): Customers
  products(product_id: Int!): Products
  productsList: [Products]
  productsPaginatedList(first: Int, after: Int): [Products]
  productsUsingComplaints_product_id_fkey(product_id: Int!): Products
  staff(staff_id: Int!): Staff
  staffList: [Staff]
  staffPaginatedList(first: Int, after: Int): [Staff]
  staffUsingComplaints_staff_id_fkey(staff_id: Int!): Staff
}","query  {
  complaintsList {
    complaint_id
    date_complaint_raised
    date_complaint_closed
  }
}","query {
  complaintsList {
    complaint_id
    date_complaint_raised
    date_complaint_closed
  }
}",Equal,N/A
"scalar Date
scalar DateTime
type Complaints {
  complaint_id: Int!
  complaint_outcome_code: String!
  complaint_status_code: String!
  complaint_type_code: String!
  customer_id: Int!
  customers: Customers
  date_complaint_closed: DateTime
  date_complaint_raised: DateTime
  product_id: Int!
  products: Products
  staff: Staff
  staff_id: Int!
}
type Customers {
  address_line_1: String
  address_line_2: String
  complaints: [Complaints]
  customer_id: Int!
  customer_type_code: String!
  email_address: String
  phone_number: String
  state: String
  town_city: String
}
type Products {
  complaints: [Complaints]
  date_product_discontinued: DateTime
  date_product_first_available: DateTime
  parent_product_id: Int
  product_category_code: String!
  product_description: String
  product_id: Int!
  product_name: String
  product_price: Float
}
type Staff {
  complaints: [Complaints]
  email_address: String
  first_name: String
  gender: String
  last_name: String
  phone_number: String
  staff_id: Int!
}
type Query {
  complaints(staff_id: Int!): [Complaints]
  complaintsList: [Complaints]
  complaintsPaginatedList(first: Int, after: Int): [Complaints]
  complaintsUsingComplaints_customer_id_fkey(customer_id: Int!): [Complaints]
  complaintsUsingComplaints_product_id_fkey(product_id: Int!): [Complaints]
  customers(customer_id: Int!): Customers
  customersList: [Customers]
  customersPaginatedList(first: Int, after: Int): [Customers]
  customersUsingComplaints_customer_id_fkey(customer_id: Int!): Customers
  products(product_id: Int!): Products
  productsList: [Products]
  productsPaginatedList(first: Int, after: Int): [Products]
  productsUsingComplaints_product_id_fkey(product_id: Int!): Products
  staff(staff_id: Int!): Staff
  staffList: [Staff]
  staffPaginatedList(first: Int, after: Int): [Staff]
  staffUsingComplaints_staff_id_fkey(staff_id: Int!): Staff
}","query  {
  complaintsList {
    complaint_id
    date_complaint_raised
    date_complaint_closed
  }
}","query ComplaintsQuery {
  complaintsList {
    complaint_id
    date_complaint_raised
    date_complaint_closed
  }
}",Unequal,N/A
"scalar Date
scalar DateTime
type Complaints {
  complaint_id: Int!
  complaint_outcome_code: String!
  complaint_status_code: String!
  complaint_type_code: String!
  customer_id: Int!
  customers: Customers
  date_complaint_closed: DateTime
  date_complaint_raised: DateTime
  product_id: Int!
  products: Products
  staff: Staff
  staff_id: Int!
}
type Customers {
  address_line_1: String
  address_line_2: String
  complaints: [Complaints]
  customer_id: Int!
  customer_type_code: String!
  email_address: String
  phone_number: String
  state: String
  town_city: String
}
type Products {
  complaints: [Complaints]
  date_product_discontinued: DateTime
  date_product_first_available: DateTime
  parent_product_id: Int
  product_category_code: String!
  product_description: String
  product_id: Int!
  product_name: String
  product_price: Float
}
type Staff {
  complaints: [Complaints]
  email_address: String
  first_name: String
  gender: String
  last_name: String
  phone_number: String
  staff_id: Int!
}
type Query {
  complaints(staff_id: Int!): [Complaints]
  complaintsList: [Complaints]
  complaintsPaginatedList(first: Int, after: Int): [Complaints]
  complaintsUsingComplaints_customer_id_fkey(customer_id: Int!): [Complaints]
  complaintsUsingComplaints_product_id_fkey(product_id: Int!): [Complaints]
  customers(customer_id: Int!): Customers
  customersList: [Customers]
  customersPaginatedList(first: Int, after: Int): [Customers]
  customersUsingComplaints_customer_id_fkey(customer_id: Int!): Customers
  products(product_id: Int!): Products
  productsList: [Products]
  productsPaginatedList(first: Int, after: Int): [Products]
  productsUsingComplaints_product_id_fkey(product_id: Int!): Products
  staff(staff_id: Int!): Staff
  staffList: [Staff]
  staffPaginatedList(first: Int, after: Int): [Staff]
  staffUsingComplaints_staff_id_fkey(staff_id: Int!): Staff
}","query  {
  complaintsList {
    complaint_id
    date_complaint_raised
    date_complaint_closed
  }
}","query {
  complaintsList {
    complaint_id
    date_complaint_raised
    date_complaint_closed
  }
}",Equal,N/A
"scalar Date
scalar DateTime
type Complaints {
  complaint_id: Int!
  complaint_outcome_code: String!
  complaint_status_code: String!
  complaint_type_code: String!
  customer_id: Int!
  customers: Customers
  date_complaint_closed: DateTime
  date_complaint_raised: DateTime
  product_id: Int!
  products: Products
  staff: Staff
  staff_id: Int!
}
type Customers {
  address_line_1: String
  address_line_2: String
  complaints: [Complaints]
  customer_id: Int!
  customer_type_code: String!
  email_address: String
  phone_number: String
  state: String
  town_city: String
}
type Products {
  complaints: [Complaints]
  date_product_discontinued: DateTime
  date_product_first_available: DateTime
  parent_product_id: Int
  product_category_code: String!
  product_description: String
  product_id: Int!
  product_name: String
  product_price: Float
}
type Staff {
  complaints: [Complaints]
  email_address: String
  first_name: String
  gender: String
  last_name: String
  phone_number: String
  staff_id: Int!
}
type Query {
  complaints(staff_id: Int!): [Complaints]
  complaintsList: [Complaints]
  complaintsPaginatedList(first: Int, after: Int): [Complaints]
  complaintsUsingComplaints_customer_id_fkey(customer_id: Int!): [Complaints]
  complaintsUsingComplaints_product_id_fkey(product_id: Int!): [Complaints]
  customers(customer_id: Int!): Customers
  customersList: [Customers]
  customersPaginatedList(first: Int, after: Int): [Customers]
  customersUsingComplaints_customer_id_fkey(customer_id: Int!): Customers
  products(product_id: Int!): Products
  productsList: [Products]
  productsPaginatedList(first: Int, after: Int): [Products]
  productsUsingComplaints_product_id_fkey(product_id: Int!): Products
  staff(staff_id: Int!): Staff
  staffList: [Staff]
  staffPaginatedList(first: Int, after: Int): [Staff]
  staffUsingComplaints_staff_id_fkey(staff_id: Int!): Staff
}","query  {
  complaintsList {
    complaint_id
    date_complaint_raised
    date_complaint_closed
  }
}","query {
  complaintsList {
    complaint_id
    date_complaint_raised
    date_complaint_closed
  }
}",Equal,N/A
"scalar Date
scalar DateTime
type Complaints {
  complaint_id: Int!
  complaint_outcome_code: String!
  complaint_status_code: String!
  complaint_type_code: String!
  customer_id: Int!
  customers: Customers
  date_complaint_closed: DateTime
  date_complaint_raised: DateTime
  product_id: Int!
  products: Products
  staff: Staff
  staff_id: Int!
}
type Customers {
  address_line_1: String
  address_line_2: String
  complaints: [Complaints]
  customer_id: Int!
  customer_type_code: String!
  email_address: String
  phone_number: String
  state: String
  town_city: String
}
type Products {
  complaints: [Complaints]
  date_product_discontinued: DateTime
  date_product_first_available: DateTime
  parent_product_id: Int
  product_category_code: String!
  product_description: String
  product_id: Int!
  product_name: String
  product_price: Float
}
type Staff {
  complaints: [Complaints]
  email_address: String
  first_name: String
  gender: String
  last_name: String
  phone_number: String
  staff_id: Int!
}
type Query {
  complaints(staff_id: Int!): [Complaints]
  complaintsList: [Complaints]
  complaintsPaginatedList(first: Int, after: Int): [Complaints]
  complaintsUsingComplaints_customer_id_fkey(customer_id: Int!): [Complaints]
  complaintsUsingComplaints_product_id_fkey(product_id: Int!): [Complaints]
  customers(customer_id: Int!): Customers
  customersList: [Customers]
  customersPaginatedList(first: Int, after: Int): [Customers]
  customersUsingComplaints_customer_id_fkey(customer_id: Int!): Customers
  products(product_id: Int!): Products
  productsList: [Products]
  productsPaginatedList(first: Int, after: Int): [Products]
  productsUsingComplaints_product_id_fkey(product_id: Int!): Products
  staff(staff_id: Int!): Staff
  staffList: [Staff]
  staffPaginatedList(first: Int, after: Int): [Staff]
  staffUsingComplaints_staff_id_fkey(staff_id: Int!): Staff
}","query  {
  complaintsList {
    complaint_id
    date_complaint_raised
    date_complaint_closed
  }
}","query {
  complaintsList {
    complaint_id
    date_complaint_raised
    date_complaint_closed
  }
}",Equal,N/A
"scalar Date
scalar DateTime
type Complaints {
  complaint_id: Int!
  complaint_outcome_code: String!
  complaint_status_code: String!
  complaint_type_code: String!
  customer_id: Int!
  customers: Customers
  date_complaint_closed: DateTime
  date_complaint_raised: DateTime
  product_id: Int!
  products: Products
  staff: Staff
  staff_id: Int!
}
type Customers {
  address_line_1: String
  address_line_2: String
  complaints: [Complaints]
  customer_id: Int!
  customer_type_code: String!
  email_address: String
  phone_number: String
  state: String
  town_city: String
}
type Products {
  complaints: [Complaints]
  date_product_discontinued: DateTime
  date_product_first_available: DateTime
  parent_product_id: Int
  product_category_code: String!
  product_description: String
  product_id: Int!
  product_name: String
  product_price: Float
}
type Staff {
  complaints: [Complaints]
  email_address: String
  first_name: String
  gender: String
  last_name: String
  phone_number: String
  staff_id: Int!
}
type Query {
  complaints(staff_id: Int!): [Complaints]
  complaintsList: [Complaints]
  complaintsPaginatedList(first: Int, after: Int): [Complaints]
  complaintsUsingComplaints_customer_id_fkey(customer_id: Int!): [Complaints]
  complaintsUsingComplaints_product_id_fkey(product_id: Int!): [Complaints]
  customers(customer_id: Int!): Customers
  customersList: [Customers]
  customersPaginatedList(first: Int, after: Int): [Customers]
  customersUsingComplaints_customer_id_fkey(customer_id: Int!): Customers
  products(product_id: Int!): Products
  productsList: [Products]
  productsPaginatedList(first: Int, after: Int): [Products]
  productsUsingComplaints_product_id_fkey(product_id: Int!): Products
  staff(staff_id: Int!): Staff
  staffList: [Staff]
  staffPaginatedList(first: Int, after: Int): [Staff]
  staffUsingComplaints_staff_id_fkey(staff_id: Int!): Staff
}","query  {
  complaintsList {
    complaint_id
    date_complaint_raised
    date_complaint_closed
  }
}","query {
  complaintsList {
    complaint_id
    date_complaint_raised
    date_complaint_closed
  }
}",Equal,N/A
"scalar Date
scalar DateTime
type Complaints {
  complaint_id: Int!
  complaint_outcome_code: String!
  complaint_status_code: String!
  complaint_type_code: String!
  customer_id: Int!
  customers: Customers
  date_complaint_closed: DateTime
  date_complaint_raised: DateTime
  product_id: Int!
  products: Products
  staff: Staff
  staff_id: Int!
}
type Customers {
  address_line_1: String
  address_line_2: String
  complaints: [Complaints]
  customer_id: Int!
  customer_type_code: String!
  email_address: String
  phone_number: String
  state: String
  town_city: String
}
type Products {
  complaints: [Complaints]
  date_product_discontinued: DateTime
  date_product_first_available: DateTime
  parent_product_id: Int
  product_category_code: String!
  product_description: String
  product_id: Int!
  product_name: String
  product_price: Float
}
type Staff {
  complaints: [Complaints]
  email_address: String
  first_name: String
  gender: String
  last_name: String
  phone_number: String
  staff_id: Int!
}
type Query {
  complaints(staff_id: Int!): [Complaints]
  complaintsList: [Complaints]
  complaintsPaginatedList(first: Int, after: Int): [Complaints]
  complaintsUsingComplaints_customer_id_fkey(customer_id: Int!): [Complaints]
  complaintsUsingComplaints_product_id_fkey(product_id: Int!): [Complaints]
  customers(customer_id: Int!): Customers
  customersList: [Customers]
  customersPaginatedList(first: Int, after: Int): [Customers]
  customersUsingComplaints_customer_id_fkey(customer_id: Int!): Customers
  products(product_id: Int!): Products
  productsList: [Products]
  productsPaginatedList(first: Int, after: Int): [Products]
  productsUsingComplaints_product_id_fkey(product_id: Int!): Products
  staff(staff_id: Int!): Staff
  staffList: [Staff]
  staffPaginatedList(first: Int, after: Int): [Staff]
  staffUsingComplaints_staff_id_fkey(staff_id: Int!): Staff
}","query  {
  complaintsList {
    complaint_id
    date_complaint_raised
    date_complaint_closed
  }
}","query {
  complaintsList {
    complaint_id
    date_complaint_raised
    date_complaint_closed
  }
}",Equal,N/A
"scalar Date
scalar DateTime
type Complaints {
  complaint_id: Int!
  complaint_outcome_code: String!
  complaint_status_code: String!
  complaint_type_code: String!
  customer_id: Int!
  customers: Customers
  date_complaint_closed: DateTime
  date_complaint_raised: DateTime
  product_id: Int!
  products: Products
  staff: Staff
  staff_id: Int!
}
type Customers {
  address_line_1: String
  address_line_2: String
  complaints: [Complaints]
  customer_id: Int!
  customer_type_code: String!
  email_address: String
  phone_number: String
  state: String
  town_city: String
}
type Products {
  complaints: [Complaints]
  date_product_discontinued: DateTime
  date_product_first_available: DateTime
  parent_product_id: Int
  product_category_code: String!
  product_description: String
  product_id: Int!
  product_name: String
  product_price: Float
}
type Staff {
  complaints: [Complaints]
  email_address: String
  first_name: String
  gender: String
  last_name: String
  phone_number: String
  staff_id: Int!
}
type Query {
  complaints(staff_id: Int!): [Complaints]
  complaintsList: [Complaints]
  complaintsPaginatedList(first: Int, after: Int): [Complaints]
  complaintsUsingComplaints_customer_id_fkey(customer_id: Int!): [Complaints]
  complaintsUsingComplaints_product_id_fkey(product_id: Int!): [Complaints]
  customers(customer_id: Int!): Customers
  customersList: [Customers]
  customersPaginatedList(first: Int, after: Int): [Customers]
  customersUsingComplaints_customer_id_fkey(customer_id: Int!): Customers
  products(product_id: Int!): Products
  productsList: [Products]
  productsPaginatedList(first: Int, after: Int): [Products]
  productsUsingComplaints_product_id_fkey(product_id: Int!): Products
  staff(staff_id: Int!): Staff
  staffList: [Staff]
  staffPaginatedList(first: Int, after: Int): [Staff]
  staffUsingComplaints_staff_id_fkey(staff_id: Int!): Staff
}","query  {
  complaintsList {
    complaint_id
    date_complaint_raised
    date_complaint_closed
    customers {
      email_address
    }
  }
}","query {
  complaintsList {
    complaint_id
    date_complaint_raised
    date_complaint_closed
    customers {
      email_address
    }
  }
}",Equal,N/A
"scalar Date
scalar DateTime
type Complaints {
  complaint_id: Int!
  complaint_outcome_code: String!
  complaint_status_code: String!
  complaint_type_code: String!
  customer_id: Int!
  customers: Customers
  date_complaint_closed: DateTime
  date_complaint_raised: DateTime
  product_id: Int!
  products: Products
  staff: Staff
  staff_id: Int!
}
type Customers {
  address_line_1: String
  address_line_2: String
  complaints: [Complaints]
  customer_id: Int!
  customer_type_code: String!
  email_address: String
  phone_number: String
  state: String
  town_city: String
}
type Products {
  complaints: [Complaints]
  date_product_discontinued: DateTime
  date_product_first_available: DateTime
  parent_product_id: Int
  product_category_code: String!
  product_description: String
  product_id: Int!
  product_name: String
  product_price: Float
}
type Staff {
  complaints: [Complaints]
  email_address: String
  first_name: String
  gender: String
  last_name: String
  phone_number: String
  staff_id: Int!
}
type Query {
  complaints(staff_id: Int!): [Complaints]
  complaintsList: [Complaints]
  complaintsPaginatedList(first: Int, after: Int): [Complaints]
  complaintsUsingComplaints_customer_id_fkey(customer_id: Int!): [Complaints]
  complaintsUsingComplaints_product_id_fkey(product_id: Int!): [Complaints]
  customers(customer_id: Int!): Customers
  customersList: [Customers]
  customersPaginatedList(first: Int, after: Int): [Customers]
  customersUsingComplaints_customer_id_fkey(customer_id: Int!): Customers
  products(product_id: Int!): Products
  productsList: [Products]
  productsPaginatedList(first: Int, after: Int): [Products]
  productsUsingComplaints_product_id_fkey(product_id: Int!): Products
  staff(staff_id: Int!): Staff
  staffList: [Staff]
  staffPaginatedList(first: Int, after: Int): [Staff]
  staffUsingComplaints_staff_id_fkey(staff_id: Int!): Staff
}","query  {
  complaintsList {
    complaint_id
    date_complaint_raised
    date_complaint_closed
    customers {
      email_address
    }
  }
}","query {
  complaintsList {
    complaint_id
    date_complaint_raised
    date_complaint_closed
    customers {
      email_address
    }
  }
}",Equal,N/A
"scalar Date
scalar DateTime
type Complaints {
  complaint_id: Int!
  complaint_outcome_code: String!
  complaint_status_code: String!
  complaint_type_code: String!
  customer_id: Int!
  customers: Customers
  date_complaint_closed: DateTime
  date_complaint_raised: DateTime
  product_id: Int!
  products: Products
  staff: Staff
  staff_id: Int!
}
type Customers {
  address_line_1: String
  address_line_2: String
  complaints: [Complaints]
  customer_id: Int!
  customer_type_code: String!
  email_address: String
  phone_number: String
  state: String
  town_city: String
}
type Products {
  complaints: [Complaints]
  date_product_discontinued: DateTime
  date_product_first_available: DateTime
  parent_product_id: Int
  product_category_code: String!
  product_description: String
  product_id: Int!
  product_name: String
  product_price: Float
}
type Staff {
  complaints: [Complaints]
  email_address: String
  first_name: String
  gender: String
  last_name: String
  phone_number: String
  staff_id: Int!
}
type Query {
  complaints(staff_id: Int!): [Complaints]
  complaintsList: [Complaints]
  complaintsPaginatedList(first: Int, after: Int): [Complaints]
  complaintsUsingComplaints_customer_id_fkey(customer_id: Int!): [Complaints]
  complaintsUsingComplaints_product_id_fkey(product_id: Int!): [Complaints]
  customers(customer_id: Int!): Customers
  customersList: [Customers]
  customersPaginatedList(first: Int, after: Int): [Customers]
  customersUsingComplaints_customer_id_fkey(customer_id: Int!): Customers
  products(product_id: Int!): Products
  productsList: [Products]
  productsPaginatedList(first: Int, after: Int): [Products]
  productsUsingComplaints_product_id_fkey(product_id: Int!): Products
  staff(staff_id: Int!): Staff
  staffList: [Staff]
  staffPaginatedList(first: Int, after: Int): [Staff]
  staffUsingComplaints_staff_id_fkey(staff_id: Int!): Staff
}","query  {
  complaintsList {
    complaint_id
    date_complaint_raised
    date_complaint_closed
    customers {
      email_address
    }
  }
}","query {
  complaintsList {
    complaint_id
    date_complaint_raised
    date_complaint_closed
    customers {
      email_address
    }
  }
}",Equal,N/A
"scalar Date
scalar DateTime
type Complaints {
  complaint_id: Int!
  complaint_outcome_code: String!
  complaint_status_code: String!
  complaint_type_code: String!
  customer_id: Int!
  customers: Customers
  date_complaint_closed: DateTime
  date_complaint_raised: DateTime
  product_id: Int!
  products: Products
  staff: Staff
  staff_id: Int!
}
type Customers {
  address_line_1: String
  address_line_2: String
  complaints: [Complaints]
  customer_id: Int!
  customer_type_code: String!
  email_address: String
  phone_number: String
  state: String
  town_city: String
}
type Products {
  complaints: [Complaints]
  date_product_discontinued: DateTime
  date_product_first_available: DateTime
  parent_product_id: Int
  product_category_code: String!
  product_description: String
  product_id: Int!
  product_name: String
  product_price: Float
}
type Staff {
  complaints: [Complaints]
  email_address: String
  first_name: String
  gender: String
  last_name: String
  phone_number: String
  staff_id: Int!
}
type Query {
  complaints(staff_id: Int!): [Complaints]
  complaintsList: [Complaints]
  complaintsPaginatedList(first: Int, after: Int): [Complaints]
  complaintsUsingComplaints_customer_id_fkey(customer_id: Int!): [Complaints]
  complaintsUsingComplaints_product_id_fkey(product_id: Int!): [Complaints]
  customers(customer_id: Int!): Customers
  customersList: [Customers]
  customersPaginatedList(first: Int, after: Int): [Customers]
  customersUsingComplaints_customer_id_fkey(customer_id: Int!): Customers
  products(product_id: Int!): Products
  productsList: [Products]
  productsPaginatedList(first: Int, after: Int): [Products]
  productsUsingComplaints_product_id_fkey(product_id: Int!): Products
  staff(staff_id: Int!): Staff
  staffList: [Staff]
  staffPaginatedList(first: Int, after: Int): [Staff]
  staffUsingComplaints_staff_id_fkey(staff_id: Int!): Staff
}","query  {
  complaintsList {
    complaint_id
    date_complaint_raised
    date_complaint_closed
    customers {
      email_address
    }
  }
}","query {
  complaintsList {
    complaint_id
    date_complaint_raised
    date_complaint_closed
    customers {
      email_address
    }
  }
}",Equal,N/A
"scalar Date
scalar DateTime
type Complaints {
  complaint_id: Int!
  complaint_outcome_code: String!
  complaint_status_code: String!
  complaint_type_code: String!
  customer_id: Int!
  customers: Customers
  date_complaint_closed: DateTime
  date_complaint_raised: DateTime
  product_id: Int!
  products: Products
  staff: Staff
  staff_id: Int!
}
type Customers {
  address_line_1: String
  address_line_2: String
  complaints: [Complaints]
  customer_id: Int!
  customer_type_code: String!
  email_address: String
  phone_number: String
  state: String
  town_city: String
}
type Products {
  complaints: [Complaints]
  date_product_discontinued: DateTime
  date_product_first_available: DateTime
  parent_product_id: Int
  product_category_code: String!
  product_description: String
  product_id: Int!
  product_name: String
  product_price: Float
}
type Staff {
  complaints: [Complaints]
  email_address: String
  first_name: String
  gender: String
  last_name: String
  phone_number: String
  staff_id: Int!
}
type Query {
  complaints(staff_id: Int!): [Complaints]
  complaintsList: [Complaints]
  complaintsPaginatedList(first: Int, after: Int): [Complaints]
  complaintsUsingComplaints_customer_id_fkey(customer_id: Int!): [Complaints]
  complaintsUsingComplaints_product_id_fkey(product_id: Int!): [Complaints]
  customers(customer_id: Int!): Customers
  customersList: [Customers]
  customersPaginatedList(first: Int, after: Int): [Customers]
  customersUsingComplaints_customer_id_fkey(customer_id: Int!): Customers
  products(product_id: Int!): Products
  productsList: [Products]
  productsPaginatedList(first: Int, after: Int): [Products]
  productsUsingComplaints_product_id_fkey(product_id: Int!): Products
  staff(staff_id: Int!): Staff
  staffList: [Staff]
  staffPaginatedList(first: Int, after: Int): [Staff]
  staffUsingComplaints_staff_id_fkey(staff_id: Int!): Staff
}","query  {
  complaintsList {
    complaint_id
    date_complaint_raised
    date_complaint_closed
    customers {
      email_address
    }
  }
}","query {
  complaintsList {
    complaint_id
    date_complaint_raised
    date_complaint_closed
    customers {
      email_address
    }
  }
}",Equal,N/A
"scalar Date
scalar DateTime
type Complaints {
  complaint_id: Int!
  complaint_outcome_code: String!
  complaint_status_code: String!
  complaint_type_code: String!
  customer_id: Int!
  customers: Customers
  date_complaint_closed: DateTime
  date_complaint_raised: DateTime
  product_id: Int!
  products: Products
  staff: Staff
  staff_id: Int!
}
type Customers {
  address_line_1: String
  address_line_2: String
  complaints: [Complaints]
  customer_id: Int!
  customer_type_code: String!
  email_address: String
  phone_number: String
  state: String
  town_city: String
}
type Products {
  complaints: [Complaints]
  date_product_discontinued: DateTime
  date_product_first_available: DateTime
  parent_product_id: Int
  product_category_code: String!
  product_description: String
  product_id: Int!
  product_name: String
  product_price: Float
}
type Staff {
  complaints: [Complaints]
  email_address: String
  first_name: String
  gender: String
  last_name: String
  phone_number: String
  staff_id: Int!
}
type Query {
  complaints(staff_id: Int!): [Complaints]
  complaintsList: [Complaints]
  complaintsPaginatedList(first: Int, after: Int): [Complaints]
  complaintsUsingComplaints_customer_id_fkey(customer_id: Int!): [Complaints]
  complaintsUsingComplaints_product_id_fkey(product_id: Int!): [Complaints]
  customers(customer_id: Int!): Customers
  customersList: [Customers]
  customersPaginatedList(first: Int, after: Int): [Customers]
  customersUsingComplaints_customer_id_fkey(customer_id: Int!): Customers
  products(product_id: Int!): Products
  productsList: [Products]
  productsPaginatedList(first: Int, after: Int): [Products]
  productsUsingComplaints_product_id_fkey(product_id: Int!): Products
  staff(staff_id: Int!): Staff
  staffList: [Staff]
  staffPaginatedList(first: Int, after: Int): [Staff]
  staffUsingComplaints_staff_id_fkey(staff_id: Int!): Staff
}","query  {
  complaintsList {
    complaint_id
    date_complaint_raised
    date_complaint_closed
    customers {
      email_address
    }
  }
}","query {
  complaintsList {
    complaint_id
    date_complaint_raised
    date_complaint_closed
    customers {
      email_address
    }
  }
}",Equal,N/A
"scalar Date
scalar DateTime
type Complaints {
  complaint_id: Int!
  complaint_outcome_code: String!
  complaint_status_code: String!
  complaint_type_code: String!
  customer_id: Int!
  customers: Customers
  date_complaint_closed: DateTime
  date_complaint_raised: DateTime
  product_id: Int!
  products: Products
  staff: Staff
  staff_id: Int!
}
type Customers {
  address_line_1: String
  address_line_2: String
  complaints: [Complaints]
  customer_id: Int!
  customer_type_code: String!
  email_address: String
  phone_number: String
  state: String
  town_city: String
}
type Products {
  complaints: [Complaints]
  date_product_discontinued: DateTime
  date_product_first_available: DateTime
  parent_product_id: Int
  product_category_code: String!
  product_description: String
  product_id: Int!
  product_name: String
  product_price: Float
}
type Staff {
  complaints: [Complaints]
  email_address: String
  first_name: String
  gender: String
  last_name: String
  phone_number: String
  staff_id: Int!
}
type Query {
  complaints(staff_id: Int!): [Complaints]
  complaintsList: [Complaints]
  complaintsPaginatedList(first: Int, after: Int): [Complaints]
  complaintsUsingComplaints_customer_id_fkey(customer_id: Int!): [Complaints]
  complaintsUsingComplaints_product_id_fkey(product_id: Int!): [Complaints]
  customers(customer_id: Int!): Customers
  customersList: [Customers]
  customersPaginatedList(first: Int, after: Int): [Customers]
  customersUsingComplaints_customer_id_fkey(customer_id: Int!): Customers
  products(product_id: Int!): Products
  productsList: [Products]
  productsPaginatedList(first: Int, after: Int): [Products]
  productsUsingComplaints_product_id_fkey(product_id: Int!): Products
  staff(staff_id: Int!): Staff
  staffList: [Staff]
  staffPaginatedList(first: Int, after: Int): [Staff]
  staffUsingComplaints_staff_id_fkey(staff_id: Int!): Staff
}","query  {
  complaintsList {
    complaint_id
    date_complaint_raised
    date_complaint_closed
    customers {
      email_address
    }
  }
}","query {
  complaintsList {
    complaint_id
    date_complaint_raised
    date_complaint_closed
    customers {
      email_address
    }
  }
}",Equal,N/A
"scalar Date
scalar DateTime
type Complaints {
  complaint_id: Int!
  complaint_outcome_code: String!
  complaint_status_code: String!
  complaint_type_code: String!
  customer_id: Int!
  customers: Customers
  date_complaint_closed: DateTime
  date_complaint_raised: DateTime
  product_id: Int!
  products: Products
  staff: Staff
  staff_id: Int!
}
type Customers {
  address_line_1: String
  address_line_2: String
  complaints: [Complaints]
  customer_id: Int!
  customer_type_code: String!
  email_address: String
  phone_number: String
  state: String
  town_city: String
}
type Products {
  complaints: [Complaints]
  date_product_discontinued: DateTime
  date_product_first_available: DateTime
  parent_product_id: Int
  product_category_code: String!
  product_description: String
  product_id: Int!
  product_name: String
  product_price: Float
}
type Staff {
  complaints: [Complaints]
  email_address: String
  first_name: String
  gender: String
  last_name: String
  phone_number: String
  staff_id: Int!
}
type Query {
  complaints(staff_id: Int!): [Complaints]
  complaintsList: [Complaints]
  complaintsPaginatedList(first: Int, after: Int): [Complaints]
  complaintsUsingComplaints_customer_id_fkey(customer_id: Int!): [Complaints]
  complaintsUsingComplaints_product_id_fkey(product_id: Int!): [Complaints]
  customers(customer_id: Int!): Customers
  customersList: [Customers]
  customersPaginatedList(first: Int, after: Int): [Customers]
  customersUsingComplaints_customer_id_fkey(customer_id: Int!): Customers
  products(product_id: Int!): Products
  productsList: [Products]
  productsPaginatedList(first: Int, after: Int): [Products]
  productsUsingComplaints_product_id_fkey(product_id: Int!): Products
  staff(staff_id: Int!): Staff
  staffList: [Staff]
  staffPaginatedList(first: Int, after: Int): [Staff]
  staffUsingComplaints_staff_id_fkey(staff_id: Int!): Staff
}","query  {
  complaintsList {
    complaint_id
    date_complaint_raised
    date_complaint_closed
    customers {
      email_address
    }
  }
}","query {
  complaintsList {
    complaint_id
    date_complaint_raised
    date_complaint_closed
    customers {
      email_address
    }
  }
}",Equal,N/A
"scalar Date
scalar DateTime
type Complaints {
  complaint_id: Int!
  complaint_outcome_code: String!
  complaint_status_code: String!
  complaint_type_code: String!
  customer_id: Int!
  customers: Customers
  date_complaint_closed: DateTime
  date_complaint_raised: DateTime
  product_id: Int!
  products: Products
  staff: Staff
  staff_id: Int!
}
type Customers {
  address_line_1: String
  address_line_2: String
  complaints: [Complaints]
  customer_id: Int!
  customer_type_code: String!
  email_address: String
  phone_number: String
  state: String
  town_city: String
}
type Products {
  complaints: [Complaints]
  date_product_discontinued: DateTime
  date_product_first_available: DateTime
  parent_product_id: Int
  product_category_code: String!
  product_description: String
  product_id: Int!
  product_name: String
  product_price: Float
}
type Staff {
  complaints: [Complaints]
  email_address: String
  first_name: String
  gender: String
  last_name: String
  phone_number: String
  staff_id: Int!
}
type Query {
  complaints(staff_id: Int!): [Complaints]
  complaintsList: [Complaints]
  complaintsPaginatedList(first: Int, after: Int): [Complaints]
  complaintsUsingComplaints_customer_id_fkey(customer_id: Int!): [Complaints]
  complaintsUsingComplaints_product_id_fkey(product_id: Int!): [Complaints]
  customers(customer_id: Int!): Customers
  customersList: [Customers]
  customersPaginatedList(first: Int, after: Int): [Customers]
  customersUsingComplaints_customer_id_fkey(customer_id: Int!): Customers
  products(product_id: Int!): Products
  productsList: [Products]
  productsPaginatedList(first: Int, after: Int): [Products]
  productsUsingComplaints_product_id_fkey(product_id: Int!): Products
  staff(staff_id: Int!): Staff
  staffList: [Staff]
  staffPaginatedList(first: Int, after: Int): [Staff]
  staffUsingComplaints_staff_id_fkey(staff_id: Int!): Staff
}","query  {
  complaintsList {
    complaint_id
    date_complaint_raised
    date_complaint_closed
    customers {
      email_address
      phone_number
    }
  }
}","query {
  complaintsList {
    complaint_id
    date_complaint_raised
    date_complaint_closed
    customers {
      email_address
      phone_number
    }
  }
}",Equal,N/A
"scalar Date
scalar DateTime
type Complaints {
  complaint_id: Int!
  complaint_outcome_code: String!
  complaint_status_code: String!
  complaint_type_code: String!
  customer_id: Int!
  customers: Customers
  date_complaint_closed: DateTime
  date_complaint_raised: DateTime
  product_id: Int!
  products: Products
  staff: Staff
  staff_id: Int!
}
type Customers {
  address_line_1: String
  address_line_2: String
  complaints: [Complaints]
  customer_id: Int!
  customer_type_code: String!
  email_address: String
  phone_number: String
  state: String
  town_city: String
}
type Products {
  complaints: [Complaints]
  date_product_discontinued: DateTime
  date_product_first_available: DateTime
  parent_product_id: Int
  product_category_code: String!
  product_description: String
  product_id: Int!
  product_name: String
  product_price: Float
}
type Staff {
  complaints: [Complaints]
  email_address: String
  first_name: String
  gender: String
  last_name: String
  phone_number: String
  staff_id: Int!
}
type Query {
  complaints(staff_id: Int!): [Complaints]
  complaintsList: [Complaints]
  complaintsPaginatedList(first: Int, after: Int): [Complaints]
  complaintsUsingComplaints_customer_id_fkey(customer_id: Int!): [Complaints]
  complaintsUsingComplaints_product_id_fkey(product_id: Int!): [Complaints]
  customers(customer_id: Int!): Customers
  customersList: [Customers]
  customersPaginatedList(first: Int, after: Int): [Customers]
  customersUsingComplaints_customer_id_fkey(customer_id: Int!): Customers
  products(product_id: Int!): Products
  productsList: [Products]
  productsPaginatedList(first: Int, after: Int): [Products]
  productsUsingComplaints_product_id_fkey(product_id: Int!): Products
  staff(staff_id: Int!): Staff
  staffList: [Staff]
  staffPaginatedList(first: Int, after: Int): [Staff]
  staffUsingComplaints_staff_id_fkey(staff_id: Int!): Staff
}","query  {
  complaintsList {
    complaint_id
    date_complaint_raised
    date_complaint_closed
    customers {
      email_address
      phone_number
    }
  }
}","query {
  complaintsList {
    complaint_id
    date_complaint_raised
    date_complaint_closed
    customers {
      email_address
      phone_number
    }
  }
}",Equal,N/A
"scalar Date
scalar DateTime
type Complaints {
  complaint_id: Int!
  complaint_outcome_code: String!
  complaint_status_code: String!
  complaint_type_code: String!
  customer_id: Int!
  customers: Customers
  date_complaint_closed: DateTime
  date_complaint_raised: DateTime
  product_id: Int!
  products: Products
  staff: Staff
  staff_id: Int!
}
type Customers {
  address_line_1: String
  address_line_2: String
  complaints: [Complaints]
  customer_id: Int!
  customer_type_code: String!
  email_address: String
  phone_number: String
  state: String
  town_city: String
}
type Products {
  complaints: [Complaints]
  date_product_discontinued: DateTime
  date_product_first_available: DateTime
  parent_product_id: Int
  product_category_code: String!
  product_description: String
  product_id: Int!
  product_name: String
  product_price: Float
}
type Staff {
  complaints: [Complaints]
  email_address: String
  first_name: String
  gender: String
  last_name: String
  phone_number: String
  staff_id: Int!
}
type Query {
  complaints(staff_id: Int!): [Complaints]
  complaintsList: [Complaints]
  complaintsPaginatedList(first: Int, after: Int): [Complaints]
  complaintsUsingComplaints_customer_id_fkey(customer_id: Int!): [Complaints]
  complaintsUsingComplaints_product_id_fkey(product_id: Int!): [Complaints]
  customers(customer_id: Int!): Customers
  customersList: [Customers]
  customersPaginatedList(first: Int, after: Int): [Customers]
  customersUsingComplaints_customer_id_fkey(customer_id: Int!): Customers
  products(product_id: Int!): Products
  productsList: [Products]
  productsPaginatedList(first: Int, after: Int): [Products]
  productsUsingComplaints_product_id_fkey(product_id: Int!): Products
  staff(staff_id: Int!): Staff
  staffList: [Staff]
  staffPaginatedList(first: Int, after: Int): [Staff]
  staffUsingComplaints_staff_id_fkey(staff_id: Int!): Staff
}","query  {
  complaintsList {
    complaint_id
    date_complaint_raised
    date_complaint_closed
    customers {
      email_address
      phone_number
    }
  }
}","query {
  complaintsList {
    complaint_id
    date_complaint_raised
    date_complaint_closed
    customers {
      email_address
      phone_number
    }
  }
}",Equal,N/A
"scalar Date
scalar DateTime
type Complaints {
  complaint_id: Int!
  complaint_outcome_code: String!
  complaint_status_code: String!
  complaint_type_code: String!
  customer_id: Int!
  customers: Customers
  date_complaint_closed: DateTime
  date_complaint_raised: DateTime
  product_id: Int!
  products: Products
  staff: Staff
  staff_id: Int!
}
type Customers {
  address_line_1: String
  address_line_2: String
  complaints: [Complaints]
  customer_id: Int!
  customer_type_code: String!
  email_address: String
  phone_number: String
  state: String
  town_city: String
}
type Products {
  complaints: [Complaints]
  date_product_discontinued: DateTime
  date_product_first_available: DateTime
  parent_product_id: Int
  product_category_code: String!
  product_description: String
  product_id: Int!
  product_name: String
  product_price: Float
}
type Staff {
  complaints: [Complaints]
  email_address: String
  first_name: String
  gender: String
  last_name: String
  phone_number: String
  staff_id: Int!
}
type Query {
  complaints(staff_id: Int!): [Complaints]
  complaintsList: [Complaints]
  complaintsPaginatedList(first: Int, after: Int): [Complaints]
  complaintsUsingComplaints_customer_id_fkey(customer_id: Int!): [Complaints]
  complaintsUsingComplaints_product_id_fkey(product_id: Int!): [Complaints]
  customers(customer_id: Int!): Customers
  customersList: [Customers]
  customersPaginatedList(first: Int, after: Int): [Customers]
  customersUsingComplaints_customer_id_fkey(customer_id: Int!): Customers
  products(product_id: Int!): Products
  productsList: [Products]
  productsPaginatedList(first: Int, after: Int): [Products]
  productsUsingComplaints_product_id_fkey(product_id: Int!): Products
  staff(staff_id: Int!): Staff
  staffList: [Staff]
  staffPaginatedList(first: Int, after: Int): [Staff]
  staffUsingComplaints_staff_id_fkey(staff_id: Int!): Staff
}","query  {
  complaintsList {
    complaint_id
    date_complaint_raised
    date_complaint_closed
    customers {
      email_address
      phone_number
    }
  }
}","query {
  complaintsList {
    complaint_id
    date_complaint_raised
    date_complaint_closed
    customers {
      email_address
      phone_number
    }
  }
}",Equal,N/A
"scalar Date
scalar DateTime
type Complaints {
  complaint_id: Int!
  complaint_outcome_code: String!
  complaint_status_code: String!
  complaint_type_code: String!
  customer_id: Int!
  customers: Customers
  date_complaint_closed: DateTime
  date_complaint_raised: DateTime
  product_id: Int!
  products: Products
  staff: Staff
  staff_id: Int!
}
type Customers {
  address_line_1: String
  address_line_2: String
  complaints: [Complaints]
  customer_id: Int!
  customer_type_code: String!
  email_address: String
  phone_number: String
  state: String
  town_city: String
}
type Products {
  complaints: [Complaints]
  date_product_discontinued: DateTime
  date_product_first_available: DateTime
  parent_product_id: Int
  product_category_code: String!
  product_description: String
  product_id: Int!
  product_name: String
  product_price: Float
}
type Staff {
  complaints: [Complaints]
  email_address: String
  first_name: String
  gender: String
  last_name: String
  phone_number: String
  staff_id: Int!
}
type Query {
  complaints(staff_id: Int!): [Complaints]
  complaintsList: [Complaints]
  complaintsPaginatedList(first: Int, after: Int): [Complaints]
  complaintsUsingComplaints_customer_id_fkey(customer_id: Int!): [Complaints]
  complaintsUsingComplaints_product_id_fkey(product_id: Int!): [Complaints]
  customers(customer_id: Int!): Customers
  customersList: [Customers]
  customersPaginatedList(first: Int, after: Int): [Customers]
  customersUsingComplaints_customer_id_fkey(customer_id: Int!): Customers
  products(product_id: Int!): Products
  productsList: [Products]
  productsPaginatedList(first: Int, after: Int): [Products]
  productsUsingComplaints_product_id_fkey(product_id: Int!): Products
  staff(staff_id: Int!): Staff
  staffList: [Staff]
  staffPaginatedList(first: Int, after: Int): [Staff]
  staffUsingComplaints_staff_id_fkey(staff_id: Int!): Staff
}","query  {
  complaintsList {
    complaint_id
    date_complaint_raised
    date_complaint_closed
    customers {
      email_address
      phone_number
    }
  }
}","query {
  complaintsList {
    complaint_id
    date_complaint_raised
    date_complaint_closed
    customers {
      email_address
      phone_number
    }
  }
}",Equal,N/A
"scalar Date
scalar DateTime
type Complaints {
  complaint_id: Int!
  complaint_outcome_code: String!
  complaint_status_code: String!
  complaint_type_code: String!
  customer_id: Int!
  customers: Customers
  date_complaint_closed: DateTime
  date_complaint_raised: DateTime
  product_id: Int!
  products: Products
  staff: Staff
  staff_id: Int!
}
type Customers {
  address_line_1: String
  address_line_2: String
  complaints: [Complaints]
  customer_id: Int!
  customer_type_code: String!
  email_address: String
  phone_number: String
  state: String
  town_city: String
}
type Products {
  complaints: [Complaints]
  date_product_discontinued: DateTime
  date_product_first_available: DateTime
  parent_product_id: Int
  product_category_code: String!
  product_description: String
  product_id: Int!
  product_name: String
  product_price: Float
}
type Staff {
  complaints: [Complaints]
  email_address: String
  first_name: String
  gender: String
  last_name: String
  phone_number: String
  staff_id: Int!
}
type Query {
  complaints(staff_id: Int!): [Complaints]
  complaintsList: [Complaints]
  complaintsPaginatedList(first: Int, after: Int): [Complaints]
  complaintsUsingComplaints_customer_id_fkey(customer_id: Int!): [Complaints]
  complaintsUsingComplaints_product_id_fkey(product_id: Int!): [Complaints]
  customers(customer_id: Int!): Customers
  customersList: [Customers]
  customersPaginatedList(first: Int, after: Int): [Customers]
  customersUsingComplaints_customer_id_fkey(customer_id: Int!): Customers
  products(product_id: Int!): Products
  productsList: [Products]
  productsPaginatedList(first: Int, after: Int): [Products]
  productsUsingComplaints_product_id_fkey(product_id: Int!): Products
  staff(staff_id: Int!): Staff
  staffList: [Staff]
  staffPaginatedList(first: Int, after: Int): [Staff]
  staffUsingComplaints_staff_id_fkey(staff_id: Int!): Staff
}","query  {
  complaintsList {
    complaint_id
    date_complaint_raised
    date_complaint_closed
    customers {
      email_address
      phone_number
    }
  }
}","query {
  complaintsList {
    complaint_id
    date_complaint_raised
    date_complaint_closed
    customers {
      email_address
      phone_number
    }
  }
}",Equal,N/A
"scalar Date
scalar DateTime
type Complaints {
  complaint_id: Int!
  complaint_outcome_code: String!
  complaint_status_code: String!
  complaint_type_code: String!
  customer_id: Int!
  customers: Customers
  date_complaint_closed: DateTime
  date_complaint_raised: DateTime
  product_id: Int!
  products: Products
  staff: Staff
  staff_id: Int!
}
type Customers {
  address_line_1: String
  address_line_2: String
  complaints: [Complaints]
  customer_id: Int!
  customer_type_code: String!
  email_address: String
  phone_number: String
  state: String
  town_city: String
}
type Products {
  complaints: [Complaints]
  date_product_discontinued: DateTime
  date_product_first_available: DateTime
  parent_product_id: Int
  product_category_code: String!
  product_description: String
  product_id: Int!
  product_name: String
  product_price: Float
}
type Staff {
  complaints: [Complaints]
  email_address: String
  first_name: String
  gender: String
  last_name: String
  phone_number: String
  staff_id: Int!
}
type Query {
  complaints(staff_id: Int!): [Complaints]
  complaintsList: [Complaints]
  complaintsPaginatedList(first: Int, after: Int): [Complaints]
  complaintsUsingComplaints_customer_id_fkey(customer_id: Int!): [Complaints]
  complaintsUsingComplaints_product_id_fkey(product_id: Int!): [Complaints]
  customers(customer_id: Int!): Customers
  customersList: [Customers]
  customersPaginatedList(first: Int, after: Int): [Customers]
  customersUsingComplaints_customer_id_fkey(customer_id: Int!): Customers
  products(product_id: Int!): Products
  productsList: [Products]
  productsPaginatedList(first: Int, after: Int): [Products]
  productsUsingComplaints_product_id_fkey(product_id: Int!): Products
  staff(staff_id: Int!): Staff
  staffList: [Staff]
  staffPaginatedList(first: Int, after: Int): [Staff]
  staffUsingComplaints_staff_id_fkey(staff_id: Int!): Staff
}","query  {
  complaintsList {
    complaint_id
    date_complaint_raised
    date_complaint_closed
    customers {
      email_address
      phone_number
    }
  }
}","query {
  complaintsList {
    complaint_id
    date_complaint_raised
    date_complaint_closed
    customers {
      email_address
      phone_number
    }
  }
}",Equal,N/A
"scalar Date
scalar DateTime
type Complaints {
  complaint_id: Int!
  complaint_outcome_code: String!
  complaint_status_code: String!
  complaint_type_code: String!
  customer_id: Int!
  customers: Customers
  date_complaint_closed: DateTime
  date_complaint_raised: DateTime
  product_id: Int!
  products: Products
  staff: Staff
  staff_id: Int!
}
type Customers {
  address_line_1: String
  address_line_2: String
  complaints: [Complaints]
  customer_id: Int!
  customer_type_code: String!
  email_address: String
  phone_number: String
  state: String
  town_city: String
}
type Products {
  complaints: [Complaints]
  date_product_discontinued: DateTime
  date_product_first_available: DateTime
  parent_product_id: Int
  product_category_code: String!
  product_description: String
  product_id: Int!
  product_name: String
  product_price: Float
}
type Staff {
  complaints: [Complaints]
  email_address: String
  first_name: String
  gender: String
  last_name: String
  phone_number: String
  staff_id: Int!
}
type Query {
  complaints(staff_id: Int!): [Complaints]
  complaintsList: [Complaints]
  complaintsPaginatedList(first: Int, after: Int): [Complaints]
  complaintsUsingComplaints_customer_id_fkey(customer_id: Int!): [Complaints]
  complaintsUsingComplaints_product_id_fkey(product_id: Int!): [Complaints]
  customers(customer_id: Int!): Customers
  customersList: [Customers]
  customersPaginatedList(first: Int, after: Int): [Customers]
  customersUsingComplaints_customer_id_fkey(customer_id: Int!): Customers
  products(product_id: Int!): Products
  productsList: [Products]
  productsPaginatedList(first: Int, after: Int): [Products]
  productsUsingComplaints_product_id_fkey(product_id: Int!): Products
  staff(staff_id: Int!): Staff
  staffList: [Staff]
  staffPaginatedList(first: Int, after: Int): [Staff]
  staffUsingComplaints_staff_id_fkey(staff_id: Int!): Staff
}","query  {
  complaintsList {
    complaint_id
    date_complaint_raised
    date_complaint_closed
    customers {
      email_address
      phone_number
    }
  }
}","query {
  complaintsList {
    complaint_id
    date_complaint_raised
    date_complaint_closed
    customers {
      email_address
      phone_number
    }
  }
}",Equal,N/A
"scalar Date
scalar DateTime
type Complaints {
  complaint_id: Int!
  complaint_outcome_code: String!
  complaint_status_code: String!
  complaint_type_code: String!
  customer_id: Int!
  customers: Customers
  date_complaint_closed: DateTime
  date_complaint_raised: DateTime
  product_id: Int!
  products: Products
  staff: Staff
  staff_id: Int!
}
type Customers {
  address_line_1: String
  address_line_2: String
  complaints: [Complaints]
  customer_id: Int!
  customer_type_code: String!
  email_address: String
  phone_number: String
  state: String
  town_city: String
}
type Products {
  complaints: [Complaints]
  date_product_discontinued: DateTime
  date_product_first_available: DateTime
  parent_product_id: Int
  product_category_code: String!
  product_description: String
  product_id: Int!
  product_name: String
  product_price: Float
}
type Staff {
  complaints: [Complaints]
  email_address: String
  first_name: String
  gender: String
  last_name: String
  phone_number: String
  staff_id: Int!
}
type Query {
  complaints(staff_id: Int!): [Complaints]
  complaintsList: [Complaints]
  complaintsPaginatedList(first: Int, after: Int): [Complaints]
  complaintsUsingComplaints_customer_id_fkey(customer_id: Int!): [Complaints]
  complaintsUsingComplaints_product_id_fkey(product_id: Int!): [Complaints]
  customers(customer_id: Int!): Customers
  customersList: [Customers]
  customersPaginatedList(first: Int, after: Int): [Customers]
  customersUsingComplaints_customer_id_fkey(customer_id: Int!): Customers
  products(product_id: Int!): Products
  productsList: [Products]
  productsPaginatedList(first: Int, after: Int): [Products]
  productsUsingComplaints_product_id_fkey(product_id: Int!): Products
  staff(staff_id: Int!): Staff
  staffList: [Staff]
  staffPaginatedList(first: Int, after: Int): [Staff]
  staffUsingComplaints_staff_id_fkey(staff_id: Int!): Staff
}","query  {
  complaintsList {
    complaint_id
    date_complaint_raised
    customers {
      town_city
    }
  }
}","query {
  complaintsList {
    complaint_id
    date_complaint_raised
    customers {
      town_city
    }
  }
}",Equal,N/A
"scalar Date
scalar DateTime
type Complaints {
  complaint_id: Int!
  complaint_outcome_code: String!
  complaint_status_code: String!
  complaint_type_code: String!
  customer_id: Int!
  customers: Customers
  date_complaint_closed: DateTime
  date_complaint_raised: DateTime
  product_id: Int!
  products: Products
  staff: Staff
  staff_id: Int!
}
type Customers {
  address_line_1: String
  address_line_2: String
  complaints: [Complaints]
  customer_id: Int!
  customer_type_code: String!
  email_address: String
  phone_number: String
  state: String
  town_city: String
}
type Products {
  complaints: [Complaints]
  date_product_discontinued: DateTime
  date_product_first_available: DateTime
  parent_product_id: Int
  product_category_code: String!
  product_description: String
  product_id: Int!
  product_name: String
  product_price: Float
}
type Staff {
  complaints: [Complaints]
  email_address: String
  first_name: String
  gender: String
  last_name: String
  phone_number: String
  staff_id: Int!
}
type Query {
  complaints(staff_id: Int!): [Complaints]
  complaintsList: [Complaints]
  complaintsPaginatedList(first: Int, after: Int): [Complaints]
  complaintsUsingComplaints_customer_id_fkey(customer_id: Int!): [Complaints]
  complaintsUsingComplaints_product_id_fkey(product_id: Int!): [Complaints]
  customers(customer_id: Int!): Customers
  customersList: [Customers]
  customersPaginatedList(first: Int, after: Int): [Customers]
  customersUsingComplaints_customer_id_fkey(customer_id: Int!): Customers
  products(product_id: Int!): Products
  productsList: [Products]
  productsPaginatedList(first: Int, after: Int): [Products]
  productsUsingComplaints_product_id_fkey(product_id: Int!): Products
  staff(staff_id: Int!): Staff
  staffList: [Staff]
  staffPaginatedList(first: Int, after: Int): [Staff]
  staffUsingComplaints_staff_id_fkey(staff_id: Int!): Staff
}","query  {
  complaintsList {
    complaint_id
    date_complaint_raised
    customers {
      town_city
    }
  }
}","query {
  complaintsList {
    complaint_id
    date_complaint_raised
    customers {
      town_city
    }
  }
}",Equal,N/A
"scalar Date
scalar DateTime
type Complaints {
  complaint_id: Int!
  complaint_outcome_code: String!
  complaint_status_code: String!
  complaint_type_code: String!
  customer_id: Int!
  customers: Customers
  date_complaint_closed: DateTime
  date_complaint_raised: DateTime
  product_id: Int!
  products: Products
  staff: Staff
  staff_id: Int!
}
type Customers {
  address_line_1: String
  address_line_2: String
  complaints: [Complaints]
  customer_id: Int!
  customer_type_code: String!
  email_address: String
  phone_number: String
  state: String
  town_city: String
}
type Products {
  complaints: [Complaints]
  date_product_discontinued: DateTime
  date_product_first_available: DateTime
  parent_product_id: Int
  product_category_code: String!
  product_description: String
  product_id: Int!
  product_name: String
  product_price: Float
}
type Staff {
  complaints: [Complaints]
  email_address: String
  first_name: String
  gender: String
  last_name: String
  phone_number: String
  staff_id: Int!
}
type Query {
  complaints(staff_id: Int!): [Complaints]
  complaintsList: [Complaints]
  complaintsPaginatedList(first: Int, after: Int): [Complaints]
  complaintsUsingComplaints_customer_id_fkey(customer_id: Int!): [Complaints]
  complaintsUsingComplaints_product_id_fkey(product_id: Int!): [Complaints]
  customers(customer_id: Int!): Customers
  customersList: [Customers]
  customersPaginatedList(first: Int, after: Int): [Customers]
  customersUsingComplaints_customer_id_fkey(customer_id: Int!): Customers
  products(product_id: Int!): Products
  productsList: [Products]
  productsPaginatedList(first: Int, after: Int): [Products]
  productsUsingComplaints_product_id_fkey(product_id: Int!): Products
  staff(staff_id: Int!): Staff
  staffList: [Staff]
  staffPaginatedList(first: Int, after: Int): [Staff]
  staffUsingComplaints_staff_id_fkey(staff_id: Int!): Staff
}","query  {
  complaintsList {
    complaint_id
    date_complaint_raised
    customers {
      town_city
    }
  }
}","query {
  complaintsList {
    complaint_id
    date_complaint_raised
    customers {
      town_city
    }
  }
}",Equal,N/A
"scalar Date
scalar DateTime
type Complaints {
  complaint_id: Int!
  complaint_outcome_code: String!
  complaint_status_code: String!
  complaint_type_code: String!
  customer_id: Int!
  customers: Customers
  date_complaint_closed: DateTime
  date_complaint_raised: DateTime
  product_id: Int!
  products: Products
  staff: Staff
  staff_id: Int!
}
type Customers {
  address_line_1: String
  address_line_2: String
  complaints: [Complaints]
  customer_id: Int!
  customer_type_code: String!
  email_address: String
  phone_number: String
  state: String
  town_city: String
}
type Products {
  complaints: [Complaints]
  date_product_discontinued: DateTime
  date_product_first_available: DateTime
  parent_product_id: Int
  product_category_code: String!
  product_description: String
  product_id: Int!
  product_name: String
  product_price: Float
}
type Staff {
  complaints: [Complaints]
  email_address: String
  first_name: String
  gender: String
  last_name: String
  phone_number: String
  staff_id: Int!
}
type Query {
  complaints(staff_id: Int!): [Complaints]
  complaintsList: [Complaints]
  complaintsPaginatedList(first: Int, after: Int): [Complaints]
  complaintsUsingComplaints_customer_id_fkey(customer_id: Int!): [Complaints]
  complaintsUsingComplaints_product_id_fkey(product_id: Int!): [Complaints]
  customers(customer_id: Int!): Customers
  customersList: [Customers]
  customersPaginatedList(first: Int, after: Int): [Customers]
  customersUsingComplaints_customer_id_fkey(customer_id: Int!): Customers
  products(product_id: Int!): Products
  productsList: [Products]
  productsPaginatedList(first: Int, after: Int): [Products]
  productsUsingComplaints_product_id_fkey(product_id: Int!): Products
  staff(staff_id: Int!): Staff
  staffList: [Staff]
  staffPaginatedList(first: Int, after: Int): [Staff]
  staffUsingComplaints_staff_id_fkey(staff_id: Int!): Staff
}","query  {
  complaintsList {
    complaint_id
    date_complaint_raised
    customers {
      town_city
    }
  }
}","query {
  complaintsList {
    complaint_id
    date_complaint_raised
    customers {
      town_city
    }
  }
}",Equal,N/A
"scalar Date
scalar DateTime
type Complaints {
  complaint_id: Int!
  complaint_outcome_code: String!
  complaint_status_code: String!
  complaint_type_code: String!
  customer_id: Int!
  customers: Customers
  date_complaint_closed: DateTime
  date_complaint_raised: DateTime
  product_id: Int!
  products: Products
  staff: Staff
  staff_id: Int!
}
type Customers {
  address_line_1: String
  address_line_2: String
  complaints: [Complaints]
  customer_id: Int!
  customer_type_code: String!
  email_address: String
  phone_number: String
  state: String
  town_city: String
}
type Products {
  complaints: [Complaints]
  date_product_discontinued: DateTime
  date_product_first_available: DateTime
  parent_product_id: Int
  product_category_code: String!
  product_description: String
  product_id: Int!
  product_name: String
  product_price: Float
}
type Staff {
  complaints: [Complaints]
  email_address: String
  first_name: String
  gender: String
  last_name: String
  phone_number: String
  staff_id: Int!
}
type Query {
  complaints(staff_id: Int!): [Complaints]
  complaintsList: [Complaints]
  complaintsPaginatedList(first: Int, after: Int): [Complaints]
  complaintsUsingComplaints_customer_id_fkey(customer_id: Int!): [Complaints]
  complaintsUsingComplaints_product_id_fkey(product_id: Int!): [Complaints]
  customers(customer_id: Int!): Customers
  customersList: [Customers]
  customersPaginatedList(first: Int, after: Int): [Customers]
  customersUsingComplaints_customer_id_fkey(customer_id: Int!): Customers
  products(product_id: Int!): Products
  productsList: [Products]
  productsPaginatedList(first: Int, after: Int): [Products]
  productsUsingComplaints_product_id_fkey(product_id: Int!): Products
  staff(staff_id: Int!): Staff
  staffList: [Staff]
  staffPaginatedList(first: Int, after: Int): [Staff]
  staffUsingComplaints_staff_id_fkey(staff_id: Int!): Staff
}","query  {
  complaintsList {
    complaint_id
    date_complaint_raised
    customers {
      town_city
    }
  }
}","query {
  complaintsList {
    complaint_id
    date_complaint_raised
    customers {
      town_city
    }
  }
}",Equal,N/A
"scalar Date
scalar DateTime
type Complaints {
  complaint_id: Int!
  complaint_outcome_code: String!
  complaint_status_code: String!
  complaint_type_code: String!
  customer_id: Int!
  customers: Customers
  date_complaint_closed: DateTime
  date_complaint_raised: DateTime
  product_id: Int!
  products: Products
  staff: Staff
  staff_id: Int!
}
type Customers {
  address_line_1: String
  address_line_2: String
  complaints: [Complaints]
  customer_id: Int!
  customer_type_code: String!
  email_address: String
  phone_number: String
  state: String
  town_city: String
}
type Products {
  complaints: [Complaints]
  date_product_discontinued: DateTime
  date_product_first_available: DateTime
  parent_product_id: Int
  product_category_code: String!
  product_description: String
  product_id: Int!
  product_name: String
  product_price: Float
}
type Staff {
  complaints: [Complaints]
  email_address: String
  first_name: String
  gender: String
  last_name: String
  phone_number: String
  staff_id: Int!
}
type Query {
  complaints(staff_id: Int!): [Complaints]
  complaintsList: [Complaints]
  complaintsPaginatedList(first: Int, after: Int): [Complaints]
  complaintsUsingComplaints_customer_id_fkey(customer_id: Int!): [Complaints]
  complaintsUsingComplaints_product_id_fkey(product_id: Int!): [Complaints]
  customers(customer_id: Int!): Customers
  customersList: [Customers]
  customersPaginatedList(first: Int, after: Int): [Customers]
  customersUsingComplaints_customer_id_fkey(customer_id: Int!): Customers
  products(product_id: Int!): Products
  productsList: [Products]
  productsPaginatedList(first: Int, after: Int): [Products]
  productsUsingComplaints_product_id_fkey(product_id: Int!): Products
  staff(staff_id: Int!): Staff
  staffList: [Staff]
  staffPaginatedList(first: Int, after: Int): [Staff]
  staffUsingComplaints_staff_id_fkey(staff_id: Int!): Staff
}","query  {
  complaintsList {
    complaint_id
    date_complaint_raised
    customers {
      town_city
    }
  }
}","query {
  complaintsList {
    complaint_id
    date_complaint_raised
    customers {
      town_city
    }
  }
}",Equal,N/A
"scalar Date
scalar DateTime
type Complaints {
  complaint_id: Int!
  complaint_outcome_code: String!
  complaint_status_code: String!
  complaint_type_code: String!
  customer_id: Int!
  customers: Customers
  date_complaint_closed: DateTime
  date_complaint_raised: DateTime
  product_id: Int!
  products: Products
  staff: Staff
  staff_id: Int!
}
type Customers {
  address_line_1: String
  address_line_2: String
  complaints: [Complaints]
  customer_id: Int!
  customer_type_code: String!
  email_address: String
  phone_number: String
  state: String
  town_city: String
}
type Products {
  complaints: [Complaints]
  date_product_discontinued: DateTime
  date_product_first_available: DateTime
  parent_product_id: Int
  product_category_code: String!
  product_description: String
  product_id: Int!
  product_name: String
  product_price: Float
}
type Staff {
  complaints: [Complaints]
  email_address: String
  first_name: String
  gender: String
  last_name: String
  phone_number: String
  staff_id: Int!
}
type Query {
  complaints(staff_id: Int!): [Complaints]
  complaintsList: [Complaints]
  complaintsPaginatedList(first: Int, after: Int): [Complaints]
  complaintsUsingComplaints_customer_id_fkey(customer_id: Int!): [Complaints]
  complaintsUsingComplaints_product_id_fkey(product_id: Int!): [Complaints]
  customers(customer_id: Int!): Customers
  customersList: [Customers]
  customersPaginatedList(first: Int, after: Int): [Customers]
  customersUsingComplaints_customer_id_fkey(customer_id: Int!): Customers
  products(product_id: Int!): Products
  productsList: [Products]
  productsPaginatedList(first: Int, after: Int): [Products]
  productsUsingComplaints_product_id_fkey(product_id: Int!): Products
  staff(staff_id: Int!): Staff
  staffList: [Staff]
  staffPaginatedList(first: Int, after: Int): [Staff]
  staffUsingComplaints_staff_id_fkey(staff_id: Int!): Staff
}","query  {
  complaintsList {
    complaint_id
    date_complaint_raised
    customers {
      town_city
    }
  }
}","query {
  complaintsList {
    complaint_id
    date_complaint_raised
    customers {
      town_city
    }
  }
}",Equal,N/A
"scalar Date
scalar DateTime
type Complaints {
  complaint_id: Int!
  complaint_outcome_code: String!
  complaint_status_code: String!
  complaint_type_code: String!
  customer_id: Int!
  customers: Customers
  date_complaint_closed: DateTime
  date_complaint_raised: DateTime
  product_id: Int!
  products: Products
  staff: Staff
  staff_id: Int!
}
type Customers {
  address_line_1: String
  address_line_2: String
  complaints: [Complaints]
  customer_id: Int!
  customer_type_code: String!
  email_address: String
  phone_number: String
  state: String
  town_city: String
}
type Products {
  complaints: [Complaints]
  date_product_discontinued: DateTime
  date_product_first_available: DateTime
  parent_product_id: Int
  product_category_code: String!
  product_description: String
  product_id: Int!
  product_name: String
  product_price: Float
}
type Staff {
  complaints: [Complaints]
  email_address: String
  first_name: String
  gender: String
  last_name: String
  phone_number: String
  staff_id: Int!
}
type Query {
  complaints(staff_id: Int!): [Complaints]
  complaintsList: [Complaints]
  complaintsPaginatedList(first: Int, after: Int): [Complaints]
  complaintsUsingComplaints_customer_id_fkey(customer_id: Int!): [Complaints]
  complaintsUsingComplaints_product_id_fkey(product_id: Int!): [Complaints]
  customers(customer_id: Int!): Customers
  customersList: [Customers]
  customersPaginatedList(first: Int, after: Int): [Customers]
  customersUsingComplaints_customer_id_fkey(customer_id: Int!): Customers
  products(product_id: Int!): Products
  productsList: [Products]
  productsPaginatedList(first: Int, after: Int): [Products]
  productsUsingComplaints_product_id_fkey(product_id: Int!): Products
  staff(staff_id: Int!): Staff
  staffList: [Staff]
  staffPaginatedList(first: Int, after: Int): [Staff]
  staffUsingComplaints_staff_id_fkey(staff_id: Int!): Staff
}","query  {
  complaintsList {
    complaint_id
    date_complaint_raised
    customers {
      town_city
    }
  }
}","query {
  complaintsList {
    complaint_id
    date_complaint_raised
    customers {
      town_city
    }
  }
}",Equal,N/A
"scalar Date
scalar DateTime
type Complaints {
  complaint_id: Int!
  complaint_outcome_code: String!
  complaint_status_code: String!
  complaint_type_code: String!
  customer_id: Int!
  customers: Customers
  date_complaint_closed: DateTime
  date_complaint_raised: DateTime
  product_id: Int!
  products: Products
  staff: Staff
  staff_id: Int!
}
type Customers {
  address_line_1: String
  address_line_2: String
  complaints: [Complaints]
  customer_id: Int!
  customer_type_code: String!
  email_address: String
  phone_number: String
  state: String
  town_city: String
}
type Products {
  complaints: [Complaints]
  date_product_discontinued: DateTime
  date_product_first_available: DateTime
  parent_product_id: Int
  product_category_code: String!
  product_description: String
  product_id: Int!
  product_name: String
  product_price: Float
}
type Staff {
  complaints: [Complaints]
  email_address: String
  first_name: String
  gender: String
  last_name: String
  phone_number: String
  staff_id: Int!
}
type Query {
  complaints(staff_id: Int!): [Complaints]
  complaintsList: [Complaints]
  complaintsPaginatedList(first: Int, after: Int): [Complaints]
  complaintsUsingComplaints_customer_id_fkey(customer_id: Int!): [Complaints]
  complaintsUsingComplaints_product_id_fkey(product_id: Int!): [Complaints]
  customers(customer_id: Int!): Customers
  customersList: [Customers]
  customersPaginatedList(first: Int, after: Int): [Customers]
  customersUsingComplaints_customer_id_fkey(customer_id: Int!): Customers
  products(product_id: Int!): Products
  productsList: [Products]
  productsPaginatedList(first: Int, after: Int): [Products]
  productsUsingComplaints_product_id_fkey(product_id: Int!): Products
  staff(staff_id: Int!): Staff
  staffList: [Staff]
  staffPaginatedList(first: Int, after: Int): [Staff]
  staffUsingComplaints_staff_id_fkey(staff_id: Int!): Staff
}","query  {
  complaintsList {
    complaint_id
    date_complaint_raised
    customers {
      town_city
    }
  }
}","query {
  complaintsList {
    complaint_id
    date_complaint_raised
    customers {
      town_city
    }
  }
}",Equal,N/A
"scalar Date
scalar DateTime
type Complaints {
  complaint_id: Int!
  complaint_outcome_code: String!
  complaint_status_code: String!
  complaint_type_code: String!
  customer_id: Int!
  customers: Customers
  date_complaint_closed: DateTime
  date_complaint_raised: DateTime
  product_id: Int!
  products: Products
  staff: Staff
  staff_id: Int!
}
type Customers {
  address_line_1: String
  address_line_2: String
  complaints: [Complaints]
  customer_id: Int!
  customer_type_code: String!
  email_address: String
  phone_number: String
  state: String
  town_city: String
}
type Products {
  complaints: [Complaints]
  date_product_discontinued: DateTime
  date_product_first_available: DateTime
  parent_product_id: Int
  product_category_code: String!
  product_description: String
  product_id: Int!
  product_name: String
  product_price: Float
}
type Staff {
  complaints: [Complaints]
  email_address: String
  first_name: String
  gender: String
  last_name: String
  phone_number: String
  staff_id: Int!
}
type Query {
  complaints(staff_id: Int!): [Complaints]
  complaintsList: [Complaints]
  complaintsPaginatedList(first: Int, after: Int): [Complaints]
  complaintsUsingComplaints_customer_id_fkey(customer_id: Int!): [Complaints]
  complaintsUsingComplaints_product_id_fkey(product_id: Int!): [Complaints]
  customers(customer_id: Int!): Customers
  customersList: [Customers]
  customersPaginatedList(first: Int, after: Int): [Customers]
  customersUsingComplaints_customer_id_fkey(customer_id: Int!): Customers
  products(product_id: Int!): Products
  productsList: [Products]
  productsPaginatedList(first: Int, after: Int): [Products]
  productsUsingComplaints_product_id_fkey(product_id: Int!): Products
  staff(staff_id: Int!): Staff
  staffList: [Staff]
  staffPaginatedList(first: Int, after: Int): [Staff]
  staffUsingComplaints_staff_id_fkey(staff_id: Int!): Staff
}","query  {
  complaintsList {
    complaint_id
    date_complaint_raised
    customers {
      state
    }
  }
}","query {
  complaintsList {
    complaint_id
    date_complaint_raised
    customers {
      state
    }
  }
}",Equal,N/A
"scalar Date
scalar DateTime
type Complaints {
  complaint_id: Int!
  complaint_outcome_code: String!
  complaint_status_code: String!
  complaint_type_code: String!
  customer_id: Int!
  customers: Customers
  date_complaint_closed: DateTime
  date_complaint_raised: DateTime
  product_id: Int!
  products: Products
  staff: Staff
  staff_id: Int!
}
type Customers {
  address_line_1: String
  address_line_2: String
  complaints: [Complaints]
  customer_id: Int!
  customer_type_code: String!
  email_address: String
  phone_number: String
  state: String
  town_city: String
}
type Products {
  complaints: [Complaints]
  date_product_discontinued: DateTime
  date_product_first_available: DateTime
  parent_product_id: Int
  product_category_code: String!
  product_description: String
  product_id: Int!
  product_name: String
  product_price: Float
}
type Staff {
  complaints: [Complaints]
  email_address: String
  first_name: String
  gender: String
  last_name: String
  phone_number: String
  staff_id: Int!
}
type Query {
  complaints(staff_id: Int!): [Complaints]
  complaintsList: [Complaints]
  complaintsPaginatedList(first: Int, after: Int): [Complaints]
  complaintsUsingComplaints_customer_id_fkey(customer_id: Int!): [Complaints]
  complaintsUsingComplaints_product_id_fkey(product_id: Int!): [Complaints]
  customers(customer_id: Int!): Customers
  customersList: [Customers]
  customersPaginatedList(first: Int, after: Int): [Customers]
  customersUsingComplaints_customer_id_fkey(customer_id: Int!): Customers
  products(product_id: Int!): Products
  productsList: [Products]
  productsPaginatedList(first: Int, after: Int): [Products]
  productsUsingComplaints_product_id_fkey(product_id: Int!): Products
  staff(staff_id: Int!): Staff
  staffList: [Staff]
  staffPaginatedList(first: Int, after: Int): [Staff]
  staffUsingComplaints_staff_id_fkey(staff_id: Int!): Staff
}","query  {
  complaintsList {
    complaint_id
    date_complaint_raised
    customers {
      state
    }
  }
}","query {
  complaintsList {
    complaint_id
    date_complaint_raised
    customers {
      state
    }
  }
}",Equal,N/A
"scalar Date
scalar DateTime
type Complaints {
  complaint_id: Int!
  complaint_outcome_code: String!
  complaint_status_code: String!
  complaint_type_code: String!
  customer_id: Int!
  customers: Customers
  date_complaint_closed: DateTime
  date_complaint_raised: DateTime
  product_id: Int!
  products: Products
  staff: Staff
  staff_id: Int!
}
type Customers {
  address_line_1: String
  address_line_2: String
  complaints: [Complaints]
  customer_id: Int!
  customer_type_code: String!
  email_address: String
  phone_number: String
  state: String
  town_city: String
}
type Products {
  complaints: [Complaints]
  date_product_discontinued: DateTime
  date_product_first_available: DateTime
  parent_product_id: Int
  product_category_code: String!
  product_description: String
  product_id: Int!
  product_name: String
  product_price: Float
}
type Staff {
  complaints: [Complaints]
  email_address: String
  first_name: String
  gender: String
  last_name: String
  phone_number: String
  staff_id: Int!
}
type Query {
  complaints(staff_id: Int!): [Complaints]
  complaintsList: [Complaints]
  complaintsPaginatedList(first: Int, after: Int): [Complaints]
  complaintsUsingComplaints_customer_id_fkey(customer_id: Int!): [Complaints]
  complaintsUsingComplaints_product_id_fkey(product_id: Int!): [Complaints]
  customers(customer_id: Int!): Customers
  customersList: [Customers]
  customersPaginatedList(first: Int, after: Int): [Customers]
  customersUsingComplaints_customer_id_fkey(customer_id: Int!): Customers
  products(product_id: Int!): Products
  productsList: [Products]
  productsPaginatedList(first: Int, after: Int): [Products]
  productsUsingComplaints_product_id_fkey(product_id: Int!): Products
  staff(staff_id: Int!): Staff
  staffList: [Staff]
  staffPaginatedList(first: Int, after: Int): [Staff]
  staffUsingComplaints_staff_id_fkey(staff_id: Int!): Staff
}","query  {
  complaintsList {
    complaint_id
    date_complaint_raised
    customers {
      state
    }
  }
}","query {
  complaintsList {
    complaint_id
    date_complaint_raised
    customers {
      state
    }
  }
}",Equal,N/A
"scalar Date
scalar DateTime
type Complaints {
  complaint_id: Int!
  complaint_outcome_code: String!
  complaint_status_code: String!
  complaint_type_code: String!
  customer_id: Int!
  customers: Customers
  date_complaint_closed: DateTime
  date_complaint_raised: DateTime
  product_id: Int!
  products: Products
  staff: Staff
  staff_id: Int!
}
type Customers {
  address_line_1: String
  address_line_2: String
  complaints: [Complaints]
  customer_id: Int!
  customer_type_code: String!
  email_address: String
  phone_number: String
  state: String
  town_city: String
}
type Products {
  complaints: [Complaints]
  date_product_discontinued: DateTime
  date_product_first_available: DateTime
  parent_product_id: Int
  product_category_code: String!
  product_description: String
  product_id: Int!
  product_name: String
  product_price: Float
}
type Staff {
  complaints: [Complaints]
  email_address: String
  first_name: String
  gender: String
  last_name: String
  phone_number: String
  staff_id: Int!
}
type Query {
  complaints(staff_id: Int!): [Complaints]
  complaintsList: [Complaints]
  complaintsPaginatedList(first: Int, after: Int): [Complaints]
  complaintsUsingComplaints_customer_id_fkey(customer_id: Int!): [Complaints]
  complaintsUsingComplaints_product_id_fkey(product_id: Int!): [Complaints]
  customers(customer_id: Int!): Customers
  customersList: [Customers]
  customersPaginatedList(first: Int, after: Int): [Customers]
  customersUsingComplaints_customer_id_fkey(customer_id: Int!): Customers
  products(product_id: Int!): Products
  productsList: [Products]
  productsPaginatedList(first: Int, after: Int): [Products]
  productsUsingComplaints_product_id_fkey(product_id: Int!): Products
  staff(staff_id: Int!): Staff
  staffList: [Staff]
  staffPaginatedList(first: Int, after: Int): [Staff]
  staffUsingComplaints_staff_id_fkey(staff_id: Int!): Staff
}","query  {
  complaintsList {
    complaint_id
    date_complaint_raised
    customers {
      state
    }
  }
}","query {
  complaintsList {
    complaint_id
    date_complaint_raised
    customers {
      state
    }
  }
}",Equal,N/A
"scalar Date
scalar DateTime
type Complaints {
  complaint_id: Int!
  complaint_outcome_code: String!
  complaint_status_code: String!
  complaint_type_code: String!
  customer_id: Int!
  customers: Customers
  date_complaint_closed: DateTime
  date_complaint_raised: DateTime
  product_id: Int!
  products: Products
  staff: Staff
  staff_id: Int!
}
type Customers {
  address_line_1: String
  address_line_2: String
  complaints: [Complaints]
  customer_id: Int!
  customer_type_code: String!
  email_address: String
  phone_number: String
  state: String
  town_city: String
}
type Products {
  complaints: [Complaints]
  date_product_discontinued: DateTime
  date_product_first_available: DateTime
  parent_product_id: Int
  product_category_code: String!
  product_description: String
  product_id: Int!
  product_name: String
  product_price: Float
}
type Staff {
  complaints: [Complaints]
  email_address: String
  first_name: String
  gender: String
  last_name: String
  phone_number: String
  staff_id: Int!
}
type Query {
  complaints(staff_id: Int!): [Complaints]
  complaintsList: [Complaints]
  complaintsPaginatedList(first: Int, after: Int): [Complaints]
  complaintsUsingComplaints_customer_id_fkey(customer_id: Int!): [Complaints]
  complaintsUsingComplaints_product_id_fkey(product_id: Int!): [Complaints]
  customers(customer_id: Int!): Customers
  customersList: [Customers]
  customersPaginatedList(first: Int, after: Int): [Customers]
  customersUsingComplaints_customer_id_fkey(customer_id: Int!): Customers
  products(product_id: Int!): Products
  productsList: [Products]
  productsPaginatedList(first: Int, after: Int): [Products]
  productsUsingComplaints_product_id_fkey(product_id: Int!): Products
  staff(staff_id: Int!): Staff
  staffList: [Staff]
  staffPaginatedList(first: Int, after: Int): [Staff]
  staffUsingComplaints_staff_id_fkey(staff_id: Int!): Staff
}","query  {
  complaintsList {
    complaint_id
    customers {
      email_address
      phone_number
    }
    product_id
  }
}","query {
  complaintsList {
    complaint_id
    product_id
    customers {
      email_address
      phone_number
    }
  }
}",Equal,N/A
"scalar Date
scalar DateTime
type Complaints {
  complaint_id: Int!
  complaint_outcome_code: String!
  complaint_status_code: String!
  complaint_type_code: String!
  customer_id: Int!
  customers: Customers
  date_complaint_closed: DateTime
  date_complaint_raised: DateTime
  product_id: Int!
  products: Products
  staff: Staff
  staff_id: Int!
}
type Customers {
  address_line_1: String
  address_line_2: String
  complaints: [Complaints]
  customer_id: Int!
  customer_type_code: String!
  email_address: String
  phone_number: String
  state: String
  town_city: String
}
type Products {
  complaints: [Complaints]
  date_product_discontinued: DateTime
  date_product_first_available: DateTime
  parent_product_id: Int
  product_category_code: String!
  product_description: String
  product_id: Int!
  product_name: String
  product_price: Float
}
type Staff {
  complaints: [Complaints]
  email_address: String
  first_name: String
  gender: String
  last_name: String
  phone_number: String
  staff_id: Int!
}
type Query {
  complaints(staff_id: Int!): [Complaints]
  complaintsList: [Complaints]
  complaintsPaginatedList(first: Int, after: Int): [Complaints]
  complaintsUsingComplaints_customer_id_fkey(customer_id: Int!): [Complaints]
  complaintsUsingComplaints_product_id_fkey(product_id: Int!): [Complaints]
  customers(customer_id: Int!): Customers
  customersList: [Customers]
  customersPaginatedList(first: Int, after: Int): [Customers]
  customersUsingComplaints_customer_id_fkey(customer_id: Int!): Customers
  products(product_id: Int!): Products
  productsList: [Products]
  productsPaginatedList(first: Int, after: Int): [Products]
  productsUsingComplaints_product_id_fkey(product_id: Int!): Products
  staff(staff_id: Int!): Staff
  staffList: [Staff]
  staffPaginatedList(first: Int, after: Int): [Staff]
  staffUsingComplaints_staff_id_fkey(staff_id: Int!): Staff
}","query  {
  complaintsList {
    complaint_id
    customers {
      email_address
      phone_number
    }
    product_id
  }
}","query {
  complaintsList {
    complaint_id
    product_id
    customers {
      email_address
      phone_number
    }
  }
}",Equal,N/A
"scalar Date
scalar DateTime
type Complaints {
  complaint_id: Int!
  complaint_outcome_code: String!
  complaint_status_code: String!
  complaint_type_code: String!
  customer_id: Int!
  customers: Customers
  date_complaint_closed: DateTime
  date_complaint_raised: DateTime
  product_id: Int!
  products: Products
  staff: Staff
  staff_id: Int!
}
type Customers {
  address_line_1: String
  address_line_2: String
  complaints: [Complaints]
  customer_id: Int!
  customer_type_code: String!
  email_address: String
  phone_number: String
  state: String
  town_city: String
}
type Products {
  complaints: [Complaints]
  date_product_discontinued: DateTime
  date_product_first_available: DateTime
  parent_product_id: Int
  product_category_code: String!
  product_description: String
  product_id: Int!
  product_name: String
  product_price: Float
}
type Staff {
  complaints: [Complaints]
  email_address: String
  first_name: String
  gender: String
  last_name: String
  phone_number: String
  staff_id: Int!
}
type Query {
  complaints(staff_id: Int!): [Complaints]
  complaintsList: [Complaints]
  complaintsPaginatedList(first: Int, after: Int): [Complaints]
  complaintsUsingComplaints_customer_id_fkey(customer_id: Int!): [Complaints]
  complaintsUsingComplaints_product_id_fkey(product_id: Int!): [Complaints]
  customers(customer_id: Int!): Customers
  customersList: [Customers]
  customersPaginatedList(first: Int, after: Int): [Customers]
  customersUsingComplaints_customer_id_fkey(customer_id: Int!): Customers
  products(product_id: Int!): Products
  productsList: [Products]
  productsPaginatedList(first: Int, after: Int): [Products]
  productsUsingComplaints_product_id_fkey(product_id: Int!): Products
  staff(staff_id: Int!): Staff
  staffList: [Staff]
  staffPaginatedList(first: Int, after: Int): [Staff]
  staffUsingComplaints_staff_id_fkey(staff_id: Int!): Staff
}","query  {
  complaintsList {
    complaint_id
    customers {
      email_address
      phone_number
    }
    product_id
  }
}","query {
  complaintsList {
    complaint_id
    product_id
    customers {
      email_address
      phone_number
    }
  }
}",Equal,N/A
"scalar Date
scalar DateTime
type Complaints {
  complaint_id: Int!
  complaint_outcome_code: String!
  complaint_status_code: String!
  complaint_type_code: String!
  customer_id: Int!
  customers: Customers
  date_complaint_closed: DateTime
  date_complaint_raised: DateTime
  product_id: Int!
  products: Products
  staff: Staff
  staff_id: Int!
}
type Customers {
  address_line_1: String
  address_line_2: String
  complaints: [Complaints]
  customer_id: Int!
  customer_type_code: String!
  email_address: String
  phone_number: String
  state: String
  town_city: String
}
type Products {
  complaints: [Complaints]
  date_product_discontinued: DateTime
  date_product_first_available: DateTime
  parent_product_id: Int
  product_category_code: String!
  product_description: String
  product_id: Int!
  product_name: String
  product_price: Float
}
type Staff {
  complaints: [Complaints]
  email_address: String
  first_name: String
  gender: String
  last_name: String
  phone_number: String
  staff_id: Int!
}
type Query {
  complaints(staff_id: Int!): [Complaints]
  complaintsList: [Complaints]
  complaintsPaginatedList(first: Int, after: Int): [Complaints]
  complaintsUsingComplaints_customer_id_fkey(customer_id: Int!): [Complaints]
  complaintsUsingComplaints_product_id_fkey(product_id: Int!): [Complaints]
  customers(customer_id: Int!): Customers
  customersList: [Customers]
  customersPaginatedList(first: Int, after: Int): [Customers]
  customersUsingComplaints_customer_id_fkey(customer_id: Int!): Customers
  products(product_id: Int!): Products
  productsList: [Products]
  productsPaginatedList(first: Int, after: Int): [Products]
  productsUsingComplaints_product_id_fkey(product_id: Int!): Products
  staff(staff_id: Int!): Staff
  staffList: [Staff]
  staffPaginatedList(first: Int, after: Int): [Staff]
  staffUsingComplaints_staff_id_fkey(staff_id: Int!): Staff
}","query  {
  complaintsList {
    complaint_id
    customers {
      email_address
      phone_number
    }
    product_id
  }
}","query {
  complaintsList {
    complaint_id
    product_id
    customers {
      email_address
      phone_number
    }
  }
}",Equal,N/A
"scalar Date
scalar DateTime
type Complaints {
  complaint_id: Int!
  complaint_outcome_code: String!
  complaint_status_code: String!
  complaint_type_code: String!
  customer_id: Int!
  customers: Customers
  date_complaint_closed: DateTime
  date_complaint_raised: DateTime
  product_id: Int!
  products: Products
  staff: Staff
  staff_id: Int!
}
type Customers {
  address_line_1: String
  address_line_2: String
  complaints: [Complaints]
  customer_id: Int!
  customer_type_code: String!
  email_address: String
  phone_number: String
  state: String
  town_city: String
}
type Products {
  complaints: [Complaints]
  date_product_discontinued: DateTime
  date_product_first_available: DateTime
  parent_product_id: Int
  product_category_code: String!
  product_description: String
  product_id: Int!
  product_name: String
  product_price: Float
}
type Staff {
  complaints: [Complaints]
  email_address: String
  first_name: String
  gender: String
  last_name: String
  phone_number: String
  staff_id: Int!
}
type Query {
  complaints(staff_id: Int!): [Complaints]
  complaintsList: [Complaints]
  complaintsPaginatedList(first: Int, after: Int): [Complaints]
  complaintsUsingComplaints_customer_id_fkey(customer_id: Int!): [Complaints]
  complaintsUsingComplaints_product_id_fkey(product_id: Int!): [Complaints]
  customers(customer_id: Int!): Customers
  customersList: [Customers]
  customersPaginatedList(first: Int, after: Int): [Customers]
  customersUsingComplaints_customer_id_fkey(customer_id: Int!): Customers
  products(product_id: Int!): Products
  productsList: [Products]
  productsPaginatedList(first: Int, after: Int): [Products]
  productsUsingComplaints_product_id_fkey(product_id: Int!): Products
  staff(staff_id: Int!): Staff
  staffList: [Staff]
  staffPaginatedList(first: Int, after: Int): [Staff]
  staffUsingComplaints_staff_id_fkey(staff_id: Int!): Staff
}","query  {
  complaintsList {
    complaint_id
    customers {
      email_address
      phone_number
    }
    product_id
  }
}","query {
  complaintsList {
    complaint_id
    product_id
    customers {
      email_address
      phone_number
    }
  }
}",Equal,N/A
"scalar Date
scalar DateTime
type Complaints {
  complaint_id: Int!
  complaint_outcome_code: String!
  complaint_status_code: String!
  complaint_type_code: String!
  customer_id: Int!
  customers: Customers
  date_complaint_closed: DateTime
  date_complaint_raised: DateTime
  product_id: Int!
  products: Products
  staff: Staff
  staff_id: Int!
}
type Customers {
  address_line_1: String
  address_line_2: String
  complaints: [Complaints]
  customer_id: Int!
  customer_type_code: String!
  email_address: String
  phone_number: String
  state: String
  town_city: String
}
type Products {
  complaints: [Complaints]
  date_product_discontinued: DateTime
  date_product_first_available: DateTime
  parent_product_id: Int
  product_category_code: String!
  product_description: String
  product_id: Int!
  product_name: String
  product_price: Float
}
type Staff {
  complaints: [Complaints]
  email_address: String
  first_name: String
  gender: String
  last_name: String
  phone_number: String
  staff_id: Int!
}
type Query {
  complaints(staff_id: Int!): [Complaints]
  complaintsList: [Complaints]
  complaintsPaginatedList(first: Int, after: Int): [Complaints]
  complaintsUsingComplaints_customer_id_fkey(customer_id: Int!): [Complaints]
  complaintsUsingComplaints_product_id_fkey(product_id: Int!): [Complaints]
  customers(customer_id: Int!): Customers
  customersList: [Customers]
  customersPaginatedList(first: Int, after: Int): [Customers]
  customersUsingComplaints_customer_id_fkey(customer_id: Int!): Customers
  products(product_id: Int!): Products
  productsList: [Products]
  productsPaginatedList(first: Int, after: Int): [Products]
  productsUsingComplaints_product_id_fkey(product_id: Int!): Products
  staff(staff_id: Int!): Staff
  staffList: [Staff]
  staffPaginatedList(first: Int, after: Int): [Staff]
  staffUsingComplaints_staff_id_fkey(staff_id: Int!): Staff
}","query  {
  complaintsList {
    complaint_id
    customers {
      email_address
      phone_number
    }
    product_id
  }
}","query {
  complaintsList {
    complaint_id
    product_id
    customers {
      email_address
      phone_number
    }
  }
}",Equal,N/A
"scalar Date
scalar DateTime
type Complaints {
  complaint_id: Int!
  complaint_outcome_code: String!
  complaint_status_code: String!
  complaint_type_code: String!
  customer_id: Int!
  customers: Customers
  date_complaint_closed: DateTime
  date_complaint_raised: DateTime
  product_id: Int!
  products: Products
  staff: Staff
  staff_id: Int!
}
type Customers {
  address_line_1: String
  address_line_2: String
  complaints: [Complaints]
  customer_id: Int!
  customer_type_code: String!
  email_address: String
  phone_number: String
  state: String
  town_city: String
}
type Products {
  complaints: [Complaints]
  date_product_discontinued: DateTime
  date_product_first_available: DateTime
  parent_product_id: Int
  product_category_code: String!
  product_description: String
  product_id: Int!
  product_name: String
  product_price: Float
}
type Staff {
  complaints: [Complaints]
  email_address: String
  first_name: String
  gender: String
  last_name: String
  phone_number: String
  staff_id: Int!
}
type Query {
  complaints(staff_id: Int!): [Complaints]
  complaintsList: [Complaints]
  complaintsPaginatedList(first: Int, after: Int): [Complaints]
  complaintsUsingComplaints_customer_id_fkey(customer_id: Int!): [Complaints]
  complaintsUsingComplaints_product_id_fkey(product_id: Int!): [Complaints]
  customers(customer_id: Int!): Customers
  customersList: [Customers]
  customersPaginatedList(first: Int, after: Int): [Customers]
  customersUsingComplaints_customer_id_fkey(customer_id: Int!): Customers
  products(product_id: Int!): Products
  productsList: [Products]
  productsPaginatedList(first: Int, after: Int): [Products]
  productsUsingComplaints_product_id_fkey(product_id: Int!): Products
  staff(staff_id: Int!): Staff
  staffList: [Staff]
  staffPaginatedList(first: Int, after: Int): [Staff]
  staffUsingComplaints_staff_id_fkey(staff_id: Int!): Staff
}","query  {
  complaintsList {
    complaint_id
    customers {
      email_address
      phone_number
    }
    product_id
  }
}","query {
  complaintsList {
    complaint_id
    product_id
    customers {
      email_address
      phone_number
    }
  }
}",Equal,N/A
"scalar Date
scalar DateTime
type Complaints {
  complaint_id: Int!
  complaint_outcome_code: String!
  complaint_status_code: String!
  complaint_type_code: String!
  customer_id: Int!
  customers: Customers
  date_complaint_closed: DateTime
  date_complaint_raised: DateTime
  product_id: Int!
  products: Products
  staff: Staff
  staff_id: Int!
}
type Customers {
  address_line_1: String
  address_line_2: String
  complaints: [Complaints]
  customer_id: Int!
  customer_type_code: String!
  email_address: String
  phone_number: String
  state: String
  town_city: String
}
type Products {
  complaints: [Complaints]
  date_product_discontinued: DateTime
  date_product_first_available: DateTime
  parent_product_id: Int
  product_category_code: String!
  product_description: String
  product_id: Int!
  product_name: String
  product_price: Float
}
type Staff {
  complaints: [Complaints]
  email_address: String
  first_name: String
  gender: String
  last_name: String
  phone_number: String
  staff_id: Int!
}
type Query {
  complaints(staff_id: Int!): [Complaints]
  complaintsList: [Complaints]
  complaintsPaginatedList(first: Int, after: Int): [Complaints]
  complaintsUsingComplaints_customer_id_fkey(customer_id: Int!): [Complaints]
  complaintsUsingComplaints_product_id_fkey(product_id: Int!): [Complaints]
  customers(customer_id: Int!): Customers
  customersList: [Customers]
  customersPaginatedList(first: Int, after: Int): [Customers]
  customersUsingComplaints_customer_id_fkey(customer_id: Int!): Customers
  products(product_id: Int!): Products
  productsList: [Products]
  productsPaginatedList(first: Int, after: Int): [Products]
  productsUsingComplaints_product_id_fkey(product_id: Int!): Products
  staff(staff_id: Int!): Staff
  staffList: [Staff]
  staffPaginatedList(first: Int, after: Int): [Staff]
  staffUsingComplaints_staff_id_fkey(staff_id: Int!): Staff
}","query  {
  complaintsList {
    complaint_id
    customers {
      email_address
      phone_number
    }
    product_id
  }
}","query {
  complaintsList {
    complaint_id
    product_id
    customers {
      email_address
      phone_number
    }
  }
}",Equal,N/A
"scalar Date
scalar DateTime
type Complaints {
  complaint_id: Int!
  complaint_outcome_code: String!
  complaint_status_code: String!
  complaint_type_code: String!
  customer_id: Int!
  customers: Customers
  date_complaint_closed: DateTime
  date_complaint_raised: DateTime
  product_id: Int!
  products: Products
  staff: Staff
  staff_id: Int!
}
type Customers {
  address_line_1: String
  address_line_2: String
  complaints: [Complaints]
  customer_id: Int!
  customer_type_code: String!
  email_address: String
  phone_number: String
  state: String
  town_city: String
}
type Products {
  complaints: [Complaints]
  date_product_discontinued: DateTime
  date_product_first_available: DateTime
  parent_product_id: Int
  product_category_code: String!
  product_description: String
  product_id: Int!
  product_name: String
  product_price: Float
}
type Staff {
  complaints: [Complaints]
  email_address: String
  first_name: String
  gender: String
  last_name: String
  phone_number: String
  staff_id: Int!
}
type Query {
  complaints(staff_id: Int!): [Complaints]
  complaintsList: [Complaints]
  complaintsPaginatedList(first: Int, after: Int): [Complaints]
  complaintsUsingComplaints_customer_id_fkey(customer_id: Int!): [Complaints]
  complaintsUsingComplaints_product_id_fkey(product_id: Int!): [Complaints]
  customers(customer_id: Int!): Customers
  customersList: [Customers]
  customersPaginatedList(first: Int, after: Int): [Customers]
  customersUsingComplaints_customer_id_fkey(customer_id: Int!): Customers
  products(product_id: Int!): Products
  productsList: [Products]
  productsPaginatedList(first: Int, after: Int): [Products]
  productsUsingComplaints_product_id_fkey(product_id: Int!): Products
  staff(staff_id: Int!): Staff
  staffList: [Staff]
  staffPaginatedList(first: Int, after: Int): [Staff]
  staffUsingComplaints_staff_id_fkey(staff_id: Int!): Staff
}","query  {
  complaintsList {
    complaint_id
    customers {
      email_address
      phone_number
    }
    product_id
  }
}","query {
  complaintsList {
    complaint_id
    product_id
    customers {
      email_address
      phone_number
    }
  }
}",Equal,N/A
"scalar Date
scalar DateTime
type Complaints {
  complaint_id: Int!
  complaint_outcome_code: String!
  complaint_status_code: String!
  complaint_type_code: String!
  customer_id: Int!
  customers: Customers
  date_complaint_closed: DateTime
  date_complaint_raised: DateTime
  product_id: Int!
  products: Products
  staff: Staff
  staff_id: Int!
}
type Customers {
  address_line_1: String
  address_line_2: String
  complaints: [Complaints]
  customer_id: Int!
  customer_type_code: String!
  email_address: String
  phone_number: String
  state: String
  town_city: String
}
type Products {
  complaints: [Complaints]
  date_product_discontinued: DateTime
  date_product_first_available: DateTime
  parent_product_id: Int
  product_category_code: String!
  product_description: String
  product_id: Int!
  product_name: String
  product_price: Float
}
type Staff {
  complaints: [Complaints]
  email_address: String
  first_name: String
  gender: String
  last_name: String
  phone_number: String
  staff_id: Int!
}
type Query {
  complaints(staff_id: Int!): [Complaints]
  complaintsList: [Complaints]
  complaintsPaginatedList(first: Int, after: Int): [Complaints]
  complaintsUsingComplaints_customer_id_fkey(customer_id: Int!): [Complaints]
  complaintsUsingComplaints_product_id_fkey(product_id: Int!): [Complaints]
  customers(customer_id: Int!): Customers
  customersList: [Customers]
  customersPaginatedList(first: Int, after: Int): [Customers]
  customersUsingComplaints_customer_id_fkey(customer_id: Int!): Customers
  products(product_id: Int!): Products
  productsList: [Products]
  productsPaginatedList(first: Int, after: Int): [Products]
  productsUsingComplaints_product_id_fkey(product_id: Int!): Products
  staff(staff_id: Int!): Staff
  staffList: [Staff]
  staffPaginatedList(first: Int, after: Int): [Staff]
  staffUsingComplaints_staff_id_fkey(staff_id: Int!): Staff
}","query  {
  complaintsList {
    complaint_id
    customers {
      email_address
      phone_number
    }
    product_id
  }
}","query {
  complaintsList {
    complaint_id
    product_id
    customers {
      address_line_1
      address_line_2
      phone_number
    }
  }
}",Unequal,N/A
"scalar Date
scalar DateTime
type Complaints {
  complaint_id: Int!
  complaint_outcome_code: String!
  complaint_status_code: String!
  complaint_type_code: String!
  customer_id: Int!
  customers: Customers
  date_complaint_closed: DateTime
  date_complaint_raised: DateTime
  product_id: Int!
  products: Products
  staff: Staff
  staff_id: Int!
}
type Customers {
  address_line_1: String
  address_line_2: String
  complaints: [Complaints]
  customer_id: Int!
  customer_type_code: String!
  email_address: String
  phone_number: String
  state: String
  town_city: String
}
type Products {
  complaints: [Complaints]
  date_product_discontinued: DateTime
  date_product_first_available: DateTime
  parent_product_id: Int
  product_category_code: String!
  product_description: String
  product_id: Int!
  product_name: String
  product_price: Float
}
type Staff {
  complaints: [Complaints]
  email_address: String
  first_name: String
  gender: String
  last_name: String
  phone_number: String
  staff_id: Int!
}
type Query {
  complaints(staff_id: Int!): [Complaints]
  complaintsList: [Complaints]
  complaintsPaginatedList(first: Int, after: Int): [Complaints]
  complaintsUsingComplaints_customer_id_fkey(customer_id: Int!): [Complaints]
  complaintsUsingComplaints_product_id_fkey(product_id: Int!): [Complaints]
  customers(customer_id: Int!): Customers
  customersList: [Customers]
  customersPaginatedList(first: Int, after: Int): [Customers]
  customersUsingComplaints_customer_id_fkey(customer_id: Int!): Customers
  products(product_id: Int!): Products
  productsList: [Products]
  productsPaginatedList(first: Int, after: Int): [Products]
  productsUsingComplaints_product_id_fkey(product_id: Int!): Products
  staff(staff_id: Int!): Staff
  staffList: [Staff]
  staffPaginatedList(first: Int, after: Int): [Staff]
  staffUsingComplaints_staff_id_fkey(staff_id: Int!): Staff
}","query  {
  complaintsList {
    complaint_id
    customers {
      email_address
      phone_number
    }
    product_id
  }
}","query {
  complaintsList {
    complaint_id
    product_id
    customers {
      customer_id
      email_address
      phone_number
    }
  }
}",Unequal,N/A
"scalar Date
scalar DateTime
type Complaints {
  complaint_id: Int!
  complaint_outcome_code: String!
  complaint_status_code: String!
  complaint_type_code: String!
  customer_id: Int!
  customers: Customers
  date_complaint_closed: DateTime
  date_complaint_raised: DateTime
  product_id: Int!
  products: Products
  staff: Staff
  staff_id: Int!
}
type Customers {
  address_line_1: String
  address_line_2: String
  complaints: [Complaints]
  customer_id: Int!
  customer_type_code: String!
  email_address: String
  phone_number: String
  state: String
  town_city: String
}
type Products {
  complaints: [Complaints]
  date_product_discontinued: DateTime
  date_product_first_available: DateTime
  parent_product_id: Int
  product_category_code: String!
  product_description: String
  product_id: Int!
  product_name: String
  product_price: Float
}
type Staff {
  complaints: [Complaints]
  email_address: String
  first_name: String
  gender: String
  last_name: String
  phone_number: String
  staff_id: Int!
}
type Query {
  complaints(staff_id: Int!): [Complaints]
  complaintsList: [Complaints]
  complaintsPaginatedList(first: Int, after: Int): [Complaints]
  complaintsUsingComplaints_customer_id_fkey(customer_id: Int!): [Complaints]
  complaintsUsingComplaints_product_id_fkey(product_id: Int!): [Complaints]
  customers(customer_id: Int!): Customers
  customersList: [Customers]
  customersPaginatedList(first: Int, after: Int): [Customers]
  customersUsingComplaints_customer_id_fkey(customer_id: Int!): Customers
  products(product_id: Int!): Products
  productsList: [Products]
  productsPaginatedList(first: Int, after: Int): [Products]
  productsUsingComplaints_product_id_fkey(product_id: Int!): Products
  staff(staff_id: Int!): Staff
  staffList: [Staff]
  staffPaginatedList(first: Int, after: Int): [Staff]
  staffUsingComplaints_staff_id_fkey(staff_id: Int!): Staff
}","query  {
  complaintsList {
    complaint_id
    customers {
      email_address
      phone_number
    }
    product_id
  }
}","query {
  complaintsList {
    complaint_id
    product_id
    customers {
      email_address
      phone_number
    }
  }
}",Equal,N/A
"scalar Date
scalar DateTime
type Complaints {
  complaint_id: Int!
  complaint_outcome_code: String!
  complaint_status_code: String!
  complaint_type_code: String!
  customer_id: Int!
  customers: Customers
  date_complaint_closed: DateTime
  date_complaint_raised: DateTime
  product_id: Int!
  products: Products
  staff: Staff
  staff_id: Int!
}
type Customers {
  address_line_1: String
  address_line_2: String
  complaints: [Complaints]
  customer_id: Int!
  customer_type_code: String!
  email_address: String
  phone_number: String
  state: String
  town_city: String
}
type Products {
  complaints: [Complaints]
  date_product_discontinued: DateTime
  date_product_first_available: DateTime
  parent_product_id: Int
  product_category_code: String!
  product_description: String
  product_id: Int!
  product_name: String
  product_price: Float
}
type Staff {
  complaints: [Complaints]
  email_address: String
  first_name: String
  gender: String
  last_name: String
  phone_number: String
  staff_id: Int!
}
type Query {
  complaints(staff_id: Int!): [Complaints]
  complaintsList: [Complaints]
  complaintsPaginatedList(first: Int, after: Int): [Complaints]
  complaintsUsingComplaints_customer_id_fkey(customer_id: Int!): [Complaints]
  complaintsUsingComplaints_product_id_fkey(product_id: Int!): [Complaints]
  customers(customer_id: Int!): Customers
  customersList: [Customers]
  customersPaginatedList(first: Int, after: Int): [Customers]
  customersUsingComplaints_customer_id_fkey(customer_id: Int!): Customers
  products(product_id: Int!): Products
  productsList: [Products]
  productsPaginatedList(first: Int, after: Int): [Products]
  productsUsingComplaints_product_id_fkey(product_id: Int!): Products
  staff(staff_id: Int!): Staff
  staffList: [Staff]
  staffPaginatedList(first: Int, after: Int): [Staff]
  staffUsingComplaints_staff_id_fkey(staff_id: Int!): Staff
}","query  {
  complaintsList {
    complaint_id
    customers {
      email_address
      phone_number
    }
    product_id
  }
}","query {
  complaintsList {
    complaint_id
    product_id
    customers {
      customer_id
      email_address
      phone_number
    }
  }
}",Unequal,N/A
"scalar Date
scalar DateTime
type Complaints {
  complaint_id: Int!
  complaint_outcome_code: String!
  complaint_status_code: String!
  complaint_type_code: String!
  customer_id: Int!
  customers: Customers
  date_complaint_closed: DateTime
  date_complaint_raised: DateTime
  product_id: Int!
  products: Products
  staff: Staff
  staff_id: Int!
}
type Customers {
  address_line_1: String
  address_line_2: String
  complaints: [Complaints]
  customer_id: Int!
  customer_type_code: String!
  email_address: String
  phone_number: String
  state: String
  town_city: String
}
type Products {
  complaints: [Complaints]
  date_product_discontinued: DateTime
  date_product_first_available: DateTime
  parent_product_id: Int
  product_category_code: String!
  product_description: String
  product_id: Int!
  product_name: String
  product_price: Float
}
type Staff {
  complaints: [Complaints]
  email_address: String
  first_name: String
  gender: String
  last_name: String
  phone_number: String
  staff_id: Int!
}
type Query {
  complaints(staff_id: Int!): [Complaints]
  complaintsList: [Complaints]
  complaintsPaginatedList(first: Int, after: Int): [Complaints]
  complaintsUsingComplaints_customer_id_fkey(customer_id: Int!): [Complaints]
  complaintsUsingComplaints_product_id_fkey(product_id: Int!): [Complaints]
  customers(customer_id: Int!): Customers
  customersList: [Customers]
  customersPaginatedList(first: Int, after: Int): [Customers]
  customersUsingComplaints_customer_id_fkey(customer_id: Int!): Customers
  products(product_id: Int!): Products
  productsList: [Products]
  productsPaginatedList(first: Int, after: Int): [Products]
  productsUsingComplaints_product_id_fkey(product_id: Int!): Products
  staff(staff_id: Int!): Staff
  staffList: [Staff]
  staffPaginatedList(first: Int, after: Int): [Staff]
  staffUsingComplaints_staff_id_fkey(staff_id: Int!): Staff
}","query  {
  complaintsList {
    complaint_id
    customers {
      email_address
      phone_number
    }
    product_id
  }
}","query {
  complaintsList {
    complaint_id
    product_id
    customer_id
    customers {
      email_address
      phone_number
    }
  }
}",Unequal,N/A
"scalar Date
scalar DateTime
type Complaints {
  complaint_id: Int!
  complaint_outcome_code: String!
  complaint_status_code: String!
  complaint_type_code: String!
  customer_id: Int!
  customers: Customers
  date_complaint_closed: DateTime
  date_complaint_raised: DateTime
  product_id: Int!
  products: Products
  staff: Staff
  staff_id: Int!
}
type Customers {
  address_line_1: String
  address_line_2: String
  complaints: [Complaints]
  customer_id: Int!
  customer_type_code: String!
  email_address: String
  phone_number: String
  state: String
  town_city: String
}
type Products {
  complaints: [Complaints]
  date_product_discontinued: DateTime
  date_product_first_available: DateTime
  parent_product_id: Int
  product_category_code: String!
  product_description: String
  product_id: Int!
  product_name: String
  product_price: Float
}
type Staff {
  complaints: [Complaints]
  email_address: String
  first_name: String
  gender: String
  last_name: String
  phone_number: String
  staff_id: Int!
}
type Query {
  complaints(staff_id: Int!): [Complaints]
  complaintsList: [Complaints]
  complaintsPaginatedList(first: Int, after: Int): [Complaints]
  complaintsUsingComplaints_customer_id_fkey(customer_id: Int!): [Complaints]
  complaintsUsingComplaints_product_id_fkey(product_id: Int!): [Complaints]
  customers(customer_id: Int!): Customers
  customersList: [Customers]
  customersPaginatedList(first: Int, after: Int): [Customers]
  customersUsingComplaints_customer_id_fkey(customer_id: Int!): Customers
  products(product_id: Int!): Products
  productsList: [Products]
  productsPaginatedList(first: Int, after: Int): [Products]
  productsUsingComplaints_product_id_fkey(product_id: Int!): Products
  staff(staff_id: Int!): Staff
  staffList: [Staff]
  staffPaginatedList(first: Int, after: Int): [Staff]
  staffUsingComplaints_staff_id_fkey(staff_id: Int!): Staff
}","query  {
  complaintsList {
    complaint_id
    customers {
      email_address
      phone_number
    }
    product_id
  }
}","query {
  complaintsList {
    complaint_id
    product_id
    customer_id
    customers {
      email_address
      phone_number
    }
  }
}",Unequal,N/A
"scalar Date
scalar DateTime
type Complaints {
  complaint_id: Int!
  complaint_outcome_code: String!
  complaint_status_code: String!
  complaint_type_code: String!
  customer_id: Int!
  customers: Customers
  date_complaint_closed: DateTime
  date_complaint_raised: DateTime
  product_id: Int!
  products: Products
  staff: Staff
  staff_id: Int!
}
type Customers {
  address_line_1: String
  address_line_2: String
  complaints: [Complaints]
  customer_id: Int!
  customer_type_code: String!
  email_address: String
  phone_number: String
  state: String
  town_city: String
}
type Products {
  complaints: [Complaints]
  date_product_discontinued: DateTime
  date_product_first_available: DateTime
  parent_product_id: Int
  product_category_code: String!
  product_description: String
  product_id: Int!
  product_name: String
  product_price: Float
}
type Staff {
  complaints: [Complaints]
  email_address: String
  first_name: String
  gender: String
  last_name: String
  phone_number: String
  staff_id: Int!
}
type Query {
  complaints(staff_id: Int!): [Complaints]
  complaintsList: [Complaints]
  complaintsPaginatedList(first: Int, after: Int): [Complaints]
  complaintsUsingComplaints_customer_id_fkey(customer_id: Int!): [Complaints]
  complaintsUsingComplaints_product_id_fkey(product_id: Int!): [Complaints]
  customers(customer_id: Int!): Customers
  customersList: [Customers]
  customersPaginatedList(first: Int, after: Int): [Customers]
  customersUsingComplaints_customer_id_fkey(customer_id: Int!): Customers
  products(product_id: Int!): Products
  productsList: [Products]
  productsPaginatedList(first: Int, after: Int): [Products]
  productsUsingComplaints_product_id_fkey(product_id: Int!): Products
  staff(staff_id: Int!): Staff
  staffList: [Staff]
  staffPaginatedList(first: Int, after: Int): [Staff]
  staffUsingComplaints_staff_id_fkey(staff_id: Int!): Staff
}","query  {
  complaintsList {
    complaint_id
    customers {
      email_address
      phone_number
    }
    product_id
  }
}","query {
  complaintsList {
    complaint_id
    product_id
    customers {
      customer_id
      customer_type_code
      email_address
      phone_number
      state
      town_city
    }
  }
}",Unequal,N/A
"scalar Date
scalar DateTime
type Complaints {
  complaint_id: Int!
  complaint_outcome_code: String!
  complaint_status_code: String!
  complaint_type_code: String!
  customer_id: Int!
  customers: Customers
  date_complaint_closed: DateTime
  date_complaint_raised: DateTime
  product_id: Int!
  products: Products
  staff: Staff
  staff_id: Int!
}
type Customers {
  address_line_1: String
  address_line_2: String
  complaints: [Complaints]
  customer_id: Int!
  customer_type_code: String!
  email_address: String
  phone_number: String
  state: String
  town_city: String
}
type Products {
  complaints: [Complaints]
  date_product_discontinued: DateTime
  date_product_first_available: DateTime
  parent_product_id: Int
  product_category_code: String!
  product_description: String
  product_id: Int!
  product_name: String
  product_price: Float
}
type Staff {
  complaints: [Complaints]
  email_address: String
  first_name: String
  gender: String
  last_name: String
  phone_number: String
  staff_id: Int!
}
type Query {
  complaints(staff_id: Int!): [Complaints]
  complaintsList: [Complaints]
  complaintsPaginatedList(first: Int, after: Int): [Complaints]
  complaintsUsingComplaints_customer_id_fkey(customer_id: Int!): [Complaints]
  complaintsUsingComplaints_product_id_fkey(product_id: Int!): [Complaints]
  customers(customer_id: Int!): Customers
  customersList: [Customers]
  customersPaginatedList(first: Int, after: Int): [Customers]
  customersUsingComplaints_customer_id_fkey(customer_id: Int!): Customers
  products(product_id: Int!): Products
  productsList: [Products]
  productsPaginatedList(first: Int, after: Int): [Products]
  productsUsingComplaints_product_id_fkey(product_id: Int!): Products
  staff(staff_id: Int!): Staff
  staffList: [Staff]
  staffPaginatedList(first: Int, after: Int): [Staff]
  staffUsingComplaints_staff_id_fkey(staff_id: Int!): Staff
}","query  {
  complaintsList {
    complaint_id
    customers {
      email_address
      phone_number
    }
    product_id
  }
}","query {
  complaintsList {
    complaint_id
    product_id
    customer_id
    customers {
      address_line_1
      address_line_2
      customer_type_code
      email_address
      phone_number
      state
      town_city
    }
  }
}",Unequal,N/A
"scalar Date
scalar DateTime
type Complaints {
  complaint_id: Int!
  complaint_outcome_code: String!
  complaint_status_code: String!
  complaint_type_code: String!
  customer_id: Int!
  customers: Customers
  date_complaint_closed: DateTime
  date_complaint_raised: DateTime
  product_id: Int!
  products: Products
  staff: Staff
  staff_id: Int!
}
type Customers {
  address_line_1: String
  address_line_2: String
  complaints: [Complaints]
  customer_id: Int!
  customer_type_code: String!
  email_address: String
  phone_number: String
  state: String
  town_city: String
}
type Products {
  complaints: [Complaints]
  date_product_discontinued: DateTime
  date_product_first_available: DateTime
  parent_product_id: Int
  product_category_code: String!
  product_description: String
  product_id: Int!
  product_name: String
  product_price: Float
}
type Staff {
  complaints: [Complaints]
  email_address: String
  first_name: String
  gender: String
  last_name: String
  phone_number: String
  staff_id: Int!
}
type Query {
  complaints(staff_id: Int!): [Complaints]
  complaintsList: [Complaints]
  complaintsPaginatedList(first: Int, after: Int): [Complaints]
  complaintsUsingComplaints_customer_id_fkey(customer_id: Int!): [Complaints]
  complaintsUsingComplaints_product_id_fkey(product_id: Int!): [Complaints]
  customers(customer_id: Int!): Customers
  customersList: [Customers]
  customersPaginatedList(first: Int, after: Int): [Customers]
  customersUsingComplaints_customer_id_fkey(customer_id: Int!): Customers
  products(product_id: Int!): Products
  productsList: [Products]
  productsPaginatedList(first: Int, after: Int): [Products]
  productsUsingComplaints_product_id_fkey(product_id: Int!): Products
  staff(staff_id: Int!): Staff
  staffList: [Staff]
  staffPaginatedList(first: Int, after: Int): [Staff]
  staffUsingComplaints_staff_id_fkey(staff_id: Int!): Staff
}","query  {
  complaintsList {
    complaint_id
    customers {
      email_address
      phone_number
    }
    product_id
  }
}","query {
  complaintsList {
    complaint_id
    product_id
    customer_id
    customers {
      address_line_1
      address_line_2
      customer_id
      customer_type_code
      email_address
      phone_number
      state
      town_city
    }
  }
}",Unequal,N/A
"scalar Date
scalar DateTime
type Complaints {
  complaint_id: Int!
  complaint_outcome_code: String!
  complaint_status_code: String!
  complaint_type_code: String!
  customer_id: Int!
  customers: Customers
  date_complaint_closed: DateTime
  date_complaint_raised: DateTime
  product_id: Int!
  products: Products
  staff: Staff
  staff_id: Int!
}
type Customers {
  address_line_1: String
  address_line_2: String
  complaints: [Complaints]
  customer_id: Int!
  customer_type_code: String!
  email_address: String
  phone_number: String
  state: String
  town_city: String
}
type Products {
  complaints: [Complaints]
  date_product_discontinued: DateTime
  date_product_first_available: DateTime
  parent_product_id: Int
  product_category_code: String!
  product_description: String
  product_id: Int!
  product_name: String
  product_price: Float
}
type Staff {
  complaints: [Complaints]
  email_address: String
  first_name: String
  gender: String
  last_name: String
  phone_number: String
  staff_id: Int!
}
type Query {
  complaints(staff_id: Int!): [Complaints]
  complaintsList: [Complaints]
  complaintsPaginatedList(first: Int, after: Int): [Complaints]
  complaintsUsingComplaints_customer_id_fkey(customer_id: Int!): [Complaints]
  complaintsUsingComplaints_product_id_fkey(product_id: Int!): [Complaints]
  customers(customer_id: Int!): Customers
  customersList: [Customers]
  customersPaginatedList(first: Int, after: Int): [Customers]
  customersUsingComplaints_customer_id_fkey(customer_id: Int!): Customers
  products(product_id: Int!): Products
  productsList: [Products]
  productsPaginatedList(first: Int, after: Int): [Products]
  productsUsingComplaints_product_id_fkey(product_id: Int!): Products
  staff(staff_id: Int!): Staff
  staffList: [Staff]
  staffPaginatedList(first: Int, after: Int): [Staff]
  staffUsingComplaints_staff_id_fkey(staff_id: Int!): Staff
}","query  {
  complaintsList {
    complaint_id
    product_id
    complaint_outcome_code
    customers {
      email_address
    }
    date_complaint_closed
    date_complaint_raised
    staff_id
  }
}","query {
  complaintsList {
    complaint_id
    product_id
    staff_id
    date_complaint_raised
    date_complaint_closed
    complaint_outcome_code
    customers {
      email_address
    }
  }
}",Equal,N/A
"scalar Date
scalar DateTime
type Complaints {
  complaint_id: Int!
  complaint_outcome_code: String!
  complaint_status_code: String!
  complaint_type_code: String!
  customer_id: Int!
  customers: Customers
  date_complaint_closed: DateTime
  date_complaint_raised: DateTime
  product_id: Int!
  products: Products
  staff: Staff
  staff_id: Int!
}
type Customers {
  address_line_1: String
  address_line_2: String
  complaints: [Complaints]
  customer_id: Int!
  customer_type_code: String!
  email_address: String
  phone_number: String
  state: String
  town_city: String
}
type Products {
  complaints: [Complaints]
  date_product_discontinued: DateTime
  date_product_first_available: DateTime
  parent_product_id: Int
  product_category_code: String!
  product_description: String
  product_id: Int!
  product_name: String
  product_price: Float
}
type Staff {
  complaints: [Complaints]
  email_address: String
  first_name: String
  gender: String
  last_name: String
  phone_number: String
  staff_id: Int!
}
type Query {
  complaints(staff_id: Int!): [Complaints]
  complaintsList: [Complaints]
  complaintsPaginatedList(first: Int, after: Int): [Complaints]
  complaintsUsingComplaints_customer_id_fkey(customer_id: Int!): [Complaints]
  complaintsUsingComplaints_product_id_fkey(product_id: Int!): [Complaints]
  customers(customer_id: Int!): Customers
  customersList: [Customers]
  customersPaginatedList(first: Int, after: Int): [Customers]
  customersUsingComplaints_customer_id_fkey(customer_id: Int!): Customers
  products(product_id: Int!): Products
  productsList: [Products]
  productsPaginatedList(first: Int, after: Int): [Products]
  productsUsingComplaints_product_id_fkey(product_id: Int!): Products
  staff(staff_id: Int!): Staff
  staffList: [Staff]
  staffPaginatedList(first: Int, after: Int): [Staff]
  staffUsingComplaints_staff_id_fkey(staff_id: Int!): Staff
}","query  {
  complaintsList {
    complaint_id
    product_id
    complaint_outcome_code
    customers {
      email_address
    }
    date_complaint_closed
    date_complaint_raised
    staff_id
  }
}","query {
  complaintsList {
    complaint_id
    product_id
    staff_id
    date_complaint_raised
    date_complaint_closed
    complaint_outcome_code
    customers {
      email_address
    }
  }
}",Equal,N/A
"scalar Date
scalar DateTime
type Complaints {
  complaint_id: Int!
  complaint_outcome_code: String!
  complaint_status_code: String!
  complaint_type_code: String!
  customer_id: Int!
  customers: Customers
  date_complaint_closed: DateTime
  date_complaint_raised: DateTime
  product_id: Int!
  products: Products
  staff: Staff
  staff_id: Int!
}
type Customers {
  address_line_1: String
  address_line_2: String
  complaints: [Complaints]
  customer_id: Int!
  customer_type_code: String!
  email_address: String
  phone_number: String
  state: String
  town_city: String
}
type Products {
  complaints: [Complaints]
  date_product_discontinued: DateTime
  date_product_first_available: DateTime
  parent_product_id: Int
  product_category_code: String!
  product_description: String
  product_id: Int!
  product_name: String
  product_price: Float
}
type Staff {
  complaints: [Complaints]
  email_address: String
  first_name: String
  gender: String
  last_name: String
  phone_number: String
  staff_id: Int!
}
type Query {
  complaints(staff_id: Int!): [Complaints]
  complaintsList: [Complaints]
  complaintsPaginatedList(first: Int, after: Int): [Complaints]
  complaintsUsingComplaints_customer_id_fkey(customer_id: Int!): [Complaints]
  complaintsUsingComplaints_product_id_fkey(product_id: Int!): [Complaints]
  customers(customer_id: Int!): Customers
  customersList: [Customers]
  customersPaginatedList(first: Int, after: Int): [Customers]
  customersUsingComplaints_customer_id_fkey(customer_id: Int!): Customers
  products(product_id: Int!): Products
  productsList: [Products]
  productsPaginatedList(first: Int, after: Int): [Products]
  productsUsingComplaints_product_id_fkey(product_id: Int!): Products
  staff(staff_id: Int!): Staff
  staffList: [Staff]
  staffPaginatedList(first: Int, after: Int): [Staff]
  staffUsingComplaints_staff_id_fkey(staff_id: Int!): Staff
}","query  {
  complaintsList {
    complaint_id
    product_id
    complaint_outcome_code
    customers {
      email_address
    }
    date_complaint_closed
    date_complaint_raised
    staff_id
  }
}","query {
  complaintsList {
    complaint_id
    staff_id
    product_id
    customers {
      email_address
    }
    date_complaint_raised
    date_complaint_closed
    complaint_outcome_code
  }
}",Equal,N/A
"scalar Date
scalar DateTime
type Complaints {
  complaint_id: Int!
  complaint_outcome_code: String!
  complaint_status_code: String!
  complaint_type_code: String!
  customer_id: Int!
  customers: Customers
  date_complaint_closed: DateTime
  date_complaint_raised: DateTime
  product_id: Int!
  products: Products
  staff: Staff
  staff_id: Int!
}
type Customers {
  address_line_1: String
  address_line_2: String
  complaints: [Complaints]
  customer_id: Int!
  customer_type_code: String!
  email_address: String
  phone_number: String
  state: String
  town_city: String
}
type Products {
  complaints: [Complaints]
  date_product_discontinued: DateTime
  date_product_first_available: DateTime
  parent_product_id: Int
  product_category_code: String!
  product_description: String
  product_id: Int!
  product_name: String
  product_price: Float
}
type Staff {
  complaints: [Complaints]
  email_address: String
  first_name: String
  gender: String
  last_name: String
  phone_number: String
  staff_id: Int!
}
type Query {
  complaints(staff_id: Int!): [Complaints]
  complaintsList: [Complaints]
  complaintsPaginatedList(first: Int, after: Int): [Complaints]
  complaintsUsingComplaints_customer_id_fkey(customer_id: Int!): [Complaints]
  complaintsUsingComplaints_product_id_fkey(product_id: Int!): [Complaints]
  customers(customer_id: Int!): Customers
  customersList: [Customers]
  customersPaginatedList(first: Int, after: Int): [Customers]
  customersUsingComplaints_customer_id_fkey(customer_id: Int!): Customers
  products(product_id: Int!): Products
  productsList: [Products]
  productsPaginatedList(first: Int, after: Int): [Products]
  productsUsingComplaints_product_id_fkey(product_id: Int!): Products
  staff(staff_id: Int!): Staff
  staffList: [Staff]
  staffPaginatedList(first: Int, after: Int): [Staff]
  staffUsingComplaints_staff_id_fkey(staff_id: Int!): Staff
}","query  {
  complaintsList {
    complaint_id
    product_id
    complaint_outcome_code
    date_complaint_closed
    date_complaint_raised
    staff_id
    complaint_status_code
    customers {
      email_address
    }
  }
}","query {
  complaintsList {
    complaint_id
    product_id
    staff_id
    date_complaint_raised
    date_complaint_closed
    complaint_outcome_code
    complaint_status_code
    customers {
      email_address
    }
  }
}",Equal,N/A
"scalar Date
scalar DateTime
type Complaints {
  complaint_id: Int!
  complaint_outcome_code: String!
  complaint_status_code: String!
  complaint_type_code: String!
  customer_id: Int!
  customers: Customers
  date_complaint_closed: DateTime
  date_complaint_raised: DateTime
  product_id: Int!
  products: Products
  staff: Staff
  staff_id: Int!
}
type Customers {
  address_line_1: String
  address_line_2: String
  complaints: [Complaints]
  customer_id: Int!
  customer_type_code: String!
  email_address: String
  phone_number: String
  state: String
  town_city: String
}
type Products {
  complaints: [Complaints]
  date_product_discontinued: DateTime
  date_product_first_available: DateTime
  parent_product_id: Int
  product_category_code: String!
  product_description: String
  product_id: Int!
  product_name: String
  product_price: Float
}
type Staff {
  complaints: [Complaints]
  email_address: String
  first_name: String
  gender: String
  last_name: String
  phone_number: String
  staff_id: Int!
}
type Query {
  complaints(staff_id: Int!): [Complaints]
  complaintsList: [Complaints]
  complaintsPaginatedList(first: Int, after: Int): [Complaints]
  complaintsUsingComplaints_customer_id_fkey(customer_id: Int!): [Complaints]
  complaintsUsingComplaints_product_id_fkey(product_id: Int!): [Complaints]
  customers(customer_id: Int!): Customers
  customersList: [Customers]
  customersPaginatedList(first: Int, after: Int): [Customers]
  customersUsingComplaints_customer_id_fkey(customer_id: Int!): Customers
  products(product_id: Int!): Products
  productsList: [Products]
  productsPaginatedList(first: Int, after: Int): [Products]
  productsUsingComplaints_product_id_fkey(product_id: Int!): Products
  staff(staff_id: Int!): Staff
  staffList: [Staff]
  staffPaginatedList(first: Int, after: Int): [Staff]
  staffUsingComplaints_staff_id_fkey(staff_id: Int!): Staff
}","query  {
  complaintsList {
    complaint_id
    product_id
    complaint_outcome_code
    date_complaint_closed
    date_complaint_raised
    staff_id
    complaint_status_code
    customers {
      email_address
    }
  }
}","query {
  complaintsList {
    complaint_id
    product_id
    staff_id
    date_complaint_raised
    date_complaint_closed
    complaint_outcome_code
    complaint_status_code
    customers {
      email_address
    }
  }
}",Equal,N/A
"scalar Date
scalar DateTime
type Complaints {
  complaint_id: Int!
  complaint_outcome_code: String!
  complaint_status_code: String!
  complaint_type_code: String!
  customer_id: Int!
  customers: Customers
  date_complaint_closed: DateTime
  date_complaint_raised: DateTime
  product_id: Int!
  products: Products
  staff: Staff
  staff_id: Int!
}
type Customers {
  address_line_1: String
  address_line_2: String
  complaints: [Complaints]
  customer_id: Int!
  customer_type_code: String!
  email_address: String
  phone_number: String
  state: String
  town_city: String
}
type Products {
  complaints: [Complaints]
  date_product_discontinued: DateTime
  date_product_first_available: DateTime
  parent_product_id: Int
  product_category_code: String!
  product_description: String
  product_id: Int!
  product_name: String
  product_price: Float
}
type Staff {
  complaints: [Complaints]
  email_address: String
  first_name: String
  gender: String
  last_name: String
  phone_number: String
  staff_id: Int!
}
type Query {
  complaints(staff_id: Int!): [Complaints]
  complaintsList: [Complaints]
  complaintsPaginatedList(first: Int, after: Int): [Complaints]
  complaintsUsingComplaints_customer_id_fkey(customer_id: Int!): [Complaints]
  complaintsUsingComplaints_product_id_fkey(product_id: Int!): [Complaints]
  customers(customer_id: Int!): Customers
  customersList: [Customers]
  customersPaginatedList(first: Int, after: Int): [Customers]
  customersUsingComplaints_customer_id_fkey(customer_id: Int!): Customers
  products(product_id: Int!): Products
  productsList: [Products]
  productsPaginatedList(first: Int, after: Int): [Products]
  productsUsingComplaints_product_id_fkey(product_id: Int!): Products
  staff(staff_id: Int!): Staff
  staffList: [Staff]
  staffPaginatedList(first: Int, after: Int): [Staff]
  staffUsingComplaints_staff_id_fkey(staff_id: Int!): Staff
}","query  {
  complaintsList {
    complaint_id
    product_id
    complaint_outcome_code
    date_complaint_closed
    date_complaint_raised
    staff_id
    complaint_status_code
    customers {
      email_address
    }
  }
}","query {
  complaintsList {
    complaint_id
    product_id
    staff_id
    date_complaint_raised
    date_complaint_closed
    complaint_outcome_code
    complaint_status_code
    customers {
      email_address
    }
  }
}",Equal,N/A
"scalar Date
scalar DateTime
type Complaints {
  complaint_id: Int!
  complaint_outcome_code: String!
  complaint_status_code: String!
  complaint_type_code: String!
  customer_id: Int!
  customers: Customers
  date_complaint_closed: DateTime
  date_complaint_raised: DateTime
  product_id: Int!
  products: Products
  staff: Staff
  staff_id: Int!
}
type Customers {
  address_line_1: String
  address_line_2: String
  complaints: [Complaints]
  customer_id: Int!
  customer_type_code: String!
  email_address: String
  phone_number: String
  state: String
  town_city: String
}
type Products {
  complaints: [Complaints]
  date_product_discontinued: DateTime
  date_product_first_available: DateTime
  parent_product_id: Int
  product_category_code: String!
  product_description: String
  product_id: Int!
  product_name: String
  product_price: Float
}
type Staff {
  complaints: [Complaints]
  email_address: String
  first_name: String
  gender: String
  last_name: String
  phone_number: String
  staff_id: Int!
}
type Query {
  complaints(staff_id: Int!): [Complaints]
  complaintsList: [Complaints]
  complaintsPaginatedList(first: Int, after: Int): [Complaints]
  complaintsUsingComplaints_customer_id_fkey(customer_id: Int!): [Complaints]
  complaintsUsingComplaints_product_id_fkey(product_id: Int!): [Complaints]
  customers(customer_id: Int!): Customers
  customersList: [Customers]
  customersPaginatedList(first: Int, after: Int): [Customers]
  customersUsingComplaints_customer_id_fkey(customer_id: Int!): Customers
  products(product_id: Int!): Products
  productsList: [Products]
  productsPaginatedList(first: Int, after: Int): [Products]
  productsUsingComplaints_product_id_fkey(product_id: Int!): Products
  staff(staff_id: Int!): Staff
  staffList: [Staff]
  staffPaginatedList(first: Int, after: Int): [Staff]
  staffUsingComplaints_staff_id_fkey(staff_id: Int!): Staff
}","query  {
  complaintsList {
    complaint_id
    product_id
    complaint_outcome_code
    date_complaint_closed
    date_complaint_raised
    staff_id
    complaint_status_code
    customers {
      email_address
    }
  }
}","query GetComplaints {
  complaintsList {
    complaint_id
    staff_id
    product_id
    date_complaint_raised
    date_complaint_closed
    complaint_outcome_code
    complaint_status_code
    customers {
      email_address
    }
  }
}",Unequal,N/A
"scalar Date
scalar DateTime
type Complaints {
  complaint_id: Int!
  complaint_outcome_code: String!
  complaint_status_code: String!
  complaint_type_code: String!
  customer_id: Int!
  customers: Customers
  date_complaint_closed: DateTime
  date_complaint_raised: DateTime
  product_id: Int!
  products: Products
  staff: Staff
  staff_id: Int!
}
type Customers {
  address_line_1: String
  address_line_2: String
  complaints: [Complaints]
  customer_id: Int!
  customer_type_code: String!
  email_address: String
  phone_number: String
  state: String
  town_city: String
}
type Products {
  complaints: [Complaints]
  date_product_discontinued: DateTime
  date_product_first_available: DateTime
  parent_product_id: Int
  product_category_code: String!
  product_description: String
  product_id: Int!
  product_name: String
  product_price: Float
}
type Staff {
  complaints: [Complaints]
  email_address: String
  first_name: String
  gender: String
  last_name: String
  phone_number: String
  staff_id: Int!
}
type Query {
  complaints(staff_id: Int!): [Complaints]
  complaintsList: [Complaints]
  complaintsPaginatedList(first: Int, after: Int): [Complaints]
  complaintsUsingComplaints_customer_id_fkey(customer_id: Int!): [Complaints]
  complaintsUsingComplaints_product_id_fkey(product_id: Int!): [Complaints]
  customers(customer_id: Int!): Customers
  customersList: [Customers]
  customersPaginatedList(first: Int, after: Int): [Customers]
  customersUsingComplaints_customer_id_fkey(customer_id: Int!): Customers
  products(product_id: Int!): Products
  productsList: [Products]
  productsPaginatedList(first: Int, after: Int): [Products]
  productsUsingComplaints_product_id_fkey(product_id: Int!): Products
  staff(staff_id: Int!): Staff
  staffList: [Staff]
  staffPaginatedList(first: Int, after: Int): [Staff]
  staffUsingComplaints_staff_id_fkey(staff_id: Int!): Staff
}","query  {
  complaintsList {
    complaint_id
    product_id
    complaint_outcome_code
    date_complaint_closed
    date_complaint_raised
    staff_id
    complaint_status_code
    complaint_type_code
    customer_id
    customers {
      email_address
    }
  }
}","query {
  complaintsList {
    complaint_id
    complaint_outcome_code
    complaint_status_code
    complaint_type_code
    customer_id
    customers {
      email_address
    }
    date_complaint_closed
    date_complaint_raised
    product_id
    products {
      product_name
    }
    staff {
      first_name
      last_name
    }
    staff_id
  }
}",Unequal,N/A
"scalar Date
scalar DateTime
type Complaints {
  complaint_id: Int!
  complaint_outcome_code: String!
  complaint_status_code: String!
  complaint_type_code: String!
  customer_id: Int!
  customers: Customers
  date_complaint_closed: DateTime
  date_complaint_raised: DateTime
  product_id: Int!
  products: Products
  staff: Staff
  staff_id: Int!
}
type Customers {
  address_line_1: String
  address_line_2: String
  complaints: [Complaints]
  customer_id: Int!
  customer_type_code: String!
  email_address: String
  phone_number: String
  state: String
  town_city: String
}
type Products {
  complaints: [Complaints]
  date_product_discontinued: DateTime
  date_product_first_available: DateTime
  parent_product_id: Int
  product_category_code: String!
  product_description: String
  product_id: Int!
  product_name: String
  product_price: Float
}
type Staff {
  complaints: [Complaints]
  email_address: String
  first_name: String
  gender: String
  last_name: String
  phone_number: String
  staff_id: Int!
}
type Query {
  complaints(staff_id: Int!): [Complaints]
  complaintsList: [Complaints]
  complaintsPaginatedList(first: Int, after: Int): [Complaints]
  complaintsUsingComplaints_customer_id_fkey(customer_id: Int!): [Complaints]
  complaintsUsingComplaints_product_id_fkey(product_id: Int!): [Complaints]
  customers(customer_id: Int!): Customers
  customersList: [Customers]
  customersPaginatedList(first: Int, after: Int): [Customers]
  customersUsingComplaints_customer_id_fkey(customer_id: Int!): Customers
  products(product_id: Int!): Products
  productsList: [Products]
  productsPaginatedList(first: Int, after: Int): [Products]
  productsUsingComplaints_product_id_fkey(product_id: Int!): Products
  staff(staff_id: Int!): Staff
  staffList: [Staff]
  staffPaginatedList(first: Int, after: Int): [Staff]
  staffUsingComplaints_staff_id_fkey(staff_id: Int!): Staff
}","query  {
  complaintsList {
    complaint_id
    product_id
    complaint_outcome_code
    date_complaint_closed
    date_complaint_raised
    staff_id
    complaint_status_code
    complaint_type_code
    customer_id
    customers {
      email_address
    }
  }
}","query {
  complaintsList {
    customer_id
    customers {
      email_address
    }
  }
}",Unequal,N/A
"scalar Date
scalar DateTime
type Complaints {
  complaint_id: Int!
  complaint_outcome_code: String!
  complaint_status_code: String!
  complaint_type_code: String!
  customer_id: Int!
  customers: Customers
  date_complaint_closed: DateTime
  date_complaint_raised: DateTime
  product_id: Int!
  products: Products
  staff: Staff
  staff_id: Int!
}
type Customers {
  address_line_1: String
  address_line_2: String
  complaints: [Complaints]
  customer_id: Int!
  customer_type_code: String!
  email_address: String
  phone_number: String
  state: String
  town_city: String
}
type Products {
  complaints: [Complaints]
  date_product_discontinued: DateTime
  date_product_first_available: DateTime
  parent_product_id: Int
  product_category_code: String!
  product_description: String
  product_id: Int!
  product_name: String
  product_price: Float
}
type Staff {
  complaints: [Complaints]
  email_address: String
  first_name: String
  gender: String
  last_name: String
  phone_number: String
  staff_id: Int!
}
type Query {
  complaints(staff_id: Int!): [Complaints]
  complaintsList: [Complaints]
  complaintsPaginatedList(first: Int, after: Int): [Complaints]
  complaintsUsingComplaints_customer_id_fkey(customer_id: Int!): [Complaints]
  complaintsUsingComplaints_product_id_fkey(product_id: Int!): [Complaints]
  customers(customer_id: Int!): Customers
  customersList: [Customers]
  customersPaginatedList(first: Int, after: Int): [Customers]
  customersUsingComplaints_customer_id_fkey(customer_id: Int!): Customers
  products(product_id: Int!): Products
  productsList: [Products]
  productsPaginatedList(first: Int, after: Int): [Products]
  productsUsingComplaints_product_id_fkey(product_id: Int!): Products
  staff(staff_id: Int!): Staff
  staffList: [Staff]
  staffPaginatedList(first: Int, after: Int): [Staff]
  staffUsingComplaints_staff_id_fkey(staff_id: Int!): Staff
}","query  {
  complaintsList {
    complaint_id
    product_id
    complaint_outcome_code
    date_complaint_closed
    date_complaint_raised
    staff_id
    complaint_status_code
    complaint_type_code
    customer_id
    customers {
      email_address
    }
  }
}","query {
  complaintsList {
    complaint_id
    complaint_outcome_code
    complaint_status_code
    complaint_type_code
    customer_id
    customers {
      email_address
    }
    date_complaint_closed
    date_complaint_raised
    product_id
    products {
      product_name
    }
    staff {
      first_name
      last_name
    }
    staff_id
  }
}",Unequal,N/A
"scalar Date
scalar DateTime
type Complaints {
  complaint_id: Int!
  complaint_outcome_code: String!
  complaint_status_code: String!
  complaint_type_code: String!
  customer_id: Int!
  customers: Customers
  date_complaint_closed: DateTime
  date_complaint_raised: DateTime
  product_id: Int!
  products: Products
  staff: Staff
  staff_id: Int!
}
type Customers {
  address_line_1: String
  address_line_2: String
  complaints: [Complaints]
  customer_id: Int!
  customer_type_code: String!
  email_address: String
  phone_number: String
  state: String
  town_city: String
}
type Products {
  complaints: [Complaints]
  date_product_discontinued: DateTime
  date_product_first_available: DateTime
  parent_product_id: Int
  product_category_code: String!
  product_description: String
  product_id: Int!
  product_name: String
  product_price: Float
}
type Staff {
  complaints: [Complaints]
  email_address: String
  first_name: String
  gender: String
  last_name: String
  phone_number: String
  staff_id: Int!
}
type Query {
  complaints(staff_id: Int!): [Complaints]
  complaintsList: [Complaints]
  complaintsPaginatedList(first: Int, after: Int): [Complaints]
  complaintsUsingComplaints_customer_id_fkey(customer_id: Int!): [Complaints]
  complaintsUsingComplaints_product_id_fkey(product_id: Int!): [Complaints]
  customers(customer_id: Int!): Customers
  customersList: [Customers]
  customersPaginatedList(first: Int, after: Int): [Customers]
  customersUsingComplaints_customer_id_fkey(customer_id: Int!): Customers
  products(product_id: Int!): Products
  productsList: [Products]
  productsPaginatedList(first: Int, after: Int): [Products]
  productsUsingComplaints_product_id_fkey(product_id: Int!): Products
  staff(staff_id: Int!): Staff
  staffList: [Staff]
  staffPaginatedList(first: Int, after: Int): [Staff]
  staffUsingComplaints_staff_id_fkey(staff_id: Int!): Staff
}","query  {
  complaintsList {
    complaint_id
    product_id
    complaint_outcome_code
    date_complaint_closed
    date_complaint_raised
    staff_id
    complaint_status_code
    complaint_type_code
    customer_id
    customers {
      email_address
    }
  }
}","query {
  complaintsList {
    complaint_id
    complaint_outcome_code
    complaint_status_code
    complaint_type_code
    customer_id
    customers {
      email_address
    }
    date_complaint_closed
    date_complaint_raised
    product_id
    products {
      product_name
    }
    staff {
      first_name
      last_name
    }
    staff_id
  }
}",Unequal,N/A
"scalar Date
scalar DateTime
type Complaints {
  complaint_id: Int!
  complaint_outcome_code: String!
  complaint_status_code: String!
  complaint_type_code: String!
  customer_id: Int!
  customers: Customers
  date_complaint_closed: DateTime
  date_complaint_raised: DateTime
  product_id: Int!
  products: Products
  staff: Staff
  staff_id: Int!
}
type Customers {
  address_line_1: String
  address_line_2: String
  complaints: [Complaints]
  customer_id: Int!
  customer_type_code: String!
  email_address: String
  phone_number: String
  state: String
  town_city: String
}
type Products {
  complaints: [Complaints]
  date_product_discontinued: DateTime
  date_product_first_available: DateTime
  parent_product_id: Int
  product_category_code: String!
  product_description: String
  product_id: Int!
  product_name: String
  product_price: Float
}
type Staff {
  complaints: [Complaints]
  email_address: String
  first_name: String
  gender: String
  last_name: String
  phone_number: String
  staff_id: Int!
}
type Query {
  complaints(staff_id: Int!): [Complaints]
  complaintsList: [Complaints]
  complaintsPaginatedList(first: Int, after: Int): [Complaints]
  complaintsUsingComplaints_customer_id_fkey(customer_id: Int!): [Complaints]
  complaintsUsingComplaints_product_id_fkey(product_id: Int!): [Complaints]
  customers(customer_id: Int!): Customers
  customersList: [Customers]
  customersPaginatedList(first: Int, after: Int): [Customers]
  customersUsingComplaints_customer_id_fkey(customer_id: Int!): Customers
  products(product_id: Int!): Products
  productsList: [Products]
  productsPaginatedList(first: Int, after: Int): [Products]
  productsUsingComplaints_product_id_fkey(product_id: Int!): Products
  staff(staff_id: Int!): Staff
  staffList: [Staff]
  staffPaginatedList(first: Int, after: Int): [Staff]
  staffUsingComplaints_staff_id_fkey(staff_id: Int!): Staff
}","query  {
  complaintsList {
    complaint_id
    product_id
    complaint_outcome_code
    date_complaint_closed
    date_complaint_raised
    staff_id
    complaint_status_code
    complaint_type_code
    customer_id
    customers {
      email_address
    }
  }
}","query {
  complaintsList {
    complaint_id
    complaint_outcome_code
    complaint_status_code
    complaint_type_code
    customer_id
    customers {
      email_address
    }
    date_complaint_closed
    date_complaint_raised
    product_id
    staff_id
  }
}",Equal,N/A
"scalar Date
scalar DateTime
type Complaints {
  complaint_id: Int!
  complaint_outcome_code: String!
  complaint_status_code: String!
  complaint_type_code: String!
  customer_id: Int!
  customers: Customers
  date_complaint_closed: DateTime
  date_complaint_raised: DateTime
  product_id: Int!
  products: Products
  staff: Staff
  staff_id: Int!
}
type Customers {
  address_line_1: String
  address_line_2: String
  complaints: [Complaints]
  customer_id: Int!
  customer_type_code: String!
  email_address: String
  phone_number: String
  state: String
  town_city: String
}
type Products {
  complaints: [Complaints]
  date_product_discontinued: DateTime
  date_product_first_available: DateTime
  parent_product_id: Int
  product_category_code: String!
  product_description: String
  product_id: Int!
  product_name: String
  product_price: Float
}
type Staff {
  complaints: [Complaints]
  email_address: String
  first_name: String
  gender: String
  last_name: String
  phone_number: String
  staff_id: Int!
}
type Query {
  complaints(staff_id: Int!): [Complaints]
  complaintsList: [Complaints]
  complaintsPaginatedList(first: Int, after: Int): [Complaints]
  complaintsUsingComplaints_customer_id_fkey(customer_id: Int!): [Complaints]
  complaintsUsingComplaints_product_id_fkey(product_id: Int!): [Complaints]
  customers(customer_id: Int!): Customers
  customersList: [Customers]
  customersPaginatedList(first: Int, after: Int): [Customers]
  customersUsingComplaints_customer_id_fkey(customer_id: Int!): Customers
  products(product_id: Int!): Products
  productsList: [Products]
  productsPaginatedList(first: Int, after: Int): [Products]
  productsUsingComplaints_product_id_fkey(product_id: Int!): Products
  staff(staff_id: Int!): Staff
  staffList: [Staff]
  staffPaginatedList(first: Int, after: Int): [Staff]
  staffUsingComplaints_staff_id_fkey(staff_id: Int!): Staff
}","query  {
  complaintsList {
    complaint_id
    product_id
    complaint_outcome_code
    date_complaint_closed
    date_complaint_raised
    staff_id
    complaint_status_code
    complaint_type_code
    customer_id
    customers {
      email_address
    }
  }
}","query {
  complaintsList {
    complaint_id
    complaint_outcome_code
    complaint_status_code
    complaint_type_code
    customer_id
    customers {
      email_address
    }
    date_complaint_closed
    date_complaint_raised
    product_id
    staff_id
  }
}",Equal,N/A
"scalar Date
scalar DateTime
type Complaints {
  complaint_id: Int!
  complaint_outcome_code: String!
  complaint_status_code: String!
  complaint_type_code: String!
  customer_id: Int!
  customers: Customers
  date_complaint_closed: DateTime
  date_complaint_raised: DateTime
  product_id: Int!
  products: Products
  staff: Staff
  staff_id: Int!
}
type Customers {
  address_line_1: String
  address_line_2: String
  complaints: [Complaints]
  customer_id: Int!
  customer_type_code: String!
  email_address: String
  phone_number: String
  state: String
  town_city: String
}
type Products {
  complaints: [Complaints]
  date_product_discontinued: DateTime
  date_product_first_available: DateTime
  parent_product_id: Int
  product_category_code: String!
  product_description: String
  product_id: Int!
  product_name: String
  product_price: Float
}
type Staff {
  complaints: [Complaints]
  email_address: String
  first_name: String
  gender: String
  last_name: String
  phone_number: String
  staff_id: Int!
}
type Query {
  complaints(staff_id: Int!): [Complaints]
  complaintsList: [Complaints]
  complaintsPaginatedList(first: Int, after: Int): [Complaints]
  complaintsUsingComplaints_customer_id_fkey(customer_id: Int!): [Complaints]
  complaintsUsingComplaints_product_id_fkey(product_id: Int!): [Complaints]
  customers(customer_id: Int!): Customers
  customersList: [Customers]
  customersPaginatedList(first: Int, after: Int): [Customers]
  customersUsingComplaints_customer_id_fkey(customer_id: Int!): Customers
  products(product_id: Int!): Products
  productsList: [Products]
  productsPaginatedList(first: Int, after: Int): [Products]
  productsUsingComplaints_product_id_fkey(product_id: Int!): Products
  staff(staff_id: Int!): Staff
  staffList: [Staff]
  staffPaginatedList(first: Int, after: Int): [Staff]
  staffUsingComplaints_staff_id_fkey(staff_id: Int!): Staff
}","query  {
  complaintsList {
    complaint_id
    product_id
    complaint_outcome_code
    date_complaint_closed
    date_complaint_raised
    staff_id
    complaint_status_code
    complaint_type_code
    customer_id
    customers {
      email_address
    }
  }
}","query {
  complaintsList {
    customer_id
    customers {
      email_address
    }
  }
}",Unequal,N/A
"scalar Date
scalar DateTime
type Complaints {
  complaint_id: Int!
  complaint_outcome_code: String!
  complaint_status_code: String!
  complaint_type_code: String!
  customer_id: Int!
  customers: Customers
  date_complaint_closed: DateTime
  date_complaint_raised: DateTime
  product_id: Int!
  products: Products
  staff: Staff
  staff_id: Int!
}
type Customers {
  address_line_1: String
  address_line_2: String
  complaints: [Complaints]
  customer_id: Int!
  customer_type_code: String!
  email_address: String
  phone_number: String
  state: String
  town_city: String
}
type Products {
  complaints: [Complaints]
  date_product_discontinued: DateTime
  date_product_first_available: DateTime
  parent_product_id: Int
  product_category_code: String!
  product_description: String
  product_id: Int!
  product_name: String
  product_price: Float
}
type Staff {
  complaints: [Complaints]
  email_address: String
  first_name: String
  gender: String
  last_name: String
  phone_number: String
  staff_id: Int!
}
type Query {
  complaints(staff_id: Int!): [Complaints]
  complaintsList: [Complaints]
  complaintsPaginatedList(first: Int, after: Int): [Complaints]
  complaintsUsingComplaints_customer_id_fkey(customer_id: Int!): [Complaints]
  complaintsUsingComplaints_product_id_fkey(product_id: Int!): [Complaints]
  customers(customer_id: Int!): Customers
  customersList: [Customers]
  customersPaginatedList(first: Int, after: Int): [Customers]
  customersUsingComplaints_customer_id_fkey(customer_id: Int!): Customers
  products(product_id: Int!): Products
  productsList: [Products]
  productsPaginatedList(first: Int, after: Int): [Products]
  productsUsingComplaints_product_id_fkey(product_id: Int!): Products
  staff(staff_id: Int!): Staff
  staffList: [Staff]
  staffPaginatedList(first: Int, after: Int): [Staff]
  staffUsingComplaints_staff_id_fkey(staff_id: Int!): Staff
}","query  {
  complaintsList {
    complaint_id
    product_id
    complaint_outcome_code
    date_complaint_closed
    date_complaint_raised
    staff_id
    complaint_status_code
    complaint_type_code
    customer_id
    customers {
      email_address
    }
  }
}","query {
  complaintsList {
    complaint_id
    complaint_outcome_code
    complaint_status_code
    complaint_type_code
    customer_id
    date_complaint_closed
    date_complaint_raised
    product_id
    staff_id
    customers {
      email_address
    }
  }
}",Equal,N/A
"scalar Date
scalar DateTime
type Complaints {
  complaint_id: Int!
  complaint_outcome_code: String!
  complaint_status_code: String!
  complaint_type_code: String!
  customer_id: Int!
  customers: Customers
  date_complaint_closed: DateTime
  date_complaint_raised: DateTime
  product_id: Int!
  products: Products
  staff: Staff
  staff_id: Int!
}
type Customers {
  address_line_1: String
  address_line_2: String
  complaints: [Complaints]
  customer_id: Int!
  customer_type_code: String!
  email_address: String
  phone_number: String
  state: String
  town_city: String
}
type Products {
  complaints: [Complaints]
  date_product_discontinued: DateTime
  date_product_first_available: DateTime
  parent_product_id: Int
  product_category_code: String!
  product_description: String
  product_id: Int!
  product_name: String
  product_price: Float
}
type Staff {
  complaints: [Complaints]
  email_address: String
  first_name: String
  gender: String
  last_name: String
  phone_number: String
  staff_id: Int!
}
type Query {
  complaints(staff_id: Int!): [Complaints]
  complaintsList: [Complaints]
  complaintsPaginatedList(first: Int, after: Int): [Complaints]
  complaintsUsingComplaints_customer_id_fkey(customer_id: Int!): [Complaints]
  complaintsUsingComplaints_product_id_fkey(product_id: Int!): [Complaints]
  customers(customer_id: Int!): Customers
  customersList: [Customers]
  customersPaginatedList(first: Int, after: Int): [Customers]
  customersUsingComplaints_customer_id_fkey(customer_id: Int!): Customers
  products(product_id: Int!): Products
  productsList: [Products]
  productsPaginatedList(first: Int, after: Int): [Products]
  productsUsingComplaints_product_id_fkey(product_id: Int!): Products
  staff(staff_id: Int!): Staff
  staffList: [Staff]
  staffPaginatedList(first: Int, after: Int): [Staff]
  staffUsingComplaints_staff_id_fkey(staff_id: Int!): Staff
}","query  {
  complaintsList {
    complaint_id
    product_id
    complaint_outcome_code
    date_complaint_closed
    date_complaint_raised
    staff_id
    complaint_status_code
    complaint_type_code
    customer_id
    customers {
      email_address
    }
  }
}","query {
  complaintsList {
    complaint_id
    complaint_outcome_code
    complaint_status_code
    complaint_type_code
    customer_id
    customers {
      email_address
    }
    date_complaint_closed
    date_complaint_raised
    product_id
    products {
      product_name
    }
    staff {
      first_name
      last_name
    }
    staff_id
  }
}",Unequal,N/A
"scalar Date
scalar DateTime
type Complaints {
  complaint_id: Int!
  complaint_outcome_code: String!
  complaint_status_code: String!
  complaint_type_code: String!
  customer_id: Int!
  customers: Customers
  date_complaint_closed: DateTime
  date_complaint_raised: DateTime
  product_id: Int!
  products: Products
  staff: Staff
  staff_id: Int!
}
type Customers {
  address_line_1: String
  address_line_2: String
  complaints: [Complaints]
  customer_id: Int!
  customer_type_code: String!
  email_address: String
  phone_number: String
  state: String
  town_city: String
}
type Products {
  complaints: [Complaints]
  date_product_discontinued: DateTime
  date_product_first_available: DateTime
  parent_product_id: Int
  product_category_code: String!
  product_description: String
  product_id: Int!
  product_name: String
  product_price: Float
}
type Staff {
  complaints: [Complaints]
  email_address: String
  first_name: String
  gender: String
  last_name: String
  phone_number: String
  staff_id: Int!
}
type Query {
  complaints(staff_id: Int!): [Complaints]
  complaintsList: [Complaints]
  complaintsPaginatedList(first: Int, after: Int): [Complaints]
  complaintsUsingComplaints_customer_id_fkey(customer_id: Int!): [Complaints]
  complaintsUsingComplaints_product_id_fkey(product_id: Int!): [Complaints]
  customers(customer_id: Int!): Customers
  customersList: [Customers]
  customersPaginatedList(first: Int, after: Int): [Customers]
  customersUsingComplaints_customer_id_fkey(customer_id: Int!): Customers
  products(product_id: Int!): Products
  productsList: [Products]
  productsPaginatedList(first: Int, after: Int): [Products]
  productsUsingComplaints_product_id_fkey(product_id: Int!): Products
  staff(staff_id: Int!): Staff
  staffList: [Staff]
  staffPaginatedList(first: Int, after: Int): [Staff]
  staffUsingComplaints_staff_id_fkey(staff_id: Int!): Staff
}","query  {
  complaintsList {
    complaint_id
    product_id
    complaint_outcome_code
    date_complaint_closed
    date_complaint_raised
    staff_id
    complaint_status_code
    complaint_type_code
    customer_id
    customers {
      email_address
    }
  }
}","query {
  complaintsList {
    complaint_id
    complaint_outcome_code
    complaint_status_code
    complaint_type_code
    customer_id
    customers {
      email_address
    }
    date_complaint_closed
    date_complaint_raised
    product_id
    products {
      product_name
    }
    staff {
      first_name
      last_name
    }
    staff_id
  }
}",Unequal,N/A
"scalar Date
scalar DateTime
type Complaints {
  complaint_id: Int!
  complaint_outcome_code: String!
  complaint_status_code: String!
  complaint_type_code: String!
  customer_id: Int!
  customers: Customers
  date_complaint_closed: DateTime
  date_complaint_raised: DateTime
  product_id: Int!
  products: Products
  staff: Staff
  staff_id: Int!
}
type Customers {
  address_line_1: String
  address_line_2: String
  complaints: [Complaints]
  customer_id: Int!
  customer_type_code: String!
  email_address: String
  phone_number: String
  state: String
  town_city: String
}
type Products {
  complaints: [Complaints]
  date_product_discontinued: DateTime
  date_product_first_available: DateTime
  parent_product_id: Int
  product_category_code: String!
  product_description: String
  product_id: Int!
  product_name: String
  product_price: Float
}
type Staff {
  complaints: [Complaints]
  email_address: String
  first_name: String
  gender: String
  last_name: String
  phone_number: String
  staff_id: Int!
}
type Query {
  complaints(staff_id: Int!): [Complaints]
  complaintsList: [Complaints]
  complaintsPaginatedList(first: Int, after: Int): [Complaints]
  complaintsUsingComplaints_customer_id_fkey(customer_id: Int!): [Complaints]
  complaintsUsingComplaints_product_id_fkey(product_id: Int!): [Complaints]
  customers(customer_id: Int!): Customers
  customersList: [Customers]
  customersPaginatedList(first: Int, after: Int): [Customers]
  customersUsingComplaints_customer_id_fkey(customer_id: Int!): Customers
  products(product_id: Int!): Products
  productsList: [Products]
  productsPaginatedList(first: Int, after: Int): [Products]
  productsUsingComplaints_product_id_fkey(product_id: Int!): Products
  staff(staff_id: Int!): Staff
  staffList: [Staff]
  staffPaginatedList(first: Int, after: Int): [Staff]
  staffUsingComplaints_staff_id_fkey(staff_id: Int!): Staff
}","query  {
  complaintsList {
    complaint_id
    product_id
    complaint_outcome_code
    date_complaint_closed
    date_complaint_raised
    staff_id
    complaint_status_code
    complaint_type_code
    customer_id
    customers {
      email_address
    }
  }
}","query {
  complaintsList {
    complaint_id
    complaint_outcome_code
    complaint_status_code
    complaint_type_code
    customer_id
    date_complaint_closed
    date_complaint_raised
    product_id
    staff_id
  }
}",Unequal,N/A
"scalar Date
scalar DateTime
type Complaints {
  complaint_id: Int!
  complaint_outcome_code: String!
  complaint_status_code: String!
  complaint_type_code: String!
  customer_id: Int!
  customers: Customers
  date_complaint_closed: DateTime
  date_complaint_raised: DateTime
  product_id: Int!
  products: Products
  staff: Staff
  staff_id: Int!
}
type Customers {
  address_line_1: String
  address_line_2: String
  complaints: [Complaints]
  customer_id: Int!
  customer_type_code: String!
  email_address: String
  phone_number: String
  state: String
  town_city: String
}
type Products {
  complaints: [Complaints]
  date_product_discontinued: DateTime
  date_product_first_available: DateTime
  parent_product_id: Int
  product_category_code: String!
  product_description: String
  product_id: Int!
  product_name: String
  product_price: Float
}
type Staff {
  complaints: [Complaints]
  email_address: String
  first_name: String
  gender: String
  last_name: String
  phone_number: String
  staff_id: Int!
}
type Query {
  complaints(staff_id: Int!): [Complaints]
  complaintsList: [Complaints]
  complaintsPaginatedList(first: Int, after: Int): [Complaints]
  complaintsUsingComplaints_customer_id_fkey(customer_id: Int!): [Complaints]
  complaintsUsingComplaints_product_id_fkey(product_id: Int!): [Complaints]
  customers(customer_id: Int!): Customers
  customersList: [Customers]
  customersPaginatedList(first: Int, after: Int): [Customers]
  customersUsingComplaints_customer_id_fkey(customer_id: Int!): Customers
  products(product_id: Int!): Products
  productsList: [Products]
  productsPaginatedList(first: Int, after: Int): [Products]
  productsUsingComplaints_product_id_fkey(product_id: Int!): Products
  staff(staff_id: Int!): Staff
  staffList: [Staff]
  staffPaginatedList(first: Int, after: Int): [Staff]
  staffUsingComplaints_staff_id_fkey(staff_id: Int!): Staff
}","query  {
  complaintsList {
    complaint_id
    customers {
      email_address
    }
  }
}","query {
  complaintsList {
    complaint_id
    complaint_outcome_code
    complaint_status_code
    complaint_type_code
    customer_id
    customers {
      email_address
    }
    date_complaint_closed
    date_complaint_raised
    product_id
    products {
      product_name
    }
    staff {
      first_name
      last_name
    }
    staff_id
  }
}",Unequal,N/A
"type Battle {
  bulgarian_commander: String
  date: String
  id: Int!
  latin_commander: String
  name: String
  result: String
  ship: [Ship]
}
type Death {
  caused_by_ship_id: Int
  id: Int!
  injured: Int
  killed: Int
  note: String
  ship: Ship
}
type Ship {
  battle: Battle
  death: [Death]
  disposition_of_ship: String
  id: Int!
  location: String
  lost_in_battle: Int
  name: String
  ship_type: String
  tonnage: String
}
input StringFilter {
  eq: String
  like: String
}
input FloatFilter {
  eq: Float
  gt: Float
  lt: Float
}
input IntFilter {
  eq: Int
  ne: Int
  gt: Int
  lt: Int
}
input battleFilter {
  bulgarian_commander: StringFilter
  latin_commander: StringFilter
  name: StringFilter
  result: StringFilter
}
input deathFilter {
  injured: IntFilter
  killed: IntFilter
}
input shipFilter {
  location: StringFilter
  name: StringFilter
  ship_type: StringFilter
  tonnage: StringFilter
}
type Query {
  battle(id: Int!): Battle
  battleList: [Battle]
  battlelist_filter(filter: battleFilter): [Battle]
  battlePaginatedList(first: Int, after: Int): [Battle]
  battleUsingShip_lost_in_battle_fkey(lost_in_battle: Int!): Battle
  death(id: Int!): Death
  deathList: [Death]
  deathList_filter(filter: deathFilter): [Death]
  deathPaginatedList(first: Int, after: Int): [Death]
  deathUsingDeath_caused_by_ship_id_fkey(id: Int!): [Death]
  ship(id: Int!): Ship
  shipList: [Ship]
  shipList_filter(filter: shipFilter): [Ship]
  shipPaginatedList(first: Int, after: Int): [Ship]
  shipUsingDeath_caused_by_ship_id_fkey(caused_by_ship_id: Int!): Ship
  shipUsingShip_lost_in_battle_fkey(id: Int!): [Ship]
}","query  {
  shipList_filter(filter: {ship_type: {eq: ""Brig""}}) {
    battle {
      name
      date
    }
  }
}","query {
  shipList_filter(filter: {ship_type: {eq: ""Brig""}}) {
    name
    battle {
      date
    }
  }
}",Unequal,N/A
"type Battle {
  bulgarian_commander: String
  date: String
  id: Int!
  latin_commander: String
  name: String
  result: String
  ship: [Ship]
}
type Death {
  caused_by_ship_id: Int
  id: Int!
  injured: Int
  killed: Int
  note: String
  ship: Ship
}
type Ship {
  battle: Battle
  death: [Death]
  disposition_of_ship: String
  id: Int!
  location: String
  lost_in_battle: Int
  name: String
  ship_type: String
  tonnage: String
}
input StringFilter {
  eq: String
  like: String
}
input FloatFilter {
  eq: Float
  gt: Float
  lt: Float
}
input IntFilter {
  eq: Int
  ne: Int
  gt: Int
  lt: Int
}
input battleFilter {
  bulgarian_commander: StringFilter
  latin_commander: StringFilter
  name: StringFilter
  result: StringFilter
}
input deathFilter {
  injured: IntFilter
  killed: IntFilter
}
input shipFilter {
  location: StringFilter
  name: StringFilter
  ship_type: StringFilter
  tonnage: StringFilter
}
type Query {
  battle(id: Int!): Battle
  battleList: [Battle]
  battlelist_filter(filter: battleFilter): [Battle]
  battlePaginatedList(first: Int, after: Int): [Battle]
  battleUsingShip_lost_in_battle_fkey(lost_in_battle: Int!): Battle
  death(id: Int!): Death
  deathList: [Death]
  deathList_filter(filter: deathFilter): [Death]
  deathPaginatedList(first: Int, after: Int): [Death]
  deathUsingDeath_caused_by_ship_id_fkey(id: Int!): [Death]
  ship(id: Int!): Ship
  shipList: [Ship]
  shipList_filter(filter: shipFilter): [Ship]
  shipPaginatedList(first: Int, after: Int): [Ship]
  shipUsingDeath_caused_by_ship_id_fkey(caused_by_ship_id: Int!): Ship
  shipUsingShip_lost_in_battle_fkey(id: Int!): [Ship]
}","query  {
  shipList_filter(filter: {ship_type: {eq: ""Brig""}}) {
    battle {
      name
      date
    }
  }
}","query {
  battleList {
    name
    date
    ship {
      ship_type
    }
  }
}",Unequal,N/A
"type Battle {
  bulgarian_commander: String
  date: String
  id: Int!
  latin_commander: String
  name: String
  result: String
  ship: [Ship]
}
type Death {
  caused_by_ship_id: Int
  id: Int!
  injured: Int
  killed: Int
  note: String
  ship: Ship
}
type Ship {
  battle: Battle
  death: [Death]
  disposition_of_ship: String
  id: Int!
  location: String
  lost_in_battle: Int
  name: String
  ship_type: String
  tonnage: String
}
input StringFilter {
  eq: String
  like: String
}
input FloatFilter {
  eq: Float
  gt: Float
  lt: Float
}
input IntFilter {
  eq: Int
  ne: Int
  gt: Int
  lt: Int
}
input battleFilter {
  bulgarian_commander: StringFilter
  latin_commander: StringFilter
  name: StringFilter
  result: StringFilter
}
input deathFilter {
  injured: IntFilter
  killed: IntFilter
}
input shipFilter {
  location: StringFilter
  name: StringFilter
  ship_type: StringFilter
  tonnage: StringFilter
}
type Query {
  battle(id: Int!): Battle
  battleList: [Battle]
  battlelist_filter(filter: battleFilter): [Battle]
  battlePaginatedList(first: Int, after: Int): [Battle]
  battleUsingShip_lost_in_battle_fkey(lost_in_battle: Int!): Battle
  death(id: Int!): Death
  deathList: [Death]
  deathList_filter(filter: deathFilter): [Death]
  deathPaginatedList(first: Int, after: Int): [Death]
  deathUsingDeath_caused_by_ship_id_fkey(id: Int!): [Death]
  ship(id: Int!): Ship
  shipList: [Ship]
  shipList_filter(filter: shipFilter): [Ship]
  shipPaginatedList(first: Int, after: Int): [Ship]
  shipUsingDeath_caused_by_ship_id_fkey(caused_by_ship_id: Int!): Ship
  shipUsingShip_lost_in_battle_fkey(id: Int!): [Ship]
}","query  {
  shipList_filter(
    filter: {ship_type: {eq: ""Brig""}, location: {eq: ""SW Approaches""}}
  ) {
    battle {
      name
      date
    }
  }
}","query {
  shipList_filter(filter: {ship_type: {eq: ""Brig""}, location: {like: ""SW approaches""}}) {
    battle {
      name
      date
    }
  }
}",Equal,N/A
"type Battle {
  bulgarian_commander: String
  date: String
  id: Int!
  latin_commander: String
  name: String
  result: String
  ship: [Ship]
}
type Death {
  caused_by_ship_id: Int
  id: Int!
  injured: Int
  killed: Int
  note: String
  ship: Ship
}
type Ship {
  battle: Battle
  death: [Death]
  disposition_of_ship: String
  id: Int!
  location: String
  lost_in_battle: Int
  name: String
  ship_type: String
  tonnage: String
}
input StringFilter {
  eq: String
  like: String
}
input FloatFilter {
  eq: Float
  gt: Float
  lt: Float
}
input IntFilter {
  eq: Int
  ne: Int
  gt: Int
  lt: Int
}
input battleFilter {
  bulgarian_commander: StringFilter
  latin_commander: StringFilter
  name: StringFilter
  result: StringFilter
}
input deathFilter {
  injured: IntFilter
  killed: IntFilter
}
input shipFilter {
  location: StringFilter
  name: StringFilter
  ship_type: StringFilter
  tonnage: StringFilter
}
type Query {
  battle(id: Int!): Battle
  battleList: [Battle]
  battlelist_filter(filter: battleFilter): [Battle]
  battlePaginatedList(first: Int, after: Int): [Battle]
  battleUsingShip_lost_in_battle_fkey(lost_in_battle: Int!): Battle
  death(id: Int!): Death
  deathList: [Death]
  deathList_filter(filter: deathFilter): [Death]
  deathPaginatedList(first: Int, after: Int): [Death]
  deathUsingDeath_caused_by_ship_id_fkey(id: Int!): [Death]
  ship(id: Int!): Ship
  shipList: [Ship]
  shipList_filter(filter: shipFilter): [Ship]
  shipPaginatedList(first: Int, after: Int): [Ship]
  shipUsingDeath_caused_by_ship_id_fkey(caused_by_ship_id: Int!): Ship
  shipUsingShip_lost_in_battle_fkey(id: Int!): [Ship]
}","query  {
  shipList_filter(
    filter: {ship_type: {eq: ""Brig""}, location: {eq: ""SW Approaches""}}
  ) {
    battle {
      name
      date
    }
  }
}","query {
  battleList {
    name
    date
    ship {
      location
      name
      ship_type
    }
  }
}",Unequal,N/A
"type Battle {
  bulgarian_commander: String
  date: String
  id: Int!
  latin_commander: String
  name: String
  result: String
  ship: [Ship]
}
type Death {
  caused_by_ship_id: Int
  id: Int!
  injured: Int
  killed: Int
  note: String
  ship: Ship
}
type Ship {
  battle: Battle
  death: [Death]
  disposition_of_ship: String
  id: Int!
  location: String
  lost_in_battle: Int
  name: String
  ship_type: String
  tonnage: String
}
input StringFilter {
  eq: String
  like: String
}
input FloatFilter {
  eq: Float
  gt: Float
  lt: Float
}
input IntFilter {
  eq: Int
  ne: Int
  gt: Int
  lt: Int
}
input battleFilter {
  bulgarian_commander: StringFilter
  latin_commander: StringFilter
  name: StringFilter
  result: StringFilter
}
input deathFilter {
  injured: IntFilter
  killed: IntFilter
}
input shipFilter {
  location: StringFilter
  name: StringFilter
  ship_type: StringFilter
  tonnage: StringFilter
}
type Query {
  battle(id: Int!): Battle
  battleList: [Battle]
  battlelist_filter(filter: battleFilter): [Battle]
  battlePaginatedList(first: Int, after: Int): [Battle]
  battleUsingShip_lost_in_battle_fkey(lost_in_battle: Int!): Battle
  death(id: Int!): Death
  deathList: [Death]
  deathList_filter(filter: deathFilter): [Death]
  deathPaginatedList(first: Int, after: Int): [Death]
  deathUsingDeath_caused_by_ship_id_fkey(id: Int!): [Death]
  ship(id: Int!): Ship
  shipList: [Ship]
  shipList_filter(filter: shipFilter): [Ship]
  shipPaginatedList(first: Int, after: Int): [Ship]
  shipUsingDeath_caused_by_ship_id_fkey(caused_by_ship_id: Int!): Ship
  shipUsingShip_lost_in_battle_fkey(id: Int!): [Ship]
}","query  {
  shipList_filter(
    filter: {ship_type: {eq: ""Brig""}, location: {eq: ""SW Approaches""}}
  ) {
    battle {
      name
      date
    }
  }
}","query {
  shipList_filter(filter: {location: {eq: ""SW Approaches""}, ship_type: {eq: ""Brig""}}) {
    battle {
      name
      date
    }
  }
}",Equal,N/A
"type Battle {
  bulgarian_commander: String
  date: String
  id: Int!
  latin_commander: String
  name: String
  result: String
  ship: [Ship]
}
type Death {
  caused_by_ship_id: Int
  id: Int!
  injured: Int
  killed: Int
  note: String
  ship: Ship
}
type Ship {
  battle: Battle
  death: [Death]
  disposition_of_ship: String
  id: Int!
  location: String
  lost_in_battle: Int
  name: String
  ship_type: String
  tonnage: String
}
input StringFilter {
  eq: String
  like: String
}
input FloatFilter {
  eq: Float
  gt: Float
  lt: Float
}
input IntFilter {
  eq: Int
  ne: Int
  gt: Int
  lt: Int
}
input battleFilter {
  bulgarian_commander: StringFilter
  latin_commander: StringFilter
  name: StringFilter
  result: StringFilter
}
input deathFilter {
  injured: IntFilter
  killed: IntFilter
}
input shipFilter {
  location: StringFilter
  name: StringFilter
  ship_type: StringFilter
  tonnage: StringFilter
}
type Query {
  battle(id: Int!): Battle
  battleList: [Battle]
  battlelist_filter(filter: battleFilter): [Battle]
  battlePaginatedList(first: Int, after: Int): [Battle]
  battleUsingShip_lost_in_battle_fkey(lost_in_battle: Int!): Battle
  death(id: Int!): Death
  deathList: [Death]
  deathList_filter(filter: deathFilter): [Death]
  deathPaginatedList(first: Int, after: Int): [Death]
  deathUsingDeath_caused_by_ship_id_fkey(id: Int!): [Death]
  ship(id: Int!): Ship
  shipList: [Ship]
  shipList_filter(filter: shipFilter): [Ship]
  shipPaginatedList(first: Int, after: Int): [Ship]
  shipUsingDeath_caused_by_ship_id_fkey(caused_by_ship_id: Int!): Ship
  shipUsingShip_lost_in_battle_fkey(id: Int!): [Ship]
}","query  {
  shipList_filter(
    filter: {ship_type: {eq: ""Brig""}, location: {eq: ""SW Approaches""}}
  ) {
    battle {
      name
      date
    }
  }
}","query {
  shipList_filter(filter: {location: {eq: ""St. Wmartin Approaches""}, ship_type: {eq: ""Brig""}}) {
    battle {
      name
      date
    }
  }
}",Equal,N/A
"type Battle {
  bulgarian_commander: String
  date: String
  id: Int!
  latin_commander: String
  name: String
  result: String
  ship: [Ship]
}
type Death {
  caused_by_ship_id: Int
  id: Int!
  injured: Int
  killed: Int
  note: String
  ship: Ship
}
type Ship {
  battle: Battle
  death: [Death]
  disposition_of_ship: String
  id: Int!
  location: String
  lost_in_battle: Int
  name: String
  ship_type: String
  tonnage: String
}
input StringFilter {
  eq: String
  like: String
}
input FloatFilter {
  eq: Float
  gt: Float
  lt: Float
}
input IntFilter {
  eq: Int
  ne: Int
  gt: Int
  lt: Int
}
input battleFilter {
  bulgarian_commander: StringFilter
  latin_commander: StringFilter
  name: StringFilter
  result: StringFilter
}
input deathFilter {
  injured: IntFilter
  killed: IntFilter
}
input shipFilter {
  location: StringFilter
  name: StringFilter
  ship_type: StringFilter
  tonnage: StringFilter
}
type Query {
  battle(id: Int!): Battle
  battleList: [Battle]
  battlelist_filter(filter: battleFilter): [Battle]
  battlePaginatedList(first: Int, after: Int): [Battle]
  battleUsingShip_lost_in_battle_fkey(lost_in_battle: Int!): Battle
  death(id: Int!): Death
  deathList: [Death]
  deathList_filter(filter: deathFilter): [Death]
  deathPaginatedList(first: Int, after: Int): [Death]
  deathUsingDeath_caused_by_ship_id_fkey(id: Int!): [Death]
  ship(id: Int!): Ship
  shipList: [Ship]
  shipList_filter(filter: shipFilter): [Ship]
  shipPaginatedList(first: Int, after: Int): [Ship]
  shipUsingDeath_caused_by_ship_id_fkey(caused_by_ship_id: Int!): Ship
  shipUsingShip_lost_in_battle_fkey(id: Int!): [Ship]
}","query  {
  battlelist_filter(filter: {result: {like: ""%Bulgarian victory%""}}) {
    name
    date
  }
}","query {
  battleList {
    name
    date
    result
    bulgarian_commander
  }
}",Unequal,N/A
"type Battle {
  bulgarian_commander: String
  date: String
  id: Int!
  latin_commander: String
  name: String
  result: String
  ship: [Ship]
}
type Death {
  caused_by_ship_id: Int
  id: Int!
  injured: Int
  killed: Int
  note: String
  ship: Ship
}
type Ship {
  battle: Battle
  death: [Death]
  disposition_of_ship: String
  id: Int!
  location: String
  lost_in_battle: Int
  name: String
  ship_type: String
  tonnage: String
}
input StringFilter {
  eq: String
  like: String
}
input FloatFilter {
  eq: Float
  gt: Float
  lt: Float
}
input IntFilter {
  eq: Int
  ne: Int
  gt: Int
  lt: Int
}
input battleFilter {
  bulgarian_commander: StringFilter
  latin_commander: StringFilter
  name: StringFilter
  result: StringFilter
}
input deathFilter {
  injured: IntFilter
  killed: IntFilter
}
input shipFilter {
  location: StringFilter
  name: StringFilter
  ship_type: StringFilter
  tonnage: StringFilter
}
type Query {
  battle(id: Int!): Battle
  battleList: [Battle]
  battlelist_filter(filter: battleFilter): [Battle]
  battlePaginatedList(first: Int, after: Int): [Battle]
  battleUsingShip_lost_in_battle_fkey(lost_in_battle: Int!): Battle
  death(id: Int!): Death
  deathList: [Death]
  deathList_filter(filter: deathFilter): [Death]
  deathPaginatedList(first: Int, after: Int): [Death]
  deathUsingDeath_caused_by_ship_id_fkey(id: Int!): [Death]
  ship(id: Int!): Ship
  shipList: [Ship]
  shipList_filter(filter: shipFilter): [Ship]
  shipPaginatedList(first: Int, after: Int): [Ship]
  shipUsingDeath_caused_by_ship_id_fkey(caused_by_ship_id: Int!): Ship
  shipUsingShip_lost_in_battle_fkey(id: Int!): [Ship]
}","query  {
  battlelist_filter(filter: {result: {like: ""%Bulgarian victory%""}}) {
    name
    date
  }
}","query {
  battleList {
    name
    date
    result
    bulgarian_commander
  }
}",Unequal,N/A
"type Accounts {
  account_no: ID
  address: String
  city: String
  client_status: String
  client_sub_status: String
  company: String
  country: String
  domestic_revenue: String
  employee_count: Float
  global_revenue: String
  industry: String
  sub_industry: String
}
type Contacts {
  address: String
  city: String
  company: String
  company_address: String
  company_city: String
  company_country: String
  country: String
  email_address: String
  first_name: String
  job_code: String
  job_description: String
  job_title: String
  last_name: String
  phone_number: String
  state: String
}
input StringFilter {
  like: String
}
input AccountsFilter {
  industry: StringFilter
  sub_industry: StringFilter
  city: StringFilter
}
input ContactsFilter {
  job_title: StringFilter
  state: StringFilter
  city: StringFilter
}
type Query {
  accountsList: [Accounts]
  accountsList_Filter(filter: AccountsFilter): [Accounts]
  accountsPaginatedList(first: Int, after: Int): [Accounts]
  contactsList: [Contacts]
  contactsList_Filter(filter: ContactsFilter): [Contacts]
  contactsPaginatedList(first: Int, after: Int): [Contacts]
}","query  {
  accountsList_Filter(filter: {industry: {like: ""%Financial Markets%""}}) {
    global_revenue
    domestic_revenue
    account_no
  }
}","query {
  accountsList_Filter(filter: { industry: { like: ""Financial Markets"" }, sub_industry: { like: ""Financial Services"" } }) {
    account_no
    company
    domestic_revenue
    global_revenue
  }
}",Unequal,N/A
"type Accounts {
  account_no: ID
  address: String
  city: String
  client_status: String
  client_sub_status: String
  company: String
  country: String
  domestic_revenue: String
  employee_count: Float
  global_revenue: String
  industry: String
  sub_industry: String
}
type Contacts {
  address: String
  city: String
  company: String
  company_address: String
  company_city: String
  company_country: String
  country: String
  email_address: String
  first_name: String
  job_code: String
  job_description: String
  job_title: String
  last_name: String
  phone_number: String
  state: String
}
input StringFilter {
  like: String
}
input AccountsFilter {
  industry: StringFilter
  sub_industry: StringFilter
  city: StringFilter
}
input ContactsFilter {
  job_title: StringFilter
  state: StringFilter
  city: StringFilter
}
type Query {
  accountsList: [Accounts]
  accountsList_Filter(filter: AccountsFilter): [Accounts]
  accountsPaginatedList(first: Int, after: Int): [Accounts]
  contactsList: [Contacts]
  contactsList_Filter(filter: ContactsFilter): [Contacts]
  contactsPaginatedList(first: Int, after: Int): [Contacts]
}","query  {
  accountsList_Filter(filter: {industry: {like: ""%Financial Markets%""}}) {
    global_revenue
    domestic_revenue
    account_no
  }
}","query {
  accountsList_Filter(filter: { industry: { like: ""Financial Markets"" } }) {
    global_revenue
  }
}",Unequal,N/A
"type Accounts {
  account_no: ID
  address: String
  city: String
  client_status: String
  client_sub_status: String
  company: String
  country: String
  domestic_revenue: String
  employee_count: Float
  global_revenue: String
  industry: String
  sub_industry: String
}
type Contacts {
  address: String
  city: String
  company: String
  company_address: String
  company_city: String
  company_country: String
  country: String
  email_address: String
  first_name: String
  job_code: String
  job_description: String
  job_title: String
  last_name: String
  phone_number: String
  state: String
}
input StringFilter {
  like: String
}
input AccountsFilter {
  industry: StringFilter
  sub_industry: StringFilter
  city: StringFilter
}
input ContactsFilter {
  job_title: StringFilter
  state: StringFilter
  city: StringFilter
}
type Query {
  accountsList: [Accounts]
  accountsList_Filter(filter: AccountsFilter): [Accounts]
  accountsPaginatedList(first: Int, after: Int): [Accounts]
  contactsList: [Contacts]
  contactsList_Filter(filter: ContactsFilter): [Contacts]
  contactsPaginatedList(first: Int, after: Int): [Contacts]
}","query  {
  accountsList_Filter(filter: {industry: {like: ""%Financial Markets%""}}) {
    global_revenue
    domestic_revenue
    account_no
  }
}","query {
  accountsList_Filter(filter: { industry: { like: ""Financial Markets"" } }) {
    account_no
    company
    domestic_revenue
    global_revenue
  }
}",Unequal,N/A
"type Accounts {
  account_no: ID
  address: String
  city: String
  client_status: String
  client_sub_status: String
  company: String
  country: String
  domestic_revenue: String
  employee_count: Float
  global_revenue: String
  industry: String
  sub_industry: String
}
type Contacts {
  address: String
  city: String
  company: String
  company_address: String
  company_city: String
  company_country: String
  country: String
  email_address: String
  first_name: String
  job_code: String
  job_description: String
  job_title: String
  last_name: String
  phone_number: String
  state: String
}
input StringFilter {
  like: String
}
input AccountsFilter {
  industry: StringFilter
  sub_industry: StringFilter
  city: StringFilter
}
input ContactsFilter {
  job_title: StringFilter
  state: StringFilter
  city: StringFilter
}
type Query {
  accountsList: [Accounts]
  accountsList_Filter(filter: AccountsFilter): [Accounts]
  accountsPaginatedList(first: Int, after: Int): [Accounts]
  contactsList: [Contacts]
  contactsList_Filter(filter: ContactsFilter): [Contacts]
  contactsPaginatedList(first: Int, after: Int): [Contacts]
}","query  {
  accountsList_Filter(filter: {industry: {like: ""%Financial Markets%""}}) {
    global_revenue
    domestic_revenue
    account_no
  }
}","query {
  accountsList_Filter(filter: { industry: { like: ""Financial Markets"" } }) {
    account_no
    global_revenue
  }
}",Unequal,N/A
"type Accounts {
  account_no: ID
  address: String
  city: String
  client_status: String
  client_sub_status: String
  company: String
  country: String
  domestic_revenue: String
  employee_count: Float
  global_revenue: String
  industry: String
  sub_industry: String
}
type Contacts {
  address: String
  city: String
  company: String
  company_address: String
  company_city: String
  company_country: String
  country: String
  email_address: String
  first_name: String
  job_code: String
  job_description: String
  job_title: String
  last_name: String
  phone_number: String
  state: String
}
input StringFilter {
  like: String
}
input AccountsFilter {
  industry: StringFilter
  sub_industry: StringFilter
  city: StringFilter
}
input ContactsFilter {
  job_title: StringFilter
  state: StringFilter
  city: StringFilter
}
type Query {
  accountsList: [Accounts]
  accountsList_Filter(filter: AccountsFilter): [Accounts]
  accountsPaginatedList(first: Int, after: Int): [Accounts]
  contactsList: [Contacts]
  contactsList_Filter(filter: ContactsFilter): [Contacts]
  contactsPaginatedList(first: Int, after: Int): [Contacts]
}","query  {
  accountsList_Filter(filter: {industry: {like: ""%Financial Markets%""}}) {
    global_revenue
    domestic_revenue
    account_no
  }
}","query {
  accountsList_Filter(filter: { industry: { like: ""Financial Markets"" } }) {
    account_no
    global_revenue
  }
}",Unequal,N/A
"type Accounts {
  account_no: ID
  address: String
  city: String
  client_status: String
  client_sub_status: String
  company: String
  country: String
  domestic_revenue: String
  employee_count: Float
  global_revenue: String
  industry: String
  sub_industry: String
}
type Contacts {
  address: String
  city: String
  company: String
  company_address: String
  company_city: String
  company_country: String
  country: String
  email_address: String
  first_name: String
  job_code: String
  job_description: String
  job_title: String
  last_name: String
  phone_number: String
  state: String
}
input StringFilter {
  like: String
}
input AccountsFilter {
  industry: StringFilter
  sub_industry: StringFilter
  city: StringFilter
}
input ContactsFilter {
  job_title: StringFilter
  state: StringFilter
  city: StringFilter
}
type Query {
  accountsList: [Accounts]
  accountsList_Filter(filter: AccountsFilter): [Accounts]
  accountsPaginatedList(first: Int, after: Int): [Accounts]
  contactsList: [Contacts]
  contactsList_Filter(filter: ContactsFilter): [Contacts]
  contactsPaginatedList(first: Int, after: Int): [Contacts]
}","query  {
  accountsList_Filter(filter: {industry: {like: ""%Financial Markets%""}}) {
    global_revenue
    domestic_revenue
    account_no
  }
}","query {
  accountsList_Filter(filter: {
    industry: {like: ""Financial Services""},
    sub_industry: {like: ""Investment Banking, Brokers/ dealers""}
  }) {
    account_no
    global_revenue
  }
}",Unequal,N/A
"type Accounts {
  account_no: ID
  address: String
  city: String
  client_status: String
  client_sub_status: String
  company: String
  country: String
  domestic_revenue: String
  employee_count: Float
  global_revenue: String
  industry: String
  sub_industry: String
}
type Contacts {
  address: String
  city: String
  company: String
  company_address: String
  company_city: String
  company_country: String
  country: String
  email_address: String
  first_name: String
  job_code: String
  job_description: String
  job_title: String
  last_name: String
  phone_number: String
  state: String
}
input StringFilter {
  like: String
}
input AccountsFilter {
  industry: StringFilter
  sub_industry: StringFilter
  city: StringFilter
}
input ContactsFilter {
  job_title: StringFilter
  state: StringFilter
  city: StringFilter
}
type Query {
  accountsList: [Accounts]
  accountsList_Filter(filter: AccountsFilter): [Accounts]
  accountsPaginatedList(first: Int, after: Int): [Accounts]
  contactsList: [Contacts]
  contactsList_Filter(filter: ContactsFilter): [Contacts]
  contactsPaginatedList(first: Int, after: Int): [Contacts]
}","query  {
  accountsList_Filter(filter: {industry: {like: ""%Financial Markets%""}}) {
    global_revenue
    domestic_revenue
    account_no
  }
}","query {
  accountsList_Filter(filter: { industry: { like: ""Financial Markets"" } }) {
    account_no
    global_revenue
  }
}",Unequal,N/A
"type Accounts {
  account_no: ID
  address: String
  city: String
  client_status: String
  client_sub_status: String
  company: String
  country: String
  domestic_revenue: String
  employee_count: Float
  global_revenue: String
  industry: String
  sub_industry: String
}
type Contacts {
  address: String
  city: String
  company: String
  company_address: String
  company_city: String
  company_country: String
  country: String
  email_address: String
  first_name: String
  job_code: String
  job_description: String
  job_title: String
  last_name: String
  phone_number: String
  state: String
}
input StringFilter {
  like: String
}
input AccountsFilter {
  industry: StringFilter
  sub_industry: StringFilter
  city: StringFilter
}
input ContactsFilter {
  job_title: StringFilter
  state: StringFilter
  city: StringFilter
}
type Query {
  accountsList: [Accounts]
  accountsList_Filter(filter: AccountsFilter): [Accounts]
  accountsPaginatedList(first: Int, after: Int): [Accounts]
  contactsList: [Contacts]
  contactsList_Filter(filter: ContactsFilter): [Contacts]
  contactsPaginatedList(first: Int, after: Int): [Contacts]
}","query  {
  accountsList_Filter(filter: {industry: {like: ""%Financial Markets%""}}) {
    global_revenue
    domestic_revenue
    account_no
  }
}","query {
  accountsList {
    account_no
    global_revenue
    domestic_revenue
  }
}",Unequal,N/A
"type Accounts {
  account_no: ID
  address: String
  city: String
  client_status: String
  client_sub_status: String
  company: String
  country: String
  domestic_revenue: String
  employee_count: Float
  global_revenue: String
  industry: String
  sub_industry: String
}
type Contacts {
  address: String
  city: String
  company: String
  company_address: String
  company_city: String
  company_country: String
  country: String
  email_address: String
  first_name: String
  job_code: String
  job_description: String
  job_title: String
  last_name: String
  phone_number: String
  state: String
}
input StringFilter {
  like: String
}
input AccountsFilter {
  industry: StringFilter
  sub_industry: StringFilter
  city: StringFilter
}
input ContactsFilter {
  job_title: StringFilter
  state: StringFilter
  city: StringFilter
}
type Query {
  accountsList: [Accounts]
  accountsList_Filter(filter: AccountsFilter): [Accounts]
  accountsPaginatedList(first: Int, after: Int): [Accounts]
  contactsList: [Contacts]
  contactsList_Filter(filter: ContactsFilter): [Contacts]
  contactsPaginatedList(first: Int, after: Int): [Contacts]
}","query  {
  accountsList_Filter(filter: {industry: {like: ""%Financial Markets%""}}) {
    global_revenue
    domestic_revenue
    account_no
  }
}","query {
  accountsList_Filter(filter: { industry: { like: ""Financial Markets"" } }) {
    account_no
    global_revenue
    domestic_revenue
  }
}",Equal,N/A
"type Accounts {
  account_no: ID
  address: String
  city: String
  client_status: String
  client_sub_status: String
  company: String
  country: String
  domestic_revenue: String
  employee_count: Float
  global_revenue: String
  industry: String
  sub_industry: String
}
type Contacts {
  address: String
  city: String
  company: String
  company_address: String
  company_city: String
  company_country: String
  country: String
  email_address: String
  first_name: String
  job_code: String
  job_description: String
  job_title: String
  last_name: String
  phone_number: String
  state: String
}
input StringFilter {
  like: String
}
input AccountsFilter {
  industry: StringFilter
  sub_industry: StringFilter
  city: StringFilter
}
input ContactsFilter {
  job_title: StringFilter
  state: StringFilter
  city: StringFilter
}
type Query {
  accountsList: [Accounts]
  accountsList_Filter(filter: AccountsFilter): [Accounts]
  accountsPaginatedList(first: Int, after: Int): [Accounts]
  contactsList: [Contacts]
  contactsList_Filter(filter: ContactsFilter): [Contacts]
  contactsPaginatedList(first: Int, after: Int): [Contacts]
}","query  {
  contactsList_Filter(
    filter: {job_title: {like: ""%Marketing Manager%""}, state: {like: ""%Georgia%""}}
  ) {
    email_address
    phone_number
  }
}","query {
  contactsList_Filter(filter: { job_title: { like: ""Marketing Manager"" }, state: { like: ""Georgia"" } }) {
    first_name
    last_name
    email_address
    phone_number
  }
}",Unequal,N/A
"type Accounts {
  account_no: ID
  address: String
  city: String
  client_status: String
  client_sub_status: String
  company: String
  country: String
  domestic_revenue: String
  employee_count: Float
  global_revenue: String
  industry: String
  sub_industry: String
}
type Contacts {
  address: String
  city: String
  company: String
  company_address: String
  company_city: String
  company_country: String
  country: String
  email_address: String
  first_name: String
  job_code: String
  job_description: String
  job_title: String
  last_name: String
  phone_number: String
  state: String
}
input StringFilter {
  like: String
}
input AccountsFilter {
  industry: StringFilter
  sub_industry: StringFilter
  city: StringFilter
}
input ContactsFilter {
  job_title: StringFilter
  state: StringFilter
  city: StringFilter
}
type Query {
  accountsList: [Accounts]
  accountsList_Filter(filter: AccountsFilter): [Accounts]
  accountsPaginatedList(first: Int, after: Int): [Accounts]
  contactsList: [Contacts]
  contactsList_Filter(filter: ContactsFilter): [Contacts]
  contactsPaginatedList(first: Int, after: Int): [Contacts]
}","query  {
  contactsList_Filter(filter: {job_title: {like: ""%Sales%""}}) {
    company
    company_address
    email_address
    phone_number
    company_city
    company_country
  }
}","query {
  contactsList_Filter(filter: { job_title: { like: ""Sales%"" } }) {
    company
    first_name
    last_name
    email_address
    phone_number
  }
}",Unequal,N/A
"type Accounts {
  account_no: ID
  address: String
  city: String
  client_status: String
  client_sub_status: String
  company: String
  country: String
  domestic_revenue: String
  employee_count: Float
  global_revenue: String
  industry: String
  sub_industry: String
}
type Contacts {
  address: String
  city: String
  company: String
  company_address: String
  company_city: String
  company_country: String
  country: String
  email_address: String
  first_name: String
  job_code: String
  job_description: String
  job_title: String
  last_name: String
  phone_number: String
  state: String
}
input StringFilter {
  like: String
}
input AccountsFilter {
  industry: StringFilter
  sub_industry: StringFilter
  city: StringFilter
}
input ContactsFilter {
  job_title: StringFilter
  state: StringFilter
  city: StringFilter
}
type Query {
  accountsList: [Accounts]
  accountsList_Filter(filter: AccountsFilter): [Accounts]
  accountsPaginatedList(first: Int, after: Int): [Accounts]
  contactsList: [Contacts]
  contactsList_Filter(filter: ContactsFilter): [Contacts]
  contactsPaginatedList(first: Int, after: Int): [Contacts]
}","query  {
  contactsList_Filter(filter: {job_title: {like: ""%Sales%""}}) {
    company
    company_address
    email_address
    phone_number
    company_city
    company_country
  }
}","query {
  contactsList_Filter(filter: { job_title: { like: ""Sales%"" } }) {
    first_name
    last_name
    company
    company_address
    company_city
    company_country
    email_address
    phone_number
  }
}",Unequal,N/A
"type Accounts {
  account_no: ID
  address: String
  city: String
  client_status: String
  client_sub_status: String
  company: String
  country: String
  domestic_revenue: String
  employee_count: Float
  global_revenue: String
  industry: String
  sub_industry: String
}
type Contacts {
  address: String
  city: String
  company: String
  company_address: String
  company_city: String
  company_country: String
  country: String
  email_address: String
  first_name: String
  job_code: String
  job_description: String
  job_title: String
  last_name: String
  phone_number: String
  state: String
}
input StringFilter {
  like: String
}
input AccountsFilter {
  industry: StringFilter
  sub_industry: StringFilter
  city: StringFilter
}
input ContactsFilter {
  job_title: StringFilter
  state: StringFilter
  city: StringFilter
}
type Query {
  accountsList: [Accounts]
  accountsList_Filter(filter: AccountsFilter): [Accounts]
  accountsPaginatedList(first: Int, after: Int): [Accounts]
  contactsList: [Contacts]
  contactsList_Filter(filter: ContactsFilter): [Contacts]
  contactsPaginatedList(first: Int, after: Int): [Contacts]
}","query  {
  contactsList_Filter(filter: {job_title: {like: ""%Sales%""}}) {
    company
    company_address
    email_address
    phone_number
    company_city
    company_country
  }
}","query {
  contactsList_Filter(filter: { job_title: { like: ""Sales%"" } }) {
    company
    first_name
    last_name
    email_address
    phone_number
  }
}",Unequal,N/A
"type Accounts {
  account_no: ID
  address: String
  city: String
  client_status: String
  client_sub_status: String
  company: String
  country: String
  domestic_revenue: String
  employee_count: Float
  global_revenue: String
  industry: String
  sub_industry: String
}
type Contacts {
  address: String
  city: String
  company: String
  company_address: String
  company_city: String
  company_country: String
  country: String
  email_address: String
  first_name: String
  job_code: String
  job_description: String
  job_title: String
  last_name: String
  phone_number: String
  state: String
}
input StringFilter {
  like: String
}
input AccountsFilter {
  industry: StringFilter
  sub_industry: StringFilter
  city: StringFilter
}
input ContactsFilter {
  job_title: StringFilter
  state: StringFilter
  city: StringFilter
}
type Query {
  accountsList: [Accounts]
  accountsList_Filter(filter: AccountsFilter): [Accounts]
  accountsPaginatedList(first: Int, after: Int): [Accounts]
  contactsList: [Contacts]
  contactsList_Filter(filter: ContactsFilter): [Contacts]
  contactsPaginatedList(first: Int, after: Int): [Contacts]
}","query  {
  contactsList_Filter(filter: {job_title: {like: ""%Sales%""}}) {
    state
    company
    email_address
    phone_number
    city
    address
  }
}","query {
  contactsList_Filter(filter: { job_title: { like: ""Sales%"" } }) {
    address
    city
    company
    state
  }
}",Unequal,N/A
"type Accounts {
  account_no: ID
  address: String
  city: String
  client_status: String
  client_sub_status: String
  company: String
  country: String
  domestic_revenue: String
  employee_count: Float
  global_revenue: String
  industry: String
  sub_industry: String
}
type Contacts {
  address: String
  city: String
  company: String
  company_address: String
  company_city: String
  company_country: String
  country: String
  email_address: String
  first_name: String
  job_code: String
  job_description: String
  job_title: String
  last_name: String
  phone_number: String
  state: String
}
input StringFilter {
  like: String
}
input AccountsFilter {
  industry: StringFilter
  sub_industry: StringFilter
  city: StringFilter
}
input ContactsFilter {
  job_title: StringFilter
  state: StringFilter
  city: StringFilter
}
type Query {
  accountsList: [Accounts]
  accountsList_Filter(filter: AccountsFilter): [Accounts]
  accountsPaginatedList(first: Int, after: Int): [Accounts]
  contactsList: [Contacts]
  contactsList_Filter(filter: ContactsFilter): [Contacts]
  contactsPaginatedList(first: Int, after: Int): [Contacts]
}","query  {
  contactsList_Filter(filter: {job_title: {like: ""%Sales%""}}) {
    state
    company
    email_address
    phone_number
    city
    address
  }
}","query {
  contactsList_Filter(filter: { job_title: { like: ""Sales%"" } }) {
    address
    city
    company
    state
  }
}",Unequal,N/A
"type Accounts {
  account_no: ID
  address: String
  city: String
  client_status: String
  client_sub_status: String
  company: String
  country: String
  domestic_revenue: String
  employee_count: Float
  global_revenue: String
  industry: String
  sub_industry: String
}
type Contacts {
  address: String
  city: String
  company: String
  company_address: String
  company_city: String
  company_country: String
  country: String
  email_address: String
  first_name: String
  job_code: String
  job_description: String
  job_title: String
  last_name: String
  phone_number: String
  state: String
}
input StringFilter {
  like: String
}
input AccountsFilter {
  industry: StringFilter
  sub_industry: StringFilter
  city: StringFilter
}
input ContactsFilter {
  job_title: StringFilter
  state: StringFilter
  city: StringFilter
}
type Query {
  accountsList: [Accounts]
  accountsList_Filter(filter: AccountsFilter): [Accounts]
  accountsPaginatedList(first: Int, after: Int): [Accounts]
  contactsList: [Contacts]
  contactsList_Filter(filter: ContactsFilter): [Contacts]
  contactsPaginatedList(first: Int, after: Int): [Contacts]
}","query  {
  contactsList_Filter(filter: {job_title: {like: ""%Sales%""}}) {
    state
    company
    email_address
    phone_number
    city
    address
  }
}","query {
  contactsList_Filter(filter: { job_title: { like: ""Sales%"" } }) {
    address
    city
    company
    state
  }
}",Unequal,N/A
"type Accounts {
  account_no: ID
  address: String
  city: String
  client_status: String
  client_sub_status: String
  company: String
  country: String
  domestic_revenue: String
  employee_count: Float
  global_revenue: String
  industry: String
  sub_industry: String
}
type Contacts {
  address: String
  city: String
  company: String
  company_address: String
  company_city: String
  company_country: String
  country: String
  email_address: String
  first_name: String
  job_code: String
  job_description: String
  job_title: String
  last_name: String
  phone_number: String
  state: String
}
input StringFilter {
  like: String
}
input AccountsFilter {
  industry: StringFilter
  sub_industry: StringFilter
  city: StringFilter
}
input ContactsFilter {
  job_title: StringFilter
  state: StringFilter
  city: StringFilter
}
type Query {
  accountsList: [Accounts]
  accountsList_Filter(filter: AccountsFilter): [Accounts]
  accountsPaginatedList(first: Int, after: Int): [Accounts]
  contactsList: [Contacts]
  contactsList_Filter(filter: ContactsFilter): [Contacts]
  contactsPaginatedList(first: Int, after: Int): [Contacts]
}","query  {
  contactsList_Filter(filter: {job_title: {like: ""%Sales%""}}) {
    state
    company
    email_address
    phone_number
    city
    address
  }
}","query {
  contactsList_Filter(filter: { job_title: { like: ""Sales%"" } }) {
    email_address
    phone_number
    address
    state
    city
    company
  }
}",Equal,N/A
"type Accounts {
  account_no: ID
  address: String
  city: String
  client_status: String
  client_sub_status: String
  company: String
  country: String
  domestic_revenue: String
  employee_count: Float
  global_revenue: String
  industry: String
  sub_industry: String
}
type Contacts {
  address: String
  city: String
  company: String
  company_address: String
  company_city: String
  company_country: String
  country: String
  email_address: String
  first_name: String
  job_code: String
  job_description: String
  job_title: String
  last_name: String
  phone_number: String
  state: String
}
input StringFilter {
  like: String
}
input AccountsFilter {
  industry: StringFilter
  sub_industry: StringFilter
  city: StringFilter
}
input ContactsFilter {
  job_title: StringFilter
  state: StringFilter
  city: StringFilter
}
type Query {
  accountsList: [Accounts]
  accountsList_Filter(filter: AccountsFilter): [Accounts]
  accountsPaginatedList(first: Int, after: Int): [Accounts]
  contactsList: [Contacts]
  contactsList_Filter(filter: ContactsFilter): [Contacts]
  contactsPaginatedList(first: Int, after: Int): [Contacts]
}","query  {
  accountsList_Filter(filter: {city: {like: ""%Orlando%""}}) {
    account_no
    domestic_revenue
    global_revenue
    industry
  }
}","query {
  accountsList_Filter(filter: {city: {like: ""Orlando""}}) {
    account_no
    domestic_revenue
    global_revenue
    industry
  }
}",Equal,N/A
"type Artwork {
  artwork_id: Int!
  name: String
  nomination: [Nomination]
  type: String
}
type Festival_detail {
  chair_name: String
  festival_id: Int!
  festival_name: String
  location: String
  nomination: [Nomination]
  num_of_audience: Int
  year: Int
}
type Nomination {
  artwork: Artwork
  artwork_id: Int!
  festival_detail: Festival_detail
  festival_id: Int!
  result: String
}
input StringFilter {
  eq: String
  like: String
}
input festival_id_Filter {
  eq: Int
}
input IntFilter {
  eq: Int
  ne: Int
  gt: Int
  lt: Int
}
input NominationFilter {
  result: StringFilter
  festival_id: festival_id_Filter
}
input Festival_detailFilter{
  num_of_audience: IntFilter
}
type Query {
  artwork(artwork_id: Int!): Artwork
  artworkList: [Artwork]
  artworkPaginatedList(first: Int, after: Int): [Artwork]
  artworkUsingNomination_artwork_id_fkey(artwork_id: Int!): Artwork
  festival_detail(festival_id: Int!): Festival_detail
  filtered_festival_detail(filter: Festival_detailFilter): [Festival_detail]
  festival_detailList: [Festival_detail]
  festival_detail_by_year(year: Int!): [Festival_detail]
  festival_detailUsingNomination_festival_id_fkey(
    festival_id: Int!
  ): Festival_detail
  nomination(artwork_id: Int!, festival_id: Int!): Nomination
  nominationList: [Nomination]
  filtered_nominationList(filter: NominationFilter): [Nomination]
  nominationPaginatedList(first: Int, after: Int): [Nomination]
  nominationUsingNomination_artwork_id_fkey(artwork_id: Int!): [Nomination]
  nominationUsingNomination_festival_id_fkey(festival_id: Int!): [Nomination]
}","query  {
  first: filtered_festival_detail(filter: {num_of_audience: {gt: 160}}) {
    location
    year
  }
  second: filtered_festival_detail(filter: {num_of_audience: {lt: 155}}) {
    location
    year
  }
}","query {
  festival_detailList {
    year
    location
    num_of_audience
    festival_name
  }
}",Unequal,N/A
"type Artwork {
  artwork_id: Int!
  name: String
  nomination: [Nomination]
  type: String
}
type Festival_detail {
  chair_name: String
  festival_id: Int!
  festival_name: String
  location: String
  nomination: [Nomination]
  num_of_audience: Int
  year: Int
}
type Nomination {
  artwork: Artwork
  artwork_id: Int!
  festival_detail: Festival_detail
  festival_id: Int!
  result: String
}
input StringFilter {
  eq: String
  like: String
}
input festival_id_Filter {
  eq: Int
}
input IntFilter {
  eq: Int
  ne: Int
  gt: Int
  lt: Int
}
input NominationFilter {
  result: StringFilter
  festival_id: festival_id_Filter
}
input Festival_detailFilter{
  num_of_audience: IntFilter
}
type Query {
  artwork(artwork_id: Int!): Artwork
  artworkList: [Artwork]
  artworkPaginatedList(first: Int, after: Int): [Artwork]
  artworkUsingNomination_artwork_id_fkey(artwork_id: Int!): Artwork
  festival_detail(festival_id: Int!): Festival_detail
  filtered_festival_detail(filter: Festival_detailFilter): [Festival_detail]
  festival_detailList: [Festival_detail]
  festival_detail_by_year(year: Int!): [Festival_detail]
  festival_detailUsingNomination_festival_id_fkey(
    festival_id: Int!
  ): Festival_detail
  nomination(artwork_id: Int!, festival_id: Int!): Nomination
  nominationList: [Nomination]
  filtered_nominationList(filter: NominationFilter): [Nomination]
  nominationPaginatedList(first: Int, after: Int): [Nomination]
  nominationUsingNomination_artwork_id_fkey(artwork_id: Int!): [Nomination]
  nominationUsingNomination_festival_id_fkey(festival_id: Int!): [Nomination]
}","query  {
  first: filtered_festival_detail(filter: {num_of_audience: {gt: 160}}) {
    location
    year
  }
  second: filtered_festival_detail(filter: {num_of_audience: {lt: 155}}) {
    location
    year
  }
}","query {
  festival_detailList {
    year
    location
    num_of_audience
    festival_id
  }
}",Unequal,N/A
"type Artwork {
  artwork_id: Int!
  name: String
  nomination: [Nomination]
  type: String
}
type Festival_detail {
  chair_name: String
  festival_id: Int!
  festival_name: String
  location: String
  nomination: [Nomination]
  num_of_audience: Int
  year: Int
}
type Nomination {
  artwork: Artwork
  artwork_id: Int!
  festival_detail: Festival_detail
  festival_id: Int!
  result: String
}
input StringFilter {
  eq: String
  like: String
}
input festival_id_Filter {
  eq: Int
}
input IntFilter {
  eq: Int
  ne: Int
  gt: Int
  lt: Int
}
input NominationFilter {
  result: StringFilter
  festival_id: festival_id_Filter
}
input Festival_detailFilter{
  num_of_audience: IntFilter
}
type Query {
  artwork(artwork_id: Int!): Artwork
  artworkList: [Artwork]
  artworkPaginatedList(first: Int, after: Int): [Artwork]
  artworkUsingNomination_artwork_id_fkey(artwork_id: Int!): Artwork
  festival_detail(festival_id: Int!): Festival_detail
  filtered_festival_detail(filter: Festival_detailFilter): [Festival_detail]
  festival_detailList: [Festival_detail]
  festival_detail_by_year(year: Int!): [Festival_detail]
  festival_detailUsingNomination_festival_id_fkey(
    festival_id: Int!
  ): Festival_detail
  nomination(artwork_id: Int!, festival_id: Int!): Nomination
  nominationList: [Nomination]
  filtered_nominationList(filter: NominationFilter): [Nomination]
  nominationPaginatedList(first: Int, after: Int): [Nomination]
  nominationUsingNomination_artwork_id_fkey(artwork_id: Int!): [Nomination]
  nominationUsingNomination_festival_id_fkey(festival_id: Int!): [Nomination]
}","query  {
  first: filtered_festival_detail(filter: {num_of_audience: {gt: 160}}) {
    location
    year
  }
  second: filtered_festival_detail(filter: {num_of_audience: {lt: 155}}) {
    location
    year
  }
}","query {
  festival_detailList {
    year
    location
    num_of_audience
    chair_name
  }
}",Unequal,N/A
"type Artwork {
  artwork_id: Int!
  name: String
  nomination: [Nomination]
  type: String
}
type Festival_detail {
  chair_name: String
  festival_id: Int!
  festival_name: String
  location: String
  nomination: [Nomination]
  num_of_audience: Int
  year: Int
}
type Nomination {
  artwork: Artwork
  artwork_id: Int!
  festival_detail: Festival_detail
  festival_id: Int!
  result: String
}
input StringFilter {
  eq: String
  like: String
}
input festival_id_Filter {
  eq: Int
}
input IntFilter {
  eq: Int
  ne: Int
  gt: Int
  lt: Int
}
input NominationFilter {
  result: StringFilter
  festival_id: festival_id_Filter
}
input Festival_detailFilter{
  num_of_audience: IntFilter
}
type Query {
  artwork(artwork_id: Int!): Artwork
  artworkList: [Artwork]
  artworkPaginatedList(first: Int, after: Int): [Artwork]
  artworkUsingNomination_artwork_id_fkey(artwork_id: Int!): Artwork
  festival_detail(festival_id: Int!): Festival_detail
  filtered_festival_detail(filter: Festival_detailFilter): [Festival_detail]
  festival_detailList: [Festival_detail]
  festival_detail_by_year(year: Int!): [Festival_detail]
  festival_detailUsingNomination_festival_id_fkey(
    festival_id: Int!
  ): Festival_detail
  nomination(artwork_id: Int!, festival_id: Int!): Nomination
  nominationList: [Nomination]
  filtered_nominationList(filter: NominationFilter): [Nomination]
  nominationPaginatedList(first: Int, after: Int): [Nomination]
  nominationUsingNomination_artwork_id_fkey(artwork_id: Int!): [Nomination]
  nominationUsingNomination_festival_id_fkey(festival_id: Int!): [Nomination]
}","query  {
  first: filtered_festival_detail(filter: {num_of_audience: {gt: 154}}) {
    location
    year
    nomination {
      artwork_id
      result
    }
  }
  second: filtered_festival_detail(filter: {num_of_audience: {lt: 167}}) {
    location
    year
    nomination {
      artwork_id
      result
    }
  }
}","query {
  festival_detailList {
    year
    location
    num_of_audience
    nomination {
      artwork_id
      result
    }
  }
  filtered_festival_detail(filter: {num_of_audience: {lt: 167}}) {
    year
    location
    num_of_audience
    nomination {
      artwork_id
      result
    }
  }
}",Unequal,N/A
"type Artwork {
  artwork_id: Int!
  name: String
  nomination: [Nomination]
  type: String
}
type Festival_detail {
  chair_name: String
  festival_id: Int!
  festival_name: String
  location: String
  nomination: [Nomination]
  num_of_audience: Int
  year: Int
}
type Nomination {
  artwork: Artwork
  artwork_id: Int!
  festival_detail: Festival_detail
  festival_id: Int!
  result: String
}
input StringFilter {
  eq: String
  like: String
}
input festival_id_Filter {
  eq: Int
}
input IntFilter {
  eq: Int
  ne: Int
  gt: Int
  lt: Int
}
input NominationFilter {
  result: StringFilter
  festival_id: festival_id_Filter
}
input Festival_detailFilter{
  num_of_audience: IntFilter
}
type Query {
  artwork(artwork_id: Int!): Artwork
  artworkList: [Artwork]
  artworkPaginatedList(first: Int, after: Int): [Artwork]
  artworkUsingNomination_artwork_id_fkey(artwork_id: Int!): Artwork
  festival_detail(festival_id: Int!): Festival_detail
  filtered_festival_detail(filter: Festival_detailFilter): [Festival_detail]
  festival_detailList: [Festival_detail]
  festival_detail_by_year(year: Int!): [Festival_detail]
  festival_detailUsingNomination_festival_id_fkey(
    festival_id: Int!
  ): Festival_detail
  nomination(artwork_id: Int!, festival_id: Int!): Nomination
  nominationList: [Nomination]
  filtered_nominationList(filter: NominationFilter): [Nomination]
  nominationPaginatedList(first: Int, after: Int): [Nomination]
  nominationUsingNomination_artwork_id_fkey(artwork_id: Int!): [Nomination]
  nominationUsingNomination_festival_id_fkey(festival_id: Int!): [Nomination]
}","query  {
  first: filtered_festival_detail(filter: {num_of_audience: {gt: 154}}) {
    location
    year
    nomination {
      artwork_id
      result
    }
  }
  second: filtered_festival_detail(filter: {num_of_audience: {lt: 167}}) {
    location
    year
    nomination {
      artwork_id
      result
    }
  }
}","query {
  festival_detailList {
    year
    location
    num_of_audience
    nomination {
      artwork_id
      result
    }
  }
  filtered_festival_detail(filter: {num_of_audience: {gt: 154}}) {
    year
    location
    num_of_audience
    nomination {
      artwork_id
      result
    }
  }
}",Unequal,N/A
"type Artwork {
  artwork_id: Int!
  name: String
  nomination: [Nomination]
  type: String
}
type Festival_detail {
  chair_name: String
  festival_id: Int!
  festival_name: String
  location: String
  nomination: [Nomination]
  num_of_audience: Int
  year: Int
}
type Nomination {
  artwork: Artwork
  artwork_id: Int!
  festival_detail: Festival_detail
  festival_id: Int!
  result: String
}
input StringFilter {
  eq: String
  like: String
}
input festival_id_Filter {
  eq: Int
}
input IntFilter {
  eq: Int
  ne: Int
  gt: Int
  lt: Int
}
input NominationFilter {
  result: StringFilter
  festival_id: festival_id_Filter
}
input Festival_detailFilter{
  num_of_audience: IntFilter
}
type Query {
  artwork(artwork_id: Int!): Artwork
  artworkList: [Artwork]
  artworkPaginatedList(first: Int, after: Int): [Artwork]
  artworkUsingNomination_artwork_id_fkey(artwork_id: Int!): Artwork
  festival_detail(festival_id: Int!): Festival_detail
  filtered_festival_detail(filter: Festival_detailFilter): [Festival_detail]
  festival_detailList: [Festival_detail]
  festival_detail_by_year(year: Int!): [Festival_detail]
  festival_detailUsingNomination_festival_id_fkey(
    festival_id: Int!
  ): Festival_detail
  nomination(artwork_id: Int!, festival_id: Int!): Nomination
  nominationList: [Nomination]
  filtered_nominationList(filter: NominationFilter): [Nomination]
  nominationPaginatedList(first: Int, after: Int): [Nomination]
  nominationUsingNomination_artwork_id_fkey(artwork_id: Int!): [Nomination]
  nominationUsingNomination_festival_id_fkey(festival_id: Int!): [Nomination]
}","query  {
  first: filtered_festival_detail(filter: {num_of_audience: {gt: 156}}) {
    location
    year
    chair_name
  }
  second: filtered_festival_detail(filter: {num_of_audience: {lt: 157}}) {
    nomination {
      result
      artwork {
        artwork_id
        name
        type
      }
    }
  }
}","query {
  filtered_festival_detail(filter: {num_of_audience: {gt: 156}}) {
    location
    year
    chair_name
  }
  filtered_nominationList(filter: {result: {eq: ""WON""}, festival_id: {eq: 157}}) {
    artwork_id
    artwork {
      name
      type
    }
    result
  }
}",Unequal,N/A
"type Artwork {
  artwork_id: Int!
  name: String
  nomination: [Nomination]
  type: String
}
type Festival_detail {
  chair_name: String
  festival_id: Int!
  festival_name: String
  location: String
  nomination: [Nomination]
  num_of_audience: Int
  year: Int
}
type Nomination {
  artwork: Artwork
  artwork_id: Int!
  festival_detail: Festival_detail
  festival_id: Int!
  result: String
}
input StringFilter {
  eq: String
  like: String
}
input festival_id_Filter {
  eq: Int
}
input IntFilter {
  eq: Int
  ne: Int
  gt: Int
  lt: Int
}
input NominationFilter {
  result: StringFilter
  festival_id: festival_id_Filter
}
input Festival_detailFilter{
  num_of_audience: IntFilter
}
type Query {
  artwork(artwork_id: Int!): Artwork
  artworkList: [Artwork]
  artworkPaginatedList(first: Int, after: Int): [Artwork]
  artworkUsingNomination_artwork_id_fkey(artwork_id: Int!): Artwork
  festival_detail(festival_id: Int!): Festival_detail
  filtered_festival_detail(filter: Festival_detailFilter): [Festival_detail]
  festival_detailList: [Festival_detail]
  festival_detail_by_year(year: Int!): [Festival_detail]
  festival_detailUsingNomination_festival_id_fkey(
    festival_id: Int!
  ): Festival_detail
  nomination(artwork_id: Int!, festival_id: Int!): Nomination
  nominationList: [Nomination]
  filtered_nominationList(filter: NominationFilter): [Nomination]
  nominationPaginatedList(first: Int, after: Int): [Nomination]
  nominationUsingNomination_artwork_id_fkey(artwork_id: Int!): [Nomination]
  nominationUsingNomination_festival_id_fkey(festival_id: Int!): [Nomination]
}","query  {
  first: festival_detail_by_year(year: 2007) {
    chair_name
    nomination {
      result
    }
  }
  second: festival_detail_by_year(year: 2008) {
    location
    num_of_audience
  }
}","query {
  festival_detail_by_year(year: 2007) {
    chair_name
    nomination {
      result
    }
  }
}",Unequal,N/A
"type Artwork {
  artwork_id: Int!
  name: String
  nomination: [Nomination]
  type: String
}
type Festival_detail {
  chair_name: String
  festival_id: Int!
  festival_name: String
  location: String
  nomination: [Nomination]
  num_of_audience: Int
  year: Int
}
type Nomination {
  artwork: Artwork
  artwork_id: Int!
  festival_detail: Festival_detail
  festival_id: Int!
  result: String
}
input StringFilter {
  eq: String
  like: String
}
input festival_id_Filter {
  eq: Int
}
input IntFilter {
  eq: Int
  ne: Int
  gt: Int
  lt: Int
}
input NominationFilter {
  result: StringFilter
  festival_id: festival_id_Filter
}
input Festival_detailFilter{
  num_of_audience: IntFilter
}
type Query {
  artwork(artwork_id: Int!): Artwork
  artworkList: [Artwork]
  artworkPaginatedList(first: Int, after: Int): [Artwork]
  artworkUsingNomination_artwork_id_fkey(artwork_id: Int!): Artwork
  festival_detail(festival_id: Int!): Festival_detail
  filtered_festival_detail(filter: Festival_detailFilter): [Festival_detail]
  festival_detailList: [Festival_detail]
  festival_detail_by_year(year: Int!): [Festival_detail]
  festival_detailUsingNomination_festival_id_fkey(
    festival_id: Int!
  ): Festival_detail
  nomination(artwork_id: Int!, festival_id: Int!): Nomination
  nominationList: [Nomination]
  filtered_nominationList(filter: NominationFilter): [Nomination]
  nominationPaginatedList(first: Int, after: Int): [Nomination]
  nominationUsingNomination_artwork_id_fkey(artwork_id: Int!): [Nomination]
  nominationUsingNomination_festival_id_fkey(festival_id: Int!): [Nomination]
}","query  {
  first: festival_detail_by_year(year: 2006) {
    nomination {
      result
    }
  }
  second: festival_detail_by_year(year: 2010) {
    nomination {
      result
    }
  }
}","query {
  nominationList {
    result
    festival_detail {
      year
    }
  }
}",Unequal,N/A
"type Artwork {
  artwork_id: Int!
  name: String
  nomination: [Nomination]
  type: String
}
type Festival_detail {
  chair_name: String
  festival_id: Int!
  festival_name: String
  location: String
  nomination: [Nomination]
  num_of_audience: Int
  year: Int
}
type Nomination {
  artwork: Artwork
  artwork_id: Int!
  festival_detail: Festival_detail
  festival_id: Int!
  result: String
}
input StringFilter {
  eq: String
  like: String
}
input festival_id_Filter {
  eq: Int
}
input IntFilter {
  eq: Int
  ne: Int
  gt: Int
  lt: Int
}
input NominationFilter {
  result: StringFilter
  festival_id: festival_id_Filter
}
input Festival_detailFilter{
  num_of_audience: IntFilter
}
type Query {
  artwork(artwork_id: Int!): Artwork
  artworkList: [Artwork]
  artworkPaginatedList(first: Int, after: Int): [Artwork]
  artworkUsingNomination_artwork_id_fkey(artwork_id: Int!): Artwork
  festival_detail(festival_id: Int!): Festival_detail
  filtered_festival_detail(filter: Festival_detailFilter): [Festival_detail]
  festival_detailList: [Festival_detail]
  festival_detail_by_year(year: Int!): [Festival_detail]
  festival_detailUsingNomination_festival_id_fkey(
    festival_id: Int!
  ): Festival_detail
  nomination(artwork_id: Int!, festival_id: Int!): Nomination
  nominationList: [Nomination]
  filtered_nominationList(filter: NominationFilter): [Nomination]
  nominationPaginatedList(first: Int, after: Int): [Nomination]
  nominationUsingNomination_artwork_id_fkey(artwork_id: Int!): [Nomination]
  nominationUsingNomination_festival_id_fkey(festival_id: Int!): [Nomination]
}","query  {
  first: festival_detail_by_year(year: 2006) {
    nomination {
      result
    }
  }
  second: festival_detail_by_year(year: 2010) {
    nomination {
      result
    }
  }
}","query {
  nominationList {
    result
    festival_detail {
      year
    }
  }
}",Unequal,N/A
"type Artwork {
  artwork_id: Int!
  name: String
  nomination: [Nomination]
  type: String
}
type Festival_detail {
  chair_name: String
  festival_id: Int!
  festival_name: String
  location: String
  nomination: [Nomination]
  num_of_audience: Int
  year: Int
}
type Nomination {
  artwork: Artwork
  artwork_id: Int!
  festival_detail: Festival_detail
  festival_id: Int!
  result: String
}
input StringFilter {
  eq: String
  like: String
}
input festival_id_Filter {
  eq: Int
}
input IntFilter {
  eq: Int
  ne: Int
  gt: Int
  lt: Int
}
input NominationFilter {
  result: StringFilter
  festival_id: festival_id_Filter
}
input Festival_detailFilter{
  num_of_audience: IntFilter
}
type Query {
  artwork(artwork_id: Int!): Artwork
  artworkList: [Artwork]
  artworkPaginatedList(first: Int, after: Int): [Artwork]
  artworkUsingNomination_artwork_id_fkey(artwork_id: Int!): Artwork
  festival_detail(festival_id: Int!): Festival_detail
  filtered_festival_detail(filter: Festival_detailFilter): [Festival_detail]
  festival_detailList: [Festival_detail]
  festival_detail_by_year(year: Int!): [Festival_detail]
  festival_detailUsingNomination_festival_id_fkey(
    festival_id: Int!
  ): Festival_detail
  nomination(artwork_id: Int!, festival_id: Int!): Nomination
  nominationList: [Nomination]
  filtered_nominationList(filter: NominationFilter): [Nomination]
  nominationPaginatedList(first: Int, after: Int): [Nomination]
  nominationUsingNomination_artwork_id_fkey(artwork_id: Int!): [Nomination]
  nominationUsingNomination_festival_id_fkey(festival_id: Int!): [Nomination]
}","query  {
  first: festival_detail_by_year(year: 2006) {
    nomination {
      result
    }
  }
  second: festival_detail_by_year(year: 2010) {
    nomination {
      result
    }
  }
}","query {
  nominationList {
    result
    festival_detail {
      year
    }
  }
}",Unequal,N/A
"type Artwork {
  artwork_id: Int!
  name: String
  nomination: [Nomination]
  type: String
}
type Festival_detail {
  chair_name: String
  festival_id: Int!
  festival_name: String
  location: String
  nomination: [Nomination]
  num_of_audience: Int
  year: Int
}
type Nomination {
  artwork: Artwork
  artwork_id: Int!
  festival_detail: Festival_detail
  festival_id: Int!
  result: String
}
input StringFilter {
  eq: String
  like: String
}
input festival_id_Filter {
  eq: Int
}
input IntFilter {
  eq: Int
  ne: Int
  gt: Int
  lt: Int
}
input NominationFilter {
  result: StringFilter
  festival_id: festival_id_Filter
}
input Festival_detailFilter{
  num_of_audience: IntFilter
}
type Query {
  artwork(artwork_id: Int!): Artwork
  artworkList: [Artwork]
  artworkPaginatedList(first: Int, after: Int): [Artwork]
  artworkUsingNomination_artwork_id_fkey(artwork_id: Int!): Artwork
  festival_detail(festival_id: Int!): Festival_detail
  filtered_festival_detail(filter: Festival_detailFilter): [Festival_detail]
  festival_detailList: [Festival_detail]
  festival_detail_by_year(year: Int!): [Festival_detail]
  festival_detailUsingNomination_festival_id_fkey(
    festival_id: Int!
  ): Festival_detail
  nomination(artwork_id: Int!, festival_id: Int!): Nomination
  nominationList: [Nomination]
  filtered_nominationList(filter: NominationFilter): [Nomination]
  nominationPaginatedList(first: Int, after: Int): [Nomination]
  nominationUsingNomination_artwork_id_fkey(artwork_id: Int!): [Nomination]
  nominationUsingNomination_festival_id_fkey(festival_id: Int!): [Nomination]
}","query  {
  first: festival_detail_by_year(year: 2006) {
    nomination {
      result
    }
  }
  second: festival_detail_by_year(year: 2007) {
    nomination {
      result
    }
  }
  third: festival_detail_by_year(year: 2010) {
    nomination {
      result
    }
  }
}","query {
  nominationList {
    result
    festival_detail {
      year
    }
  }
}",Unequal,N/A
"type Artwork {
  artwork_id: Int!
  name: String
  nomination: [Nomination]
  type: String
}
type Festival_detail {
  chair_name: String
  festival_id: Int!
  festival_name: String
  location: String
  nomination: [Nomination]
  num_of_audience: Int
  year: Int
}
type Nomination {
  artwork: Artwork
  artwork_id: Int!
  festival_detail: Festival_detail
  festival_id: Int!
  result: String
}
input StringFilter {
  eq: String
  like: String
}
input festival_id_Filter {
  eq: Int
}
input IntFilter {
  eq: Int
  ne: Int
  gt: Int
  lt: Int
}
input NominationFilter {
  result: StringFilter
  festival_id: festival_id_Filter
}
input Festival_detailFilter{
  num_of_audience: IntFilter
}
type Query {
  artwork(artwork_id: Int!): Artwork
  artworkList: [Artwork]
  artworkPaginatedList(first: Int, after: Int): [Artwork]
  artworkUsingNomination_artwork_id_fkey(artwork_id: Int!): Artwork
  festival_detail(festival_id: Int!): Festival_detail
  filtered_festival_detail(filter: Festival_detailFilter): [Festival_detail]
  festival_detailList: [Festival_detail]
  festival_detail_by_year(year: Int!): [Festival_detail]
  festival_detailUsingNomination_festival_id_fkey(
    festival_id: Int!
  ): Festival_detail
  nomination(artwork_id: Int!, festival_id: Int!): Nomination
  nominationList: [Nomination]
  filtered_nominationList(filter: NominationFilter): [Nomination]
  nominationPaginatedList(first: Int, after: Int): [Nomination]
  nominationUsingNomination_artwork_id_fkey(artwork_id: Int!): [Nomination]
  nominationUsingNomination_festival_id_fkey(festival_id: Int!): [Nomination]
}","query  {
  filtered_nominationList(filter: {result: {eq: ""Won""}}) {
    artwork {
      artwork_id
      name
    }
    festival_detail {
      chair_name
      festival_name
      location
      num_of_audience
      year
    }
  }
}","query {
  nominationList {
    artwork {
      artwork_id
      name
    }
    festival_detail {
      festival_id
      festival_name
      location
      year
    }
  }
}",Unequal,N/A
"type Artwork {
  artwork_id: Int!
  name: String
  nomination: [Nomination]
  type: String
}
type Festival_detail {
  chair_name: String
  festival_id: Int!
  festival_name: String
  location: String
  nomination: [Nomination]
  num_of_audience: Int
  year: Int
}
type Nomination {
  artwork: Artwork
  artwork_id: Int!
  festival_detail: Festival_detail
  festival_id: Int!
  result: String
}
input StringFilter {
  eq: String
  like: String
}
input festival_id_Filter {
  eq: Int
}
input IntFilter {
  eq: Int
  ne: Int
  gt: Int
  lt: Int
}
input NominationFilter {
  result: StringFilter
  festival_id: festival_id_Filter
}
input Festival_detailFilter{
  num_of_audience: IntFilter
}
type Query {
  artwork(artwork_id: Int!): Artwork
  artworkList: [Artwork]
  artworkPaginatedList(first: Int, after: Int): [Artwork]
  artworkUsingNomination_artwork_id_fkey(artwork_id: Int!): Artwork
  festival_detail(festival_id: Int!): Festival_detail
  filtered_festival_detail(filter: Festival_detailFilter): [Festival_detail]
  festival_detailList: [Festival_detail]
  festival_detail_by_year(year: Int!): [Festival_detail]
  festival_detailUsingNomination_festival_id_fkey(
    festival_id: Int!
  ): Festival_detail
  nomination(artwork_id: Int!, festival_id: Int!): Nomination
  nominationList: [Nomination]
  filtered_nominationList(filter: NominationFilter): [Nomination]
  nominationPaginatedList(first: Int, after: Int): [Nomination]
  nominationUsingNomination_artwork_id_fkey(artwork_id: Int!): [Nomination]
  nominationUsingNomination_festival_id_fkey(festival_id: Int!): [Nomination]
}","query  {
  filtered_nominationList(filter: {result: {eq: ""Won""}}) {
    artwork {
      artwork_id
      name
    }
    festival_detail {
      chair_name
      festival_name
      location
      num_of_audience
      year
    }
  }
}","query {
  nominationList {
    artwork {
      artwork_id
      name
    }
    festival_detail {
      festival_id
      festival_name
      location
      year
    }
  }
}",Unequal,N/A
"type Artwork {
  artwork_id: Int!
  name: String
  nomination: [Nomination]
  type: String
}
type Festival_detail {
  chair_name: String
  festival_id: Int!
  festival_name: String
  location: String
  nomination: [Nomination]
  num_of_audience: Int
  year: Int
}
type Nomination {
  artwork: Artwork
  artwork_id: Int!
  festival_detail: Festival_detail
  festival_id: Int!
  result: String
}
input StringFilter {
  eq: String
  like: String
}
input festival_id_Filter {
  eq: Int
}
input IntFilter {
  eq: Int
  ne: Int
  gt: Int
  lt: Int
}
input NominationFilter {
  result: StringFilter
  festival_id: festival_id_Filter
}
input Festival_detailFilter{
  num_of_audience: IntFilter
}
type Query {
  artwork(artwork_id: Int!): Artwork
  artworkList: [Artwork]
  artworkPaginatedList(first: Int, after: Int): [Artwork]
  artworkUsingNomination_artwork_id_fkey(artwork_id: Int!): Artwork
  festival_detail(festival_id: Int!): Festival_detail
  filtered_festival_detail(filter: Festival_detailFilter): [Festival_detail]
  festival_detailList: [Festival_detail]
  festival_detail_by_year(year: Int!): [Festival_detail]
  festival_detailUsingNomination_festival_id_fkey(
    festival_id: Int!
  ): Festival_detail
  nomination(artwork_id: Int!, festival_id: Int!): Nomination
  nominationList: [Nomination]
  filtered_nominationList(filter: NominationFilter): [Nomination]
  nominationPaginatedList(first: Int, after: Int): [Nomination]
  nominationUsingNomination_artwork_id_fkey(artwork_id: Int!): [Nomination]
  nominationUsingNomination_festival_id_fkey(festival_id: Int!): [Nomination]
}","query  {
  filtered_nominationList(filter: {result: {eq: ""Won""}}) {
    artwork {
      artwork_id
      name
    }
    festival_detail {
      location
      year
    }
  }
}","query {
  nominationList {
    artwork {
      artwork_id
      name
    }
    festival_detail {
      year
      location
    }
  }
}",Unequal,N/A
"type Artwork {
  artwork_id: Int!
  name: String
  nomination: [Nomination]
  type: String
}
type Festival_detail {
  chair_name: String
  festival_id: Int!
  festival_name: String
  location: String
  nomination: [Nomination]
  num_of_audience: Int
  year: Int
}
type Nomination {
  artwork: Artwork
  artwork_id: Int!
  festival_detail: Festival_detail
  festival_id: Int!
  result: String
}
input StringFilter {
  eq: String
  like: String
}
input festival_id_Filter {
  eq: Int
}
input IntFilter {
  eq: Int
  ne: Int
  gt: Int
  lt: Int
}
input NominationFilter {
  result: StringFilter
  festival_id: festival_id_Filter
}
input Festival_detailFilter{
  num_of_audience: IntFilter
}
type Query {
  artwork(artwork_id: Int!): Artwork
  artworkList: [Artwork]
  artworkPaginatedList(first: Int, after: Int): [Artwork]
  artworkUsingNomination_artwork_id_fkey(artwork_id: Int!): Artwork
  festival_detail(festival_id: Int!): Festival_detail
  filtered_festival_detail(filter: Festival_detailFilter): [Festival_detail]
  festival_detailList: [Festival_detail]
  festival_detail_by_year(year: Int!): [Festival_detail]
  festival_detailUsingNomination_festival_id_fkey(
    festival_id: Int!
  ): Festival_detail
  nomination(artwork_id: Int!, festival_id: Int!): Nomination
  nominationList: [Nomination]
  filtered_nominationList(filter: NominationFilter): [Nomination]
  nominationPaginatedList(first: Int, after: Int): [Nomination]
  nominationUsingNomination_artwork_id_fkey(artwork_id: Int!): [Nomination]
  nominationUsingNomination_festival_id_fkey(festival_id: Int!): [Nomination]
}","query  {
  filtered_nominationList(filter: {result: {eq: ""Won""}}) {
    artwork {
      artwork_id
      name
    }
    festival_detail {
      location
      year
    }
  }
}","query {
  nominationList {
    artwork {
      artwork_id
      name
    }
    festival_detail {
      year
      location
    }
  }
}",Unequal,N/A
"type Artwork {
  artwork_id: Int!
  name: String
  nomination: [Nomination]
  type: String
}
type Festival_detail {
  chair_name: String
  festival_id: Int!
  festival_name: String
  location: String
  nomination: [Nomination]
  num_of_audience: Int
  year: Int
}
type Nomination {
  artwork: Artwork
  artwork_id: Int!
  festival_detail: Festival_detail
  festival_id: Int!
  result: String
}
input StringFilter {
  eq: String
  like: String
}
input festival_id_Filter {
  eq: Int
}
input IntFilter {
  eq: Int
  ne: Int
  gt: Int
  lt: Int
}
input NominationFilter {
  result: StringFilter
  festival_id: festival_id_Filter
}
input Festival_detailFilter{
  num_of_audience: IntFilter
}
type Query {
  artwork(artwork_id: Int!): Artwork
  artworkList: [Artwork]
  artworkPaginatedList(first: Int, after: Int): [Artwork]
  artworkUsingNomination_artwork_id_fkey(artwork_id: Int!): Artwork
  festival_detail(festival_id: Int!): Festival_detail
  filtered_festival_detail(filter: Festival_detailFilter): [Festival_detail]
  festival_detailList: [Festival_detail]
  festival_detail_by_year(year: Int!): [Festival_detail]
  festival_detailUsingNomination_festival_id_fkey(
    festival_id: Int!
  ): Festival_detail
  nomination(artwork_id: Int!, festival_id: Int!): Nomination
  nominationList: [Nomination]
  filtered_nominationList(filter: NominationFilter): [Nomination]
  nominationPaginatedList(first: Int, after: Int): [Nomination]
  nominationUsingNomination_artwork_id_fkey(artwork_id: Int!): [Nomination]
  nominationUsingNomination_festival_id_fkey(festival_id: Int!): [Nomination]
}","query  {
  filtered_nominationList(filter: {result: {eq: ""Won""}}) {
    artwork {
      artwork_id
      name
    }
    festival_detail {
      location
      year
    }
  }
}","query {
  nominationList {
    artwork {
      artwork_id
      name
    }
    festival_detail {
      year
      location
    }
  }
}",Unequal,N/A
"type Artwork {
  artwork_id: Int!
  name: String
  nomination: [Nomination]
  type: String
}
type Festival_detail {
  chair_name: String
  festival_id: Int!
  festival_name: String
  location: String
  nomination: [Nomination]
  num_of_audience: Int
  year: Int
}
type Nomination {
  artwork: Artwork
  artwork_id: Int!
  festival_detail: Festival_detail
  festival_id: Int!
  result: String
}
input StringFilter {
  eq: String
  like: String
}
input festival_id_Filter {
  eq: Int
}
input IntFilter {
  eq: Int
  ne: Int
  gt: Int
  lt: Int
}
input NominationFilter {
  result: StringFilter
  festival_id: festival_id_Filter
}
input Festival_detailFilter{
  num_of_audience: IntFilter
}
type Query {
  artwork(artwork_id: Int!): Artwork
  artworkList: [Artwork]
  artworkPaginatedList(first: Int, after: Int): [Artwork]
  artworkUsingNomination_artwork_id_fkey(artwork_id: Int!): Artwork
  festival_detail(festival_id: Int!): Festival_detail
  filtered_festival_detail(filter: Festival_detailFilter): [Festival_detail]
  festival_detailList: [Festival_detail]
  festival_detail_by_year(year: Int!): [Festival_detail]
  festival_detailUsingNomination_festival_id_fkey(
    festival_id: Int!
  ): Festival_detail
  nomination(artwork_id: Int!, festival_id: Int!): Nomination
  nominationList: [Nomination]
  filtered_nominationList(filter: NominationFilter): [Nomination]
  nominationPaginatedList(first: Int, after: Int): [Nomination]
  nominationUsingNomination_artwork_id_fkey(artwork_id: Int!): [Nomination]
  nominationUsingNomination_festival_id_fkey(festival_id: Int!): [Nomination]
}","query  {
  filtered_nominationList(filter: {result: {eq: ""Won""}}) {
    artwork {
      artwork_id
      name
    }
    festival_detail {
      location
      year
    }
  }
}","query {
  nominationList {
    artwork_id
    artwork {
      name
    }
    festival_detail {
      year
      location
    }
  }
}",Unequal,N/A
"type Accounts {
  account_no: ID
  address: String
  city: String
  client_status: String
  client_sub_status: String
  company: String
  country: String
  domestic_revenue: String
  employee_count: Float
  global_revenue: String
  industry: String
  sub_industry: String
}
type Contacts {
  address: String
  city: String
  company: String
  company_address: String
  company_city: String
  company_country: String
  country: String
  email_address: String
  first_name: String
  job_code: String
  job_description: String
  job_title: String
  last_name: String
  phone_number: String
  state: String
}
input StringFilter {
  like: String
}
input AccountsFilter {
  industry: StringFilter
  sub_industry: StringFilter
  city: StringFilter
}
input ContactsFilter {
  job_title: StringFilter
  state: StringFilter
  city: StringFilter
}
type Query {
  accountsList: [Accounts]
  accountsList_Filter(filter: AccountsFilter): [Accounts]
  accountsPaginatedList(first: Int, after: Int): [Accounts]
  contactsList: [Contacts]
  contactsList_Filter(filter: ContactsFilter): [Contacts]
  contactsPaginatedList(first: Int, after: Int): [Contacts]
}","query  {
  accountsList_Filter(filter: {city: {like: ""%Orlando%""}}) {
    account_no
    global_revenue
    domestic_revenue
    industry
  }
  contactsList_Filter(filter: {city: {like: ""%Orlando%""}}) {
    first_name
    last_name
    phone_number
    email_address
    job_title
  }
}","query {
  accountsList_Filter(filter: {city: {like: ""Orlando""}}) {
    account_no
    address
    city
    client_status
    client_sub_status
    company
    country
    domestic_revenue
    employee_count
    global_revenue
    industry
    sub_industry
  }
  contactsList_Filter(filter: {city: {like: ""Orlando""}}) {
    first_name
    last_name
    email_address
    phone_number
    job_title
  }
}",Unequal,N/A
